run,label,text_params,image_params,epoch,loss,val_i2t_r1,val_i2t_r5,val_i2t_r10,val_t2i_r1,gamma,hardest_negative_margin,grad_norm,seconds
fast,"1 qubit/type, 2 layers",1156525,159668,0,5.4565,0.009,0.041,0.079,0.0056,0.1001,-0.1984,0.0681,743.3
fast,"1 qubit/type, 2 layers",1156525,159668,1,5.0784,0.021,0.077,0.137,0.012,0.1804,-0.1804,0.2169,758.3
fast,"1 qubit/type, 2 layers",1156525,159668,2,4.829,0.032,0.108,0.169,0.0187,0.2203,-0.1638,0.2683,737.8
fast,"1 qubit/type, 2 layers",1156525,159668,3,4.6782,0.032,0.117,0.217,0.0209,0.2441,-0.1559,0.2962,766.7
fast,"1 qubit/type, 2 layers",1156525,159668,4,4.5668,0.045,0.156,0.253,0.0279,0.2627,-0.1497,0.3062,755.9
fast,"1 qubit/type, 2 layers",1156525,159668,5,4.4796,0.043,0.173,0.269,0.0327,0.278,-0.1458,0.3156,758.6
fast,"1 qubit/type, 2 layers",1156525,159668,6,4.402,0.042,0.195,0.292,0.0365,0.2925,-0.1451,0.3235,769.1
fast,"1 qubit/type, 2 layers",1156525,159668,7,4.3376,0.048,0.2,0.325,0.0403,0.3026,-0.1422,0.3304,785.2
fast,"1 qubit/type, 2 layers",1156525,159668,8,4.2853,0.058,0.208,0.322,0.0413,0.3115,-0.1399,0.3336,863.2
fast,"1 qubit/type, 2 layers",1156525,159668,9,4.2387,0.057,0.217,0.334,0.0429,0.3196,-0.1379,0.3407,751.6
fast,"1 qubit/type, 2 layers",1156525,159668,10,4.2035,0.053,0.234,0.344,0.0457,0.3244,-0.1337,0.3456,792.1
fast,"1 qubit/type, 2 layers",1156525,159668,11,4.1682,0.066,0.221,0.356,0.0499,0.3307,-0.132,0.3512,700.2
fast,"1 qubit/type, 2 layers",1156525,159668,12,4.1362,0.072,0.238,0.353,0.0504,0.3359,-0.1295,0.3558,720.1
fast,"1 qubit/type, 2 layers",1156525,159668,13,4.1097,0.068,0.241,0.36,0.0532,0.3402,-0.1282,0.3606,795.1
fast,"1 qubit/type, 2 layers",1156525,159668,14,4.0837,0.076,0.238,0.383,0.0578,0.3437,-0.1251,0.3668,732.0
fast,"1 qubit/type, 2 layers",1156525,159668,15,4.0569,0.077,0.252,0.388,0.0572,0.3477,-0.1241,0.3727,833.9
fast,"1 qubit/type, 2 layers",1156525,159668,16,4.0361,0.078,0.261,0.401,0.0606,0.3499,-0.1218,0.3726,792.9
fast,"1 qubit/type, 2 layers",1156525,159668,17,4.0225,0.079,0.263,0.397,0.0582,0.3528,-0.12,0.3801,837.1
fast,"1 qubit/type, 2 layers",1156525,159668,18,4.004,0.079,0.277,0.403,0.0626,0.3538,-0.1171,0.3816,851.7
fast,"1 qubit/type, 2 layers",1156525,159668,19,3.9871,0.086,0.28,0.406,0.0606,0.3568,-0.1161,0.3887,784.1
fast,"1 qubit/type, 2 layers",1156525,159668,20,3.966,0.09,0.301,0.423,0.0672,0.3593,-0.1147,0.3937,773.5
fast,"1 qubit/type, 2 layers",1156525,159668,21,3.9563,0.083,0.304,0.428,0.065,0.3609,-0.1135,0.405,766.7
fast,"1 qubit/type, 2 layers",1156525,159668,22,3.9412,0.08,0.301,0.435,0.0668,0.3633,-0.1124,0.3999,793.5
fast,"1 qubit/type, 2 layers",1156525,159668,23,3.9295,0.087,0.312,0.437,0.0672,0.364,-0.1117,0.4064,735.3
fast,"1 qubit/type, 2 layers",1156525,159668,24,3.9138,0.083,0.303,0.438,0.0674,0.3652,-0.1098,0.4126,729.1
fast,"1 qubit/type, 2 layers",1156525,159668,25,3.9043,0.077,0.302,0.444,0.0662,0.3667,-0.1088,0.4154,824.8
fast,"1 qubit/type, 2 layers",1156525,159668,26,3.8958,0.086,0.318,0.439,0.0752,0.3673,-0.108,0.418,807.3
fast,"1 qubit/type, 2 layers",1156525,159668,27,3.881,0.091,0.317,0.448,0.0668,0.3692,-0.1075,0.423,791.3
fast,"1 qubit/type, 2 layers",1156525,159668,28,3.8706,0.097,0.306,0.448,0.074,0.3707,-0.1063,0.4305,798.7
fast,"1 qubit/type, 2 layers",1156525,159668,29,3.8662,0.101,0.323,0.454,0.0738,0.3706,-0.106,0.4326,809.9
fast,"1 qubit/type, 2 layers",1156525,159668,30,3.8574,0.097,0.312,0.454,0.0742,0.372,-0.1052,0.4356,848.1
fast,"1 qubit/type, 2 layers",1156525,159668,31,3.8478,0.085,0.326,0.447,0.0724,0.3734,-0.105,0.4387,817.6
fast,"1 qubit/type, 2 layers",1156525,159668,32,3.8386,0.089,0.315,0.458,0.0766,0.375,-0.1049,0.4421,803.2
fast,"1 qubit/type, 2 layers",1156525,159668,33,3.8331,0.097,0.319,0.461,0.0784,0.3748,-0.1037,0.4452,775.2
fast,"1 qubit/type, 2 layers",1156525,159668,34,3.8234,0.1,0.343,0.46,0.0722,0.3754,-0.1033,0.4484,840.4
fast,"1 qubit/type, 2 layers",1156525,159668,35,3.818,0.108,0.326,0.46,0.075,0.3765,-0.1024,0.4515,899.0
fast,"1 qubit/type, 2 layers",1156525,159668,36,3.8081,0.098,0.32,0.457,0.073,0.3771,-0.1023,0.4562,779.3
fast,"1 qubit/type, 2 layers",1156525,159668,37,3.8046,0.093,0.323,0.473,0.075,0.3782,-0.1018,0.4571,800.8
fast,"1 qubit/type, 2 layers",1156525,159668,38,3.7936,0.104,0.315,0.47,0.072,0.3788,-0.101,0.465,789.1
fast,"1 qubit/type, 2 layers",1156525,159668,39,3.7931,0.112,0.334,0.461,0.0772,0.3788,-0.1004,0.465,739.5
fast,"1 qubit/type, 2 layers",1156525,159668,40,3.7832,0.1,0.321,0.46,0.0754,0.3801,-0.1008,0.4703,783.3
fast,"1 qubit/type, 2 layers",1156525,159668,41,3.7796,0.104,0.311,0.466,0.0768,0.38,-0.0999,0.4704,779.3
fast,"1 qubit/type, 2 layers",1156525,159668,42,3.7745,0.101,0.343,0.475,0.0812,0.3811,-0.1002,0.4771,783.1
fast,"1 qubit/type, 2 layers",1156525,159668,43,3.7697,0.104,0.318,0.48,0.072,0.3806,-0.0994,0.4756,825.2
fast,"1 qubit/type, 2 layers",1156525,159668,44,3.7583,0.108,0.327,0.471,0.0784,0.3813,-0.0998,0.4787,824.4
fast,"1 qubit/type, 2 layers",1156525,159668,45,3.7576,0.109,0.338,0.467,0.0786,0.3821,-0.0991,0.4762,758.5
fast,"1 qubit/type, 2 layers",1156525,159668,46,3.7531,0.107,0.333,0.458,0.0754,0.3828,-0.0994,0.484,765.3
fast,"1 qubit/type, 2 layers",1156525,159668,47,3.7508,0.112,0.339,0.49,0.0776,0.3823,-0.0989,0.4873,797.3
fast,"1 qubit/type, 2 layers",1156525,159668,48,3.7435,0.105,0.335,0.486,0.0758,0.3814,-0.0984,0.4879,791.8
fast,"1 qubit/type, 2 layers",1156525,159668,49,3.7388,0.108,0.332,0.476,0.0794,0.3819,-0.0983,0.4906,806.4
fast,"1 qubit/type, 2 layers",1156525,159668,50,3.7342,0.098,0.337,0.477,0.0802,0.3826,-0.0992,0.4943,738.9
fast,"1 qubit/type, 2 layers",1156525,159668,51,3.724,0.104,0.341,0.486,0.0824,0.3837,-0.0987,0.4921,775.7
fast,"1 qubit/type, 2 layers",1156525,159668,52,3.7251,0.108,0.331,0.487,0.0776,0.3839,-0.0977,0.5006,853.8
fast,"1 qubit/type, 2 layers",1156525,159668,53,3.7142,0.109,0.33,0.487,0.0796,0.3845,-0.0986,0.5007,744.0
fast,"1 qubit/type, 2 layers",1156525,159668,54,3.7149,0.11,0.341,0.485,0.0792,0.3837,-0.0974,0.5019,730.8
fast,"1 qubit/type, 2 layers",1156525,159668,55,3.7123,0.099,0.333,0.489,0.08,0.384,-0.0977,0.5005,728.2
fast,"1 qubit/type, 2 layers",1156525,159668,56,3.708,0.104,0.347,0.497,0.0843,0.384,-0.0974,0.501,761.7
fast,"1 qubit/type, 2 layers",1156525,159668,57,3.7069,0.112,0.364,0.495,0.082,0.3852,-0.0977,0.505,762.1
fast,"1 qubit/type, 2 layers",1156525,159668,58,3.7018,0.108,0.358,0.497,0.0835,0.385,-0.0973,0.5055,807.2
fast,"1 qubit/type, 2 layers",1156525,159668,59,3.702,0.102,0.334,0.488,0.0822,0.3846,-0.0975,0.5014,834.4
fast,"1 qubit/type, 2 layers",1156525,159668,60,3.6929,0.112,0.343,0.481,0.0818,0.3859,-0.0976,0.5063,738.1
fast,"1 qubit/type, 2 layers",1156525,159668,61,3.6944,0.11,0.34,0.496,0.0818,0.386,-0.0975,0.5074,867.1
fast,"1 qubit/type, 2 layers",1156525,159668,62,3.6915,0.12,0.333,0.482,0.0792,0.3857,-0.0978,0.5099,838.9
fast,"1 qubit/type, 2 layers",1156525,159668,63,3.6855,0.108,0.344,0.507,0.0812,0.3859,-0.097,0.5113,785.6
fast,"1 qubit/type, 2 layers",1156525,159668,64,3.6852,0.117,0.336,0.499,0.079,0.3857,-0.0964,0.5131,785.6
fast,"1 qubit/type, 2 layers",1156525,159668,65,3.6772,0.119,0.341,0.494,0.0802,0.3864,-0.0977,0.5118,817.9
fast,"1 qubit/type, 2 layers",1156525,159668,66,3.6799,0.123,0.339,0.49,0.0841,0.3867,-0.0974,0.5146,856.7
fast,"1 qubit/type, 2 layers",1156525,159668,67,3.676,0.118,0.331,0.5,0.0828,0.3863,-0.0973,0.5194,812.5
fast,"1 qubit/type, 2 layers",1156525,159668,68,3.6691,0.107,0.346,0.502,0.0828,0.3866,-0.0973,0.5157,843.0
fast,"1 qubit/type, 2 layers",1156525,159668,69,3.6655,0.111,0.324,0.498,0.0832,0.3865,-0.0976,0.5179,807.8
fast,"1 qubit/type, 2 layers",1156525,159668,70,3.6674,0.116,0.332,0.501,0.0835,0.3867,-0.0972,0.5185,786.2
fast,"1 qubit/type, 2 layers",1156525,159668,71,3.6626,0.116,0.349,0.482,0.0786,0.387,-0.0975,0.5238,813.5
fast,"1 qubit/type, 2 layers",1156525,159668,72,3.6564,0.103,0.326,0.486,0.0816,0.3866,-0.0974,0.5196,836.3
fast,"1 qubit/type, 2 layers",1156525,159668,73,3.658,0.121,0.343,0.497,0.0828,0.3878,-0.097,0.5224,806.3
fast,"1 qubit/type, 2 layers",1156525,159668,74,3.6543,0.106,0.342,0.497,0.0877,0.3877,-0.0971,0.5206,818.1
fast,"1 qubit/type, 2 layers",1156525,159668,75,3.6575,0.107,0.344,0.495,0.0861,0.3882,-0.0968,0.524,864.1
fast,"1 qubit/type, 2 layers",1156525,159668,76,3.655,0.107,0.349,0.495,0.0855,0.3881,-0.0971,0.5206,906.7
fast,"1 qubit/type, 2 layers",1156525,159668,77,3.648,0.112,0.343,0.483,0.0837,0.3886,-0.0972,0.5199,836.0
fast,"1 qubit/type, 2 layers",1156525,159668,78,3.6475,0.117,0.349,0.497,0.083,0.3884,-0.0966,0.5235,836.7
fast,"1 qubit/type, 2 layers",1156525,159668,79,3.6461,0.112,0.355,0.494,0.0851,0.3883,-0.0971,0.5234,831.0
fast,"1 qubit/type, 2 layers",1156525,159668,80,3.6434,0.116,0.349,0.495,0.0849,0.3888,-0.0975,0.524,812.5
fast,"1 qubit/type, 2 layers",1156525,159668,81,3.6366,0.112,0.343,0.488,0.0867,0.3888,-0.0974,0.5277,886.0
fast,"1 qubit/type, 2 layers",1156525,159668,82,3.6386,0.119,0.35,0.5,0.0857,0.3887,-0.0972,0.5285,814.3
fast,"1 qubit/type, 2 layers",1156525,159668,83,3.6361,0.109,0.346,0.507,0.0851,0.3884,-0.0972,0.5263,923.0
fast,"1 qubit/type, 2 layers",1156525,159668,84,3.6351,0.11,0.351,0.496,0.0859,0.3894,-0.0971,0.5241,870.1
fast,"1 qubit/type, 2 layers",1156525,159668,85,3.633,0.122,0.344,0.493,0.0873,0.3894,-0.0972,0.5304,843.4
fast,"1 qubit/type, 2 layers",1156525,159668,86,3.6266,0.114,0.343,0.492,0.0863,0.389,-0.0973,0.527,796.6
fast,"1 qubit/type, 2 layers",1156525,159668,87,3.6265,0.13,0.365,0.513,0.0861,0.3897,-0.0971,0.5276,766.3
fast,"1 qubit/type, 2 layers",1156525,159668,88,3.6239,0.115,0.36,0.505,0.0853,0.3904,-0.0976,0.5292,862.9
fast,"1 qubit/type, 2 layers",1156525,159668,89,3.6288,0.131,0.345,0.497,0.0851,0.3894,-0.0966,0.5309,753.6
fast,"1 qubit/type, 2 layers",1156525,159668,90,3.6244,0.122,0.351,0.492,0.0847,0.3898,-0.0974,0.5295,790.8
fast,"1 qubit/type, 2 layers",1156525,159668,91,3.6247,0.134,0.343,0.518,0.0885,0.3898,-0.097,0.5315,856.1
fast,"1 qubit/type, 2 layers",1156525,159668,92,3.6242,0.125,0.349,0.504,0.0887,0.3892,-0.0966,0.5342,890.5
fast,"1 qubit/type, 2 layers",1156525,159668,93,3.6177,0.128,0.344,0.494,0.0847,0.3908,-0.0972,0.5315,906.6
fast,"1 qubit/type, 2 layers",1156525,159668,94,3.6178,0.126,0.345,0.494,0.0855,0.3904,-0.0972,0.535,758.5
fast,"1 qubit/type, 2 layers",1156525,159668,95,3.6124,0.106,0.345,0.501,0.0828,0.3907,-0.0977,0.5388,790.1
fast,"1 qubit/type, 2 layers",1156525,159668,96,3.6163,0.12,0.341,0.505,0.0849,0.3903,-0.0966,0.5368,851.5
fast,"1 qubit/type, 2 layers",1156525,159668,97,3.6067,0.107,0.343,0.499,0.0869,0.3905,-0.0964,0.5354,812.9
fast,"1 qubit/type, 2 layers",1156525,159668,98,3.6109,0.11,0.346,0.5,0.0849,0.3903,-0.0968,0.5326,774.0
fast,"1 qubit/type, 2 layers",1156525,159668,99,3.6086,0.126,0.35,0.501,0.0863,0.3906,-0.0968,0.5383,833.6
fastn2,"2 qubits/type, 2 layers",1919023,159668,0,5.4387,0.007,0.04,0.068,0.0054,0.115,-0.1929,0.1137,17826.2
fastn2,"2 qubits/type, 2 layers",1919023,159668,0,5.4393,0.005,0.038,0.07,0.0058,0.1148,-0.1924,0.1093,5788.9
fastn2,"2 qubits/type, 2 layers",1919023,159668,1,5.054,0.015,0.077,0.132,0.0134,0.2009,-0.2037,0.3078,5661.1
fastn2,"2 qubits/type, 2 layers",1919023,159668,2,4.7727,0.032,0.112,0.189,0.0195,0.2553,-0.1853,0.2805,5564.7
fastn2,"2 qubits/type, 2 layers",1919023,159668,3,4.578,0.035,0.141,0.235,0.0247,0.286,-0.1698,0.2787,5546.6
fastn2,"2 qubits/type, 2 layers",1919023,159668,4,4.4533,0.049,0.176,0.28,0.0339,0.3054,-0.1585,0.2852,5470.1
fastn2,"2 qubits/type, 2 layers",1919023,159668,5,4.3479,0.058,0.2,0.318,0.0381,0.3207,-0.1493,0.293,5362.3
fastn2,"2 qubits/type, 2 layers",1919023,159668,6,4.2627,0.06,0.218,0.329,0.0455,0.3317,-0.1416,0.3028,5337.4
fastn2,"2 qubits/type, 2 layers",1919023,159668,7,4.1962,0.062,0.234,0.353,0.0504,0.3415,-0.136,0.3119,5328.6
fastn2,"2 qubits/type, 2 layers",1919023,159668,8,4.1387,0.069,0.24,0.376,0.054,0.3485,-0.132,0.3196,5343.1
fastn2,"2 qubits/type, 2 layers",1919023,159668,9,4.0918,0.07,0.245,0.397,0.0618,0.3546,-0.1275,0.3257,5235.1
fastn2,"2 qubits/type, 2 layers",1919023,159668,10,4.0498,0.078,0.25,0.405,0.0616,0.36,-0.1255,0.3319,5222.2
fastn2,"2 qubits/type, 2 layers",1919023,159668,11,4.0123,0.079,0.273,0.421,0.0652,0.3655,-0.1228,0.3387,5263.3
fastn2,"2 qubits/type, 2 layers",1919023,159668,12,3.9755,0.088,0.279,0.424,0.0674,0.3698,-0.1213,0.344,5150.4
fastn2,"2 qubits/type, 2 layers",1919023,159668,13,3.9481,0.09,0.302,0.446,0.0678,0.3726,-0.118,0.3478,5236.1
fastn2,"2 qubits/type, 2 layers",1919023,159668,14,3.9171,0.089,0.306,0.454,0.071,0.3758,-0.1168,0.35,5177.9
fastn2,"2 qubits/type, 2 layers",1919023,159668,15,3.896,0.094,0.31,0.449,0.0714,0.3779,-0.1148,0.3546,5293.1
fastn2,"2 qubits/type, 2 layers",1919023,159668,16,3.8708,0.096,0.326,0.466,0.071,0.3823,-0.1133,0.3559,5161.8
fastn2,"2 qubits/type, 2 layers",1919023,159668,17,3.854,0.1,0.331,0.476,0.0782,0.3846,-0.1128,0.3594,5187.7
fastn2,"2 qubits/type, 2 layers",1919023,159668,18,3.8318,0.103,0.33,0.475,0.0746,0.3874,-0.1125,0.364,5283.3
fastn2,"2 qubits/type, 2 layers",1919023,159668,19,3.8149,0.101,0.333,0.477,0.076,0.389,-0.1111,0.3628,5290.2
fastn2,"2 qubits/type, 2 layers",1919023,159668,20,3.7989,0.104,0.298,0.46,0.0728,0.3911,-0.1103,0.3664,5276.8
fastn2,"2 qubits/type, 2 layers",1919023,159668,21,3.7827,0.1,0.336,0.469,0.0802,0.3929,-0.1095,0.37,5265.4
fastn2,"2 qubits/type, 2 layers",1919023,159668,22,3.7636,0.102,0.323,0.491,0.0786,0.3939,-0.1089,0.3722,5406.4
fastn2,"2 qubits/type, 2 layers",1919023,159668,23,3.7583,0.099,0.32,0.48,0.0814,0.396,-0.1086,0.3705,5268.5
fastn2,"2 qubits/type, 2 layers",1919023,159668,24,3.7448,0.105,0.33,0.487,0.0875,0.3965,-0.1081,0.3753,5368.9
fastn2,"2 qubits/type, 2 layers",1919023,159668,25,3.7225,0.105,0.352,0.478,0.0863,0.3973,-0.1066,0.3761,5354.7
fastn2,"2 qubits/type, 2 layers",1919023,159668,26,3.7108,0.103,0.338,0.494,0.0824,0.3994,-0.1074,0.3778,5253.1
fastn2,"2 qubits/type, 2 layers",1919023,159668,27,3.7016,0.108,0.329,0.495,0.083,0.4009,-0.1073,0.3794,5443.3
fastn2,"2 qubits/type, 2 layers",1919023,159668,28,3.6916,0.108,0.337,0.496,0.0826,0.4021,-0.1067,0.3836,6050.8
fastn2,"2 qubits/type, 2 layers",1919023,159668,29,3.6776,0.093,0.353,0.502,0.0867,0.4027,-0.1067,0.3818,6595.6
fastn2,"2 qubits/type, 2 layers",1919023,159668,30,3.6714,0.114,0.345,0.499,0.0851,0.404,-0.1061,0.3855,6683.8
fastn2,"2 qubits/type, 2 layers",1919023,159668,31,3.6619,0.108,0.344,0.506,0.0865,0.4041,-0.106,0.3889,6533.5
fastn2,"2 qubits/type, 2 layers",1919023,159668,32,3.6544,0.098,0.344,0.506,0.0865,0.4056,-0.1057,0.387,6426.0
fastn2,"2 qubits/type, 2 layers",1919023,159668,33,3.6422,0.102,0.339,0.503,0.0893,0.406,-0.1054,0.3899,6084.3
fastn2,"2 qubits/type, 2 layers",1919023,159668,34,3.6368,0.108,0.348,0.504,0.0909,0.4063,-0.1052,0.3898,6140.5
fastn2,"2 qubits/type, 2 layers",1919023,159668,35,3.6309,0.098,0.334,0.504,0.0915,0.4076,-0.1052,0.392,6285.4
fastn2,"2 qubits/type, 2 layers",1919023,159668,36,3.617,0.114,0.342,0.5,0.0905,0.4081,-0.1058,0.3924,6309.0
fastn2,"2 qubits/type, 2 layers",1919023,159668,37,3.6113,0.107,0.347,0.495,0.0901,0.4085,-0.1045,0.3937,6222.0
fastn2,"2 qubits/type, 2 layers",1919023,159668,38,3.6048,0.11,0.345,0.501,0.0919,0.4087,-0.1045,0.3944,6028.9
fastn2,"2 qubits/type, 2 layers",1919023,159668,39,3.5992,0.095,0.344,0.508,0.0907,0.41,-0.105,0.3945,5888.8
fastn2,"2 qubits/type, 2 layers",1919023,159668,40,3.5915,0.106,0.352,0.498,0.0927,0.4107,-0.1042,0.3973,6075.0
fastn2,"2 qubits/type, 2 layers",1919023,159668,41,3.5836,0.105,0.348,0.51,0.0941,0.4111,-0.1042,0.3962,6082.5
fastn2,"2 qubits/type, 2 layers",1919023,159668,42,3.5782,0.113,0.353,0.501,0.0897,0.4108,-0.1047,0.4002,6246.7
fastn2,"2 qubits/type, 2 layers",1919023,159668,43,3.5709,0.097,0.348,0.5,0.0949,0.412,-0.1048,0.398,6199.9
fastn2,"2 qubits/type, 2 layers",1919023,159668,44,3.5669,0.11,0.339,0.521,0.0949,0.4132,-0.1041,0.3997,6212.5
fastn2,"2 qubits/type, 2 layers",1919023,159668,45,3.5607,0.1,0.363,0.505,0.0911,0.4125,-0.1044,0.3999,6012.6
fastn2,"2 qubits/type, 2 layers",1919023,159668,46,3.555,0.113,0.345,0.506,0.0917,0.4144,-0.1042,0.4016,6666.1
fastn2,"2 qubits/type, 2 layers",1919023,159668,47,3.5478,0.109,0.342,0.497,0.0931,0.4143,-0.1041,0.4007,6289.0
fastn2,"2 qubits/type, 2 layers",1919023,159668,48,3.5425,0.115,0.352,0.518,0.0931,0.4141,-0.1043,0.4002,5422.2
fastn2,"2 qubits/type, 2 layers",1919023,159668,49,3.5374,0.115,0.36,0.534,0.0895,0.4145,-0.104,0.4012,5531.6
fastn2,"2 qubits/type, 2 layers",1919023,159668,50,3.5305,0.117,0.362,0.513,0.0945,0.4152,-0.1039,0.4027,5577.5
fastn2,"2 qubits/type, 2 layers",1919023,159668,51,3.5306,0.115,0.36,0.504,0.0957,0.4145,-0.1034,0.401,5454.2
fastn2,"2 qubits/type, 2 layers",1919023,159668,52,3.5231,0.12,0.351,0.506,0.0943,0.4162,-0.1038,0.4051,5130.0
fastn2,"2 qubits/type, 2 layers",1919023,159668,53,3.5166,0.108,0.346,0.517,0.0987,0.4161,-0.1034,0.4049,5547.5
fastn2,"2 qubits/type, 2 layers",1919023,159668,54,3.5152,0.109,0.366,0.516,0.0939,0.4172,-0.104,0.4037,5385.7
fastn2,"2 qubits/type, 2 layers",1919023,159668,55,3.5085,0.124,0.351,0.514,0.0903,0.4167,-0.1037,0.4061,5313.8
fastn2,"2 qubits/type, 2 layers",1919023,159668,56,3.5025,0.111,0.36,0.505,0.0957,0.4168,-0.104,0.4056,5451.5
fastn2,"2 qubits/type, 2 layers",1919023,159668,57,3.4987,0.113,0.371,0.522,0.0933,0.4176,-0.1045,0.4097,5771.8
fastn2,"2 qubits/type, 2 layers",1919023,159668,58,3.4964,0.109,0.357,0.525,0.0951,0.4182,-0.1042,0.4059,5574.2
fastn2,"2 qubits/type, 2 layers",1919023,159668,59,3.4905,0.12,0.358,0.518,0.0935,0.4186,-0.1038,0.407,5397.2
fastn2,"2 qubits/type, 2 layers",1919023,159668,60,3.4895,0.131,0.371,0.518,0.0947,0.4183,-0.1032,0.4076,5393.6
fastn2,"2 qubits/type, 2 layers",1919023,159668,61,3.4836,0.126,0.372,0.517,0.0987,0.4192,-0.1031,0.4089,5399.8
fastn2,"2 qubits/type, 2 layers",1919023,159668,62,3.4776,0.122,0.367,0.514,0.0963,0.4195,-0.1029,0.4085,5405.9
fastn2,"2 qubits/type, 2 layers",1919023,159668,63,3.4778,0.127,0.371,0.521,0.0961,0.4201,-0.1027,0.4099,5444.0
fastn2,"2 qubits/type, 2 layers",1919023,159668,64,3.4699,0.114,0.374,0.525,0.0949,0.4205,-0.1027,0.4106,5447.3
fastn2,"2 qubits/type, 2 layers",1919023,159668,65,3.4609,0.135,0.382,0.528,0.0931,0.4204,-0.103,0.4111,5364.0
fastn2,"2 qubits/type, 2 layers",1919023,159668,66,3.4612,0.13,0.365,0.531,0.0979,0.4212,-0.1033,0.4096,5300.4
fastn2,"2 qubits/type, 2 layers",1919023,159668,67,3.4593,0.12,0.374,0.541,0.0975,0.4217,-0.1032,0.414,5352.4
fastn2,"2 qubits/type, 2 layers",1919023,159668,68,3.4524,0.123,0.377,0.522,0.1013,0.4228,-0.1027,0.4142,5409.2
fastn2,"2 qubits/type, 2 layers",1919023,159668,69,3.4545,0.124,0.366,0.518,0.1005,0.4227,-0.1025,0.4143,5418.8
fastn2,"2 qubits/type, 2 layers",1919023,159668,70,3.4502,0.127,0.358,0.517,0.1003,0.4234,-0.103,0.4158,5413.3
fastn2,"2 qubits/type, 2 layers",1919023,159668,71,3.4406,0.122,0.363,0.527,0.0923,0.4242,-0.1031,0.4191,5399.7
fastn2,"2 qubits/type, 2 layers",1919023,159668,72,3.4439,0.123,0.373,0.532,0.0967,0.4237,-0.1025,0.4155,5634.6
fastn2,"2 qubits/type, 2 layers",1919023,159668,73,3.4403,0.134,0.379,0.547,0.1017,0.4241,-0.102,0.4171,5676.6
fastn2,"2 qubits/type, 2 layers",1919023,159668,74,3.4342,0.124,0.369,0.536,0.0973,0.4243,-0.1022,0.4137,5587.6
fastn2,"2 qubits/type, 2 layers",1919023,159668,75,3.4263,0.123,0.364,0.533,0.0989,0.425,-0.1025,0.4173,5408.7
fastn2,"2 qubits/type, 2 layers",1919023,159668,76,3.4271,0.13,0.363,0.535,0.1027,0.4254,-0.1022,0.418,5386.1
fastn2,"2 qubits/type, 2 layers",1919023,159668,77,3.4224,0.121,0.381,0.525,0.1023,0.4261,-0.102,0.4198,5337.4
fastn2,"2 qubits/type, 2 layers",1919023,159668,78,3.4199,0.129,0.375,0.53,0.1027,0.4259,-0.102,0.4216,5318.6
fastn2,"2 qubits/type, 2 layers",1919023,159668,79,3.4148,0.136,0.372,0.54,0.1001,0.4269,-0.1018,0.4206,5474.7
fastn2,"2 qubits/type, 2 layers",1919023,159668,80,3.4095,0.122,0.386,0.536,0.0989,0.4271,-0.1019,0.4219,5301.2
fastn2,"2 qubits/type, 2 layers",1919023,159668,81,3.4093,0.133,0.361,0.533,0.1021,0.4271,-0.1016,0.4215,5186.6
fastn2,"2 qubits/type, 2 layers",1919023,159668,82,3.4031,0.133,0.376,0.535,0.1011,0.4271,-0.102,0.4221,5305.1
fastn2,"2 qubits/type, 2 layers",1919023,159668,83,3.4036,0.128,0.38,0.532,0.0981,0.427,-0.1014,0.422,5260.0
fastn2,"2 qubits/type, 2 layers",1919023,159668,84,3.3968,0.134,0.385,0.532,0.1007,0.4271,-0.1012,0.4214,5480.4
fastn2,"2 qubits/type, 2 layers",1919023,159668,85,3.3982,0.127,0.384,0.529,0.1007,0.428,-0.1011,0.4238,5481.5
fastn2,"2 qubits/type, 2 layers",1919023,159668,86,3.3879,0.128,0.375,0.529,0.0991,0.4278,-0.1011,0.4223,5455.1
fastn2,"2 qubits/type, 2 layers",1919023,159668,87,3.392,0.129,0.375,0.522,0.0985,0.4276,-0.1014,0.4231,5368.2
fastn2,"2 qubits/type, 2 layers",1919023,159668,88,3.3826,0.131,0.374,0.53,0.0997,0.4286,-0.1006,0.423,5517.6
fastn2,"2 qubits/type, 2 layers",1919023,159668,89,3.3822,0.134,0.383,0.538,0.0967,0.4286,-0.1006,0.4273,5453.9
fastn2,"2 qubits/type, 2 layers",1919023,159668,90,3.3761,0.129,0.362,0.525,0.1013,0.4291,-0.101,0.4258,5617.6
fastn2,"2 qubits/type, 2 layers",1919023,159668,91,3.3754,0.139,0.383,0.536,0.1043,0.4292,-0.1002,0.4258,5423.9
fastn2,"2 qubits/type, 2 layers",1919023,159668,92,3.3773,0.136,0.377,0.537,0.1039,0.4292,-0.1009,0.4255,5335.0
fastn2,"2 qubits/type, 2 layers",1919023,159668,93,3.3728,0.138,0.385,0.538,0.1033,0.429,-0.1007,0.4263,5174.2
fastn2,"2 qubits/type, 2 layers",1919023,159668,94,3.3678,0.133,0.391,0.535,0.1019,0.43,-0.1004,0.4256,5287.5
fastn2,"2 qubits/type, 2 layers",1919023,159668,95,3.3663,0.134,0.371,0.534,0.0993,0.4301,-0.1004,0.4288,5241.7
fastn2,"2 qubits/type, 2 layers",1919023,159668,96,3.3632,0.143,0.373,0.549,0.1041,0.43,-0.1006,0.4287,5257.7
fastn2,"2 qubits/type, 2 layers",1919023,159668,97,3.357,0.135,0.392,0.548,0.1021,0.4304,-0.1003,0.4248,5231.4
fastn2,"2 qubits/type, 2 layers",1919023,159668,98,3.359,0.142,0.394,0.53,0.1025,0.4306,-0.1007,0.4272,5281.2
fastn2,"2 qubits/type, 2 layers",1919023,159668,99,3.3537,0.135,0.379,0.538,0.1029,0.431,-0.1001,0.4277,5326.6
k2,"1 qubit/type, 2 layers, 2 captions per image",1156525,159668,0,5.7489,0.009,0.056,0.09,0.0086,0.134,-0.1879,0.0666,1364.1
k2,"1 qubit/type, 2 layers, 2 captions per image",1156525,159668,1,5.2708,0.018,0.095,0.166,0.0187,0.2141,-0.1536,0.1751,1389.3
k2,"1 qubit/type, 2 layers, 2 captions per image",1156525,159668,2,5.0109,0.028,0.121,0.221,0.0223,0.2501,-0.1383,0.2224,1461.4
k2,"1 qubit/type, 2 layers, 2 captions per image",1156525,159668,3,4.8605,0.042,0.163,0.256,0.0293,0.2702,-0.1306,0.2401,1383.0
k2,"1 qubit/type, 2 layers, 2 captions per image",1156525,159668,4,4.7494,0.044,0.196,0.299,0.0355,0.2874,-0.1254,0.2486,1390.6
k2,"1 qubit/type, 2 layers, 2 captions per image",1156525,159668,5,4.6625,0.055,0.203,0.323,0.0393,0.2999,-0.1229,0.2496,1435.9
k2,"1 qubit/type, 2 layers, 2 captions per image",1156525,159668,6,4.5984,0.059,0.204,0.325,0.0427,0.3102,-0.1218,0.2531,1454.4
k2,"1 qubit/type, 2 layers, 2 captions per image",1156525,159668,7,4.5445,0.067,0.234,0.344,0.0489,0.3185,-0.1213,0.2556,1453.0
k2,"1 qubit/type, 2 layers, 2 captions per image",1156525,159668,8,4.5002,0.069,0.241,0.357,0.0493,0.3248,-0.1194,0.2562,1433.8
k2,"1 qubit/type, 2 layers, 2 captions per image",1156525,159668,9,4.46,0.075,0.252,0.368,0.0522,0.3308,-0.1184,0.2579,1697.1
k2,"1 qubit/type, 2 layers, 2 captions per image",1156525,159668,10,4.4271,0.074,0.256,0.37,0.0548,0.3351,-0.1175,0.2609,1791.2
k2,"1 qubit/type, 2 layers, 2 captions per image",1156525,159668,11,4.3978,0.073,0.239,0.386,0.0558,0.339,-0.1164,0.2619,1697.2
k2,"1 qubit/type, 2 layers, 2 captions per image",1156525,159668,12,4.3707,0.076,0.262,0.395,0.0592,0.3426,-0.1156,0.264,1658.9
k2,"1 qubit/type, 2 layers, 2 captions per image",1156525,159668,13,4.3454,0.084,0.263,0.388,0.0608,0.3461,-0.1146,0.2653,1701.4
k2,"1 qubit/type, 2 layers, 2 captions per image",1156525,159668,14,4.3274,0.082,0.27,0.405,0.0604,0.3493,-0.114,0.2685,1704.2
k2,"1 qubit/type, 2 layers, 2 captions per image",1156525,159668,15,4.3055,0.09,0.274,0.427,0.0656,0.3518,-0.1138,0.269,1730.1
k2,"1 qubit/type, 2 layers, 2 captions per image",1156525,159668,16,4.2857,0.092,0.278,0.422,0.0656,0.3538,-0.1137,0.2703,1685.2
k2,"1 qubit/type, 2 layers, 2 captions per image",1156525,159668,17,4.2731,0.098,0.275,0.43,0.0652,0.3565,-0.1136,0.2738,1619.5
k2,"1 qubit/type, 2 layers, 2 captions per image",1156525,159668,18,4.2576,0.094,0.284,0.434,0.0704,0.358,-0.1134,0.271,1605.6
k2,"1 qubit/type, 2 layers, 2 captions per image",1156525,159668,19,4.2443,0.089,0.302,0.433,0.0656,0.3591,-0.1129,0.2734,1664.9
k2,"1 qubit/type, 2 layers, 2 captions per image",1156525,159668,20,4.2317,0.1,0.289,0.44,0.0642,0.3604,-0.1133,0.2736,1651.3
k2,"1 qubit/type, 2 layers, 2 captions per image",1156525,159668,21,4.2224,0.094,0.303,0.446,0.0662,0.3614,-0.1123,0.2762,1623.1
k2,"1 qubit/type, 2 layers, 2 captions per image",1156525,159668,22,4.2083,0.102,0.298,0.459,0.0684,0.3635,-0.1135,0.2771,1646.5
k2,"1 qubit/type, 2 layers, 2 captions per image",1156525,159668,23,4.2001,0.1,0.308,0.451,0.0688,0.3642,-0.1132,0.278,1678.8
k2,"1 qubit/type, 2 layers, 2 captions per image",1156525,159668,24,4.1908,0.1,0.308,0.443,0.0694,0.3649,-0.1127,0.2794,1646.0
k2,"1 qubit/type, 2 layers, 2 captions per image",1156525,159668,25,4.1824,0.103,0.289,0.447,0.069,0.3653,-0.1128,0.2787,1612.2
k2,"1 qubit/type, 2 layers, 2 captions per image",1156525,159668,26,4.1734,0.107,0.303,0.447,0.0684,0.3662,-0.113,0.279,1586.3
k2,"1 qubit/type, 2 layers, 2 captions per image",1156525,159668,27,4.1664,0.111,0.307,0.449,0.0686,0.367,-0.113,0.2805,1571.8
k2,"1 qubit/type, 2 layers, 2 captions per image",1156525,159668,28,4.1615,0.108,0.314,0.459,0.0698,0.3679,-0.1137,0.2819,1587.0
k2,"1 qubit/type, 2 layers, 2 captions per image",1156525,159668,29,4.1543,0.104,0.307,0.457,0.0668,0.3685,-0.1134,0.2789,1596.3
k2,"1 qubit/type, 2 layers, 2 captions per image",1156525,159668,30,4.1472,0.113,0.3,0.45,0.0708,0.3687,-0.1127,0.282,1628.9
k2,"1 qubit/type, 2 layers, 2 captions per image",1156525,159668,31,4.1424,0.097,0.321,0.455,0.0738,0.3689,-0.1126,0.2831,1595.5
k2,"1 qubit/type, 2 layers, 2 captions per image",1156525,159668,32,4.137,0.108,0.307,0.471,0.0734,0.3703,-0.1133,0.2854,1567.0
k2,"1 qubit/type, 2 layers, 2 captions per image",1156525,159668,33,4.1332,0.097,0.312,0.458,0.0746,0.3703,-0.1141,0.2846,1583.3
k2,"1 qubit/type, 2 layers, 2 captions per image",1156525,159668,34,4.1247,0.111,0.316,0.459,0.0728,0.3708,-0.1139,0.2848,1633.9
k2,"1 qubit/type, 2 layers, 2 captions per image",1156525,159668,35,4.1262,0.104,0.322,0.464,0.0702,0.3709,-0.1134,0.283,1716.4
k2,"1 qubit/type, 2 layers, 2 captions per image",1156525,159668,36,4.116,0.1,0.311,0.469,0.0686,0.3705,-0.1138,0.2849,1657.8
k2,"1 qubit/type, 2 layers, 2 captions per image",1156525,159668,37,4.1111,0.099,0.332,0.476,0.0746,0.3712,-0.1137,0.2853,1598.6
k2,"1 qubit/type, 2 layers, 2 captions per image",1156525,159668,38,4.1098,0.11,0.321,0.47,0.0736,0.3714,-0.1133,0.2857,1642.5
k2,"1 qubit/type, 2 layers, 2 captions per image",1156525,159668,39,4.1057,0.096,0.312,0.466,0.0754,0.372,-0.1136,0.2856,1824.0
k2,"1 qubit/type, 2 layers, 2 captions per image",1156525,159668,40,4.1018,0.109,0.311,0.473,0.0746,0.3723,-0.1139,0.2852,1797.1
k2,"1 qubit/type, 2 layers, 2 captions per image",1156525,159668,41,4.0951,0.098,0.328,0.474,0.0752,0.3732,-0.1143,0.2861,1647.4
k2,"1 qubit/type, 2 layers, 2 captions per image",1156525,159668,42,4.094,0.115,0.331,0.483,0.0752,0.3736,-0.1151,0.2881,1626.1
k2,"1 qubit/type, 2 layers, 2 captions per image",1156525,159668,43,4.0909,0.11,0.317,0.48,0.0766,0.3729,-0.1147,0.2872,1565.7
k2,"1 qubit/type, 2 layers, 2 captions per image",1156525,159668,44,4.0887,0.111,0.333,0.483,0.0756,0.3733,-0.1145,0.2866,1637.7
k2,"1 qubit/type, 2 layers, 2 captions per image",1156525,159668,45,4.0834,0.116,0.336,0.481,0.0736,0.3728,-0.1141,0.2864,1745.3
k2,"1 qubit/type, 2 layers, 2 captions per image",1156525,159668,46,4.0794,0.116,0.317,0.482,0.0774,0.3736,-0.1149,0.2877,1766.5
k2,"1 qubit/type, 2 layers, 2 captions per image",1156525,159668,47,4.0758,0.11,0.319,0.488,0.0742,0.3744,-0.115,0.2881,1572.8
k2,"1 qubit/type, 2 layers, 2 captions per image",1156525,159668,48,4.0761,0.118,0.328,0.478,0.0754,0.3738,-0.1154,0.2899,1672.4
k2,"1 qubit/type, 2 layers, 2 captions per image",1156525,159668,49,4.0716,0.118,0.326,0.478,0.0778,0.3749,-0.1156,0.2876,1764.8
k2,"1 qubit/type, 2 layers, 2 captions per image",1156525,159668,50,4.0687,0.109,0.322,0.491,0.0764,0.3747,-0.1154,0.2875,1733.6
k2,"1 qubit/type, 2 layers, 2 captions per image",1156525,159668,51,4.0675,0.117,0.34,0.487,0.0798,0.3748,-0.1152,0.2877,1710.6
k2,"1 qubit/type, 2 layers, 2 captions per image",1156525,159668,52,4.0635,0.107,0.329,0.494,0.0766,0.3753,-0.1158,0.2878,1711.9
k2,"1 qubit/type, 2 layers, 2 captions per image",1156525,159668,53,4.0597,0.105,0.345,0.502,0.0748,0.3757,-0.1159,0.2879,1648.5
k2,"1 qubit/type, 2 layers, 2 captions per image",1156525,159668,54,4.061,0.112,0.334,0.494,0.0784,0.375,-0.1159,0.288,1756.3
k2,"1 qubit/type, 2 layers, 2 captions per image",1156525,159668,55,4.0556,0.118,0.345,0.497,0.0774,0.3754,-0.1168,0.2892,1755.5
k2,"1 qubit/type, 2 layers, 2 captions per image",1156525,159668,56,4.0518,0.117,0.342,0.487,0.0748,0.3755,-0.1164,0.2905,1726.5
k2,"1 qubit/type, 2 layers, 2 captions per image",1156525,159668,57,4.0529,0.127,0.344,0.495,0.0798,0.3761,-0.1163,0.2883,1707.1
k2,"1 qubit/type, 2 layers, 2 captions per image",1156525,159668,58,4.0495,0.114,0.345,0.503,0.0768,0.3756,-0.117,0.2884,1610.8
k2,"1 qubit/type, 2 layers, 2 captions per image",1156525,159668,59,4.0475,0.117,0.337,0.503,0.078,0.3767,-0.1176,0.2913,1679.7
k2,"1 qubit/type, 2 layers, 2 captions per image",1156525,159668,60,4.0458,0.107,0.337,0.503,0.0794,0.3768,-0.1171,0.2874,1761.7
k2,"1 qubit/type, 2 layers, 2 captions per image",1156525,159668,61,4.0415,0.121,0.337,0.505,0.0792,0.3769,-0.1176,0.2902,1623.8
k2,"1 qubit/type, 2 layers, 2 captions per image",1156525,159668,62,4.0397,0.123,0.348,0.498,0.0766,0.3771,-0.1183,0.2878,1572.4
k2,"1 qubit/type, 2 layers, 2 captions per image",1156525,159668,63,4.0405,0.116,0.348,0.508,0.0752,0.3766,-0.1177,0.2888,1616.9
k2,"1 qubit/type, 2 layers, 2 captions per image",1156525,159668,64,4.0369,0.114,0.349,0.5,0.0786,0.3768,-0.1177,0.2904,1583.0
k2,"1 qubit/type, 2 layers, 2 captions per image",1156525,159668,65,4.0357,0.126,0.354,0.497,0.0812,0.3774,-0.1178,0.2902,1585.2
k2,"1 qubit/type, 2 layers, 2 captions per image",1156525,159668,66,4.0327,0.115,0.354,0.504,0.0804,0.3777,-0.1185,0.2917,1601.8
k2,"1 qubit/type, 2 layers, 2 captions per image",1156525,159668,67,4.0307,0.116,0.358,0.509,0.0816,0.3774,-0.1183,0.2921,1629.7
k2,"1 qubit/type, 2 layers, 2 captions per image",1156525,159668,68,4.0309,0.12,0.344,0.501,0.078,0.3778,-0.118,0.2911,1617.1
k2,"1 qubit/type, 2 layers, 2 captions per image",1156525,159668,69,4.0257,0.114,0.355,0.516,0.0736,0.3774,-0.1185,0.292,1683.1
k2,"1 qubit/type, 2 layers, 2 captions per image",1156525,159668,70,4.0271,0.129,0.352,0.512,0.0792,0.3781,-0.1193,0.2918,1686.4
k2,"1 qubit/type, 2 layers, 2 captions per image",1156525,159668,71,4.0214,0.117,0.363,0.511,0.0812,0.3786,-0.1191,0.2903,1681.2
k2,"1 qubit/type, 2 layers, 2 captions per image",1156525,159668,72,4.0231,0.129,0.35,0.5,0.0798,0.3786,-0.1187,0.2908,1679.5
k2,"1 qubit/type, 2 layers, 2 captions per image",1156525,159668,73,4.0202,0.107,0.357,0.506,0.0806,0.3784,-0.1185,0.2938,1665.3
k2,"1 qubit/type, 2 layers, 2 captions per image",1156525,159668,74,4.0186,0.125,0.355,0.517,0.0794,0.3787,-0.1187,0.2923,1590.8
k2,"1 qubit/type, 2 layers, 2 captions per image",1156525,159668,75,4.0184,0.128,0.364,0.511,0.0782,0.379,-0.1186,0.2909,1699.7
k2,"1 qubit/type, 2 layers, 2 captions per image",1156525,159668,76,4.0173,0.124,0.356,0.51,0.0808,0.379,-0.1192,0.2919,1598.1
k2,"1 qubit/type, 2 layers, 2 captions per image",1156525,159668,77,4.0129,0.129,0.362,0.511,0.0804,0.3797,-0.1201,0.2923,1678.2
k2,"1 qubit/type, 2 layers, 2 captions per image",1156525,159668,78,4.0142,0.123,0.365,0.511,0.0804,0.3791,-0.1194,0.2911,1729.7
k2,"1 qubit/type, 2 layers, 2 captions per image",1156525,159668,79,4.0133,0.125,0.378,0.52,0.0837,0.3792,-0.1187,0.2909,1638.8
k2,"1 qubit/type, 2 layers, 2 captions per image",1156525,159668,80,4.012,0.12,0.345,0.516,0.0837,0.3799,-0.1201,0.2926,1710.9
k2,"1 qubit/type, 2 layers, 2 captions per image",1156525,159668,81,4.01,0.126,0.363,0.501,0.0788,0.3792,-0.1193,0.2921,1543.9
k2,"1 qubit/type, 2 layers, 2 captions per image",1156525,159668,82,4.0096,0.129,0.355,0.521,0.0824,0.38,-0.1203,0.2913,1363.4
k2,"1 qubit/type, 2 layers, 2 captions per image",1156525,159668,83,4.0087,0.128,0.366,0.522,0.0818,0.3794,-0.1198,0.2924,1411.4
k2,"1 qubit/type, 2 layers, 2 captions per image",1156525,159668,84,4.0067,0.133,0.355,0.51,0.0806,0.3798,-0.1207,0.2916,1406.2
k2,"1 qubit/type, 2 layers, 2 captions per image",1156525,159668,85,4.0056,0.124,0.349,0.516,0.0794,0.3792,-0.12,0.294,1393.0
k2,"1 qubit/type, 2 layers, 2 captions per image",1156525,159668,86,4.0033,0.122,0.366,0.51,0.0816,0.38,-0.1205,0.2919,1396.4
k2,"1 qubit/type, 2 layers, 2 captions per image",1156525,159668,87,4.0016,0.125,0.355,0.508,0.0792,0.3794,-0.1203,0.291,1390.9
k2,"1 qubit/type, 2 layers, 2 captions per image",1156525,159668,88,4.0042,0.124,0.351,0.502,0.082,0.3798,-0.1201,0.2936,1404.6
k2,"1 qubit/type, 2 layers, 2 captions per image",1156525,159668,89,3.9999,0.132,0.351,0.519,0.08,0.3806,-0.1209,0.2908,1386.7
k2,"1 qubit/type, 2 layers, 2 captions per image",1156525,159668,90,3.9981,0.125,0.367,0.516,0.079,0.3802,-0.1207,0.2919,1415.1
k2,"1 qubit/type, 2 layers, 2 captions per image",1156525,159668,91,3.9985,0.131,0.34,0.505,0.0808,0.3798,-0.121,0.2935,1453.2
k2,"1 qubit/type, 2 layers, 2 captions per image",1156525,159668,92,3.9987,0.124,0.355,0.513,0.08,0.3802,-0.1206,0.2946,1409.9
k2,"1 qubit/type, 2 layers, 2 captions per image",1156525,159668,93,3.9978,0.12,0.353,0.506,0.0806,0.3797,-0.1206,0.2928,1425.5
k2,"1 qubit/type, 2 layers, 2 captions per image",1156525,159668,94,3.9966,0.126,0.359,0.509,0.08,0.3807,-0.1208,0.293,1553.5
k2,"1 qubit/type, 2 layers, 2 captions per image",1156525,159668,95,3.9963,0.127,0.364,0.51,0.081,0.3806,-0.1213,0.2925,1381.0
k2,"1 qubit/type, 2 layers, 2 captions per image",1156525,159668,96,3.9941,0.136,0.367,0.509,0.0808,0.3803,-0.1203,0.292,1360.9
k2,"1 qubit/type, 2 layers, 2 captions per image",1156525,159668,97,3.9947,0.11,0.351,0.518,0.0782,0.3801,-0.1201,0.2925,1363.0
k2,"1 qubit/type, 2 layers, 2 captions per image",1156525,159668,98,3.9913,0.122,0.36,0.502,0.0824,0.3807,-0.1203,0.2907,1396.8
k2,"1 qubit/type, 2 layers, 2 captions per image",1156525,159668,99,3.9914,0.126,0.353,0.511,0.0824,0.3808,-0.1208,0.2939,1435.3
k5,"1 qubit/type, 2 layers, 5 captions per image",1156525,159668,0,6.1525,0.012,0.066,0.121,0.01,0.1604,-0.186,0.0574,4211.8
k5,"1 qubit/type, 2 layers, 5 captions per image",1156525,159668,1,5.5904,0.028,0.121,0.198,0.0241,0.246,-0.1591,0.128,3764.3
k5,"1 qubit/type, 2 layers, 5 captions per image",1156525,159668,2,5.3173,0.042,0.158,0.265,0.0301,0.2835,-0.1437,0.1475,3973.2
k5,"1 qubit/type, 2 layers, 5 captions per image",1156525,159668,3,5.1582,0.056,0.182,0.291,0.0369,0.3077,-0.1377,0.159,3907.6
k5,"1 qubit/type, 2 layers, 5 captions per image",1156525,159668,4,5.0451,0.06,0.192,0.324,0.0413,0.3241,-0.1328,0.1667,3911.0
k5,"1 qubit/type, 2 layers, 5 captions per image",1156525,159668,5,4.9602,0.062,0.214,0.344,0.0463,0.3364,-0.1291,0.1733,3882.3
k5,"1 qubit/type, 2 layers, 5 captions per image",1156525,159668,6,4.8931,0.078,0.229,0.364,0.052,0.3452,-0.1256,0.1803,3701.5
k5,"1 qubit/type, 2 layers, 5 captions per image",1156525,159668,7,4.8407,0.074,0.242,0.361,0.0568,0.352,-0.1227,0.1859,3750.5
k5,"1 qubit/type, 2 layers, 5 captions per image",1156525,159668,8,4.798,0.078,0.258,0.387,0.062,0.3566,-0.1194,0.1907,3695.2
k5,"1 qubit/type, 2 layers, 5 captions per image",1156525,159668,9,4.7624,0.083,0.259,0.402,0.0636,0.3601,-0.1165,0.1962,3694.5
k5,"1 qubit/type, 2 layers, 5 captions per image",1156525,159668,10,4.7317,0.079,0.272,0.423,0.0628,0.3624,-0.1133,0.2003,3726.1
k5,"1 qubit/type, 2 layers, 5 captions per image",1156525,159668,11,4.7051,0.081,0.276,0.431,0.0654,0.3652,-0.1111,0.2025,3673.9
k5,"1 qubit/type, 2 layers, 5 captions per image",1156525,159668,12,4.6821,0.089,0.276,0.428,0.0678,0.3676,-0.1091,0.2081,3724.0
k5,"1 qubit/type, 2 layers, 5 captions per image",1156525,159668,13,4.6605,0.096,0.291,0.427,0.0706,0.37,-0.1073,0.2125,3653.6
k5,"1 qubit/type, 2 layers, 5 captions per image",1156525,159668,14,4.6419,0.092,0.297,0.428,0.0722,0.3712,-0.1053,0.2166,3744.0
k5,"1 qubit/type, 2 layers, 5 captions per image",1156525,159668,15,4.6246,0.092,0.301,0.433,0.076,0.3731,-0.1044,0.2215,3728.9
k5,"1 qubit/type, 2 layers, 5 captions per image",1156525,159668,16,4.608,0.094,0.3,0.45,0.0732,0.3744,-0.1035,0.2264,3682.9
k5,"1 qubit/type, 2 layers, 5 captions per image",1156525,159668,17,4.5931,0.092,0.316,0.456,0.0738,0.3764,-0.1027,0.2297,3706.5
k5,"1 qubit/type, 2 layers, 5 captions per image",1156525,159668,18,4.5792,0.097,0.312,0.452,0.077,0.3774,-0.1015,0.2336,3674.2
k5,"1 qubit/type, 2 layers, 5 captions per image",1156525,159668,19,4.5656,0.094,0.315,0.458,0.0772,0.3785,-0.1011,0.2357,3717.3
k5,"1 qubit/type, 2 layers, 5 captions per image",1156525,159668,20,4.556,0.104,0.313,0.469,0.0826,0.3801,-0.1002,0.2383,3725.8
k5,"1 qubit/type, 2 layers, 5 captions per image",1156525,159668,21,4.5451,0.099,0.325,0.472,0.0802,0.3805,-0.0998,0.2436,3692.9
k5,"1 qubit/type, 2 layers, 5 captions per image",1156525,159668,22,4.536,0.089,0.33,0.472,0.0808,0.3819,-0.0994,0.2446,3761.0
k5,"1 qubit/type, 2 layers, 5 captions per image",1156525,159668,23,4.5266,0.095,0.336,0.485,0.0851,0.3825,-0.099,0.2467,3690.3
k5,"1 qubit/type, 2 layers, 5 captions per image",1156525,159668,24,4.518,0.115,0.335,0.488,0.081,0.3832,-0.0989,0.251,3729.5
k5,"1 qubit/type, 2 layers, 5 captions per image",1156525,159668,25,4.5102,0.109,0.335,0.489,0.0816,0.3832,-0.0982,0.2496,3722.2
k5,"1 qubit/type, 2 layers, 5 captions per image",1156525,159668,26,4.5022,0.117,0.335,0.503,0.0835,0.3841,-0.0982,0.2545,3662.1
k5,"1 qubit/type, 2 layers, 5 captions per image",1156525,159668,27,4.4952,0.112,0.334,0.499,0.082,0.3845,-0.0977,0.2561,3699.2
k5,"1 qubit/type, 2 layers, 5 captions per image",1156525,159668,28,4.489,0.111,0.314,0.487,0.0818,0.385,-0.0976,0.2591,3744.4
k5,"1 qubit/type, 2 layers, 5 captions per image",1156525,159668,29,4.4824,0.112,0.326,0.49,0.0853,0.3853,-0.0973,0.2587,3658.3
k5,"1 qubit/type, 2 layers, 5 captions per image",1156525,159668,30,4.4767,0.119,0.33,0.504,0.0835,0.3858,-0.0969,0.2585,3672.4
k5,"1 qubit/type, 2 layers, 5 captions per image",1156525,159668,31,4.4699,0.113,0.326,0.498,0.0849,0.3864,-0.0971,0.264,3710.1
k5,"1 qubit/type, 2 layers, 5 captions per image",1156525,159668,32,4.4655,0.112,0.327,0.498,0.0845,0.3867,-0.0972,0.2674,3676.3
k5,"1 qubit/type, 2 layers, 5 captions per image",1156525,159668,33,4.4596,0.116,0.324,0.491,0.082,0.3868,-0.097,0.2656,3782.3
k5,"1 qubit/type, 2 layers, 5 captions per image",1156525,159668,34,4.4546,0.125,0.328,0.488,0.0871,0.3872,-0.097,0.2679,3895.2
k5,"1 qubit/type, 2 layers, 5 captions per image",1156525,159668,35,4.4502,0.116,0.336,0.495,0.0843,0.3877,-0.0968,0.2687,3798.6
k5,"1 qubit/type, 2 layers, 5 captions per image",1156525,159668,36,4.4455,0.124,0.329,0.492,0.0841,0.3879,-0.0965,0.2681,3805.0
k5,"1 qubit/type, 2 layers, 5 captions per image",1156525,159668,37,4.4414,0.121,0.313,0.497,0.0855,0.3878,-0.0968,0.2701,3811.9
k5,"1 qubit/type, 2 layers, 5 captions per image",1156525,159668,38,4.437,0.129,0.323,0.506,0.0822,0.3878,-0.0967,0.2695,3868.7
k5,"1 qubit/type, 2 layers, 5 captions per image",1156525,159668,39,4.4334,0.122,0.314,0.497,0.0828,0.3888,-0.0968,0.2725,3787.8
k5,"1 qubit/type, 2 layers, 5 captions per image",1156525,159668,40,4.4295,0.121,0.33,0.501,0.0851,0.3891,-0.0968,0.273,3738.7
k5,"1 qubit/type, 2 layers, 5 captions per image",1156525,159668,41,4.4265,0.127,0.343,0.496,0.0861,0.3893,-0.0965,0.2756,4097.0
k5,"1 qubit/type, 2 layers, 5 captions per image",1156525,159668,42,4.422,0.119,0.332,0.488,0.0871,0.3902,-0.0973,0.2782,3939.6
k5,"1 qubit/type, 2 layers, 5 captions per image",1156525,159668,43,4.419,0.123,0.333,0.49,0.0843,0.3897,-0.0971,0.2744,3855.0
k5,"1 qubit/type, 2 layers, 5 captions per image",1156525,159668,44,4.4152,0.12,0.32,0.489,0.0863,0.3901,-0.0969,0.2743,3946.8
k5,"1 qubit/type, 2 layers, 5 captions per image",1156525,159668,45,4.4123,0.123,0.33,0.495,0.0877,0.39,-0.0971,0.2745,3973.4
k5,"1 qubit/type, 2 layers, 5 captions per image",1156525,159668,46,4.4097,0.118,0.347,0.496,0.0853,0.39,-0.0971,0.2781,3991.6
k5,"1 qubit/type, 2 layers, 5 captions per image",1156525,159668,47,4.4054,0.11,0.333,0.496,0.0859,0.3906,-0.0975,0.2788,3845.2
k5,"1 qubit/type, 2 layers, 5 captions per image",1156525,159668,48,4.4034,0.116,0.327,0.504,0.0871,0.3906,-0.0969,0.2801,4592.2
k5,"1 qubit/type, 2 layers, 5 captions per image",1156525,159668,49,4.4001,0.122,0.338,0.502,0.0883,0.39,-0.0971,0.2783,5220.9
k5,"1 qubit/type, 2 layers, 5 captions per image",1156525,159668,50,4.3974,0.124,0.349,0.501,0.0847,0.3906,-0.0974,0.2804,5237.6
k5,"1 qubit/type, 2 layers, 5 captions per image",1156525,159668,51,4.3954,0.118,0.338,0.507,0.0877,0.3911,-0.0973,0.2793,5103.2
k5,"1 qubit/type, 2 layers, 5 captions per image",1156525,159668,52,4.3923,0.121,0.33,0.5,0.0851,0.3909,-0.0974,0.2832,3763.3
long,"1 qubit/type, 2 layers (reference executor)",1156525,159668,0,5.4562,0.009,0.043,0.08,0.0058,0.1002,-0.1985,0.0687,14854.2
long,"1 qubit/type, 2 layers (reference executor)",1156525,159668,1,5.0782,0.014,0.078,0.13,0.0134,0.181,-0.1814,0.2131,12548.9
long,"1 qubit/type, 2 layers (reference executor)",1156525,159668,2,4.8294,0.03,0.109,0.176,0.0177,0.2201,-0.1644,0.2742,10374.7
long,"1 qubit/type, 2 layers (reference executor)",1156525,159668,3,4.679,0.031,0.114,0.211,0.0219,0.2437,-0.1562,0.2987,10056.6
long,"1 qubit/type, 2 layers (reference executor)",1156525,159668,4,4.5677,0.042,0.155,0.245,0.0287,0.2624,-0.1501,0.3087,10003.5
long,"1 qubit/type, 2 layers (reference executor)",1156525,159668,5,4.4804,0.04,0.173,0.268,0.0335,0.2777,-0.1458,0.3181,11363.0
long,"1 qubit/type, 2 layers (reference executor)",1156525,159668,6,4.4026,0.042,0.19,0.295,0.0375,0.2923,-0.1449,0.3253,12647.3
long,"1 qubit/type, 2 layers (reference executor)",1156525,159668,7,4.3382,0.051,0.201,0.326,0.0411,0.3022,-0.1421,0.3316,12144.9
long,"1 qubit/type, 2 layers (reference executor)",1156525,159668,8,4.2855,0.056,0.217,0.318,0.0403,0.3112,-0.1397,0.3349,13261.9
long,"1 qubit/type, 2 layers (reference executor)",1156525,159668,9,4.2391,0.058,0.218,0.334,0.0435,0.3193,-0.1378,0.3412,10318.3
long,"1 qubit/type, 2 layers (reference executor)",1156525,159668,10,4.2038,0.057,0.23,0.345,0.0457,0.3241,-0.1335,0.3458,11158.2
long,"1 qubit/type, 2 layers (reference executor)",1156525,159668,11,4.1687,0.065,0.221,0.355,0.051,0.3304,-0.1316,0.3512,9851.7
long,"1 qubit/type, 2 layers (reference executor)",1156525,159668,12,4.1365,0.068,0.238,0.356,0.0499,0.3356,-0.1291,0.3561,12170.1
long,"1 qubit/type, 2 layers (reference executor)",1156525,159668,13,4.1096,0.072,0.245,0.359,0.0538,0.3401,-0.128,0.3606,11073.8
long,"1 qubit/type, 2 layers (reference executor)",1156525,159668,14,4.0838,0.075,0.241,0.378,0.059,0.3435,-0.1247,0.3668,11588.1
long,"1 qubit/type, 2 layers (reference executor)",1156525,159668,15,4.057,0.078,0.258,0.391,0.058,0.3475,-0.1238,0.372,11644.3
long,"1 qubit/type, 2 layers (reference executor)",1156525,159668,16,4.0361,0.081,0.259,0.402,0.0618,0.3497,-0.1215,0.373,11305.4
long,"1 qubit/type, 2 layers (reference executor)",1156525,159668,17,4.0223,0.083,0.259,0.395,0.059,0.3527,-0.1198,0.3806,11383.4
long,"1 qubit/type, 2 layers (reference executor)",1156525,159668,18,4.0039,0.079,0.278,0.403,0.0624,0.3536,-0.117,0.3822,11184.3
long,"1 qubit/type, 2 layers (reference executor)",1156525,159668,19,3.987,0.085,0.281,0.407,0.0608,0.3566,-0.1159,0.3891,11167.9
long,"1 qubit/type, 2 layers (reference executor)",1156525,159668,20,3.966,0.092,0.302,0.422,0.0682,0.3591,-0.1144,0.3942,11404.4
long,"1 qubit/type, 2 layers (reference executor)",1156525,159668,21,3.9562,0.082,0.305,0.431,0.0632,0.3606,-0.1131,0.4007,12821.4
long,"1 qubit/type, 2 layers (reference executor)",1156525,159668,22,3.9412,0.079,0.304,0.434,0.068,0.3631,-0.1121,0.4003,12095.4
long,"1 qubit/type, 2 layers (reference executor)",1156525,159668,23,3.9294,0.094,0.311,0.439,0.0676,0.3639,-0.1115,0.4068,11146.6
long,"1 qubit/type, 2 layers (reference executor)",1156525,159668,24,3.9138,0.083,0.301,0.439,0.0662,0.365,-0.1095,0.4128,10415.8
long,"1 qubit/type, 2 layers (reference executor)",1156525,159668,25,3.9043,0.082,0.306,0.45,0.0672,0.3667,-0.1085,0.4156,10499.4
long,"1 qubit/type, 2 layers (reference executor)",1156525,159668,26,3.8954,0.088,0.315,0.444,0.0732,0.3673,-0.1078,0.4185,10444.3
long,"1 qubit/type, 2 layers (reference executor)",1156525,159668,27,3.8806,0.095,0.321,0.448,0.0684,0.3692,-0.1071,0.4234,10553.5
long,"1 qubit/type, 2 layers (reference executor)",1156525,159668,28,3.8701,0.097,0.311,0.449,0.0732,0.3707,-0.106,0.4305,10290.0
long,"1 qubit/type, 2 layers (reference executor)",1156525,159668,29,3.8657,0.099,0.316,0.458,0.0748,0.3704,-0.1057,0.4336,10092.3
long,"1 qubit/type, 2 layers (reference executor)",1156525,159668,30,3.8569,0.099,0.312,0.455,0.0736,0.3719,-0.105,0.4355,10622.0
long,"1 qubit/type, 2 layers (reference executor)",1156525,159668,31,3.8475,0.087,0.321,0.449,0.0736,0.3734,-0.1047,0.4391,9581.4
long,"1 qubit/type, 2 layers (reference executor)",1156525,159668,32,3.8382,0.09,0.311,0.46,0.076,0.375,-0.1047,0.4435,10896.0
long,"1 qubit/type, 2 layers (reference executor)",1156525,159668,33,3.8324,0.1,0.311,0.455,0.0776,0.3748,-0.1035,0.4461,11526.0
long,"1 qubit/type, 2 layers (reference executor)",1156525,159668,34,3.8227,0.104,0.347,0.468,0.0724,0.3755,-0.1032,0.4497,10631.7
long,"1 qubit/type, 2 layers (reference executor)",1156525,159668,35,3.8175,0.115,0.329,0.465,0.0754,0.3765,-0.1022,0.4525,10671.6
long,"1 qubit/type, 2 layers (reference executor)",1156525,159668,36,3.8076,0.093,0.318,0.467,0.073,0.3771,-0.102,0.4575,9610.6
long,"1 qubit/type, 2 layers (reference executor)",1156525,159668,37,3.8038,0.098,0.325,0.47,0.0762,0.3783,-0.1014,0.4581,13706.9
long,"1 qubit/type, 2 layers (reference executor)",1156525,159668,38,3.793,0.098,0.317,0.468,0.073,0.3788,-0.1007,0.4665,8549.9
long,"1 qubit/type, 2 layers (reference executor)",1156525,159668,39,3.7926,0.115,0.327,0.464,0.0772,0.3788,-0.1002,0.4657,8443.8
long,"1 qubit/type, 2 layers (reference executor)",1156525,159668,40,3.7825,0.101,0.323,0.468,0.0754,0.38,-0.1005,0.47,8530.7
long,"1 qubit/type, 2 layers (reference executor)",1156525,159668,41,3.7786,0.105,0.308,0.468,0.0784,0.3801,-0.0996,0.471,8966.8
long,"1 qubit/type, 2 layers (reference executor)",1156525,159668,42,3.7739,0.104,0.345,0.477,0.0808,0.381,-0.0998,0.4785,8856.7
long,"1 qubit/type, 2 layers (reference executor)",1156525,159668,43,3.7686,0.103,0.316,0.473,0.0728,0.3807,-0.0991,0.4765,8886.8
long,"1 qubit/type, 2 layers (reference executor)",1156525,159668,44,3.7572,0.104,0.329,0.475,0.0796,0.3813,-0.0995,0.4798,8386.2
long,"1 qubit/type, 2 layers (reference executor)",1156525,159668,45,3.7569,0.105,0.336,0.467,0.079,0.3822,-0.0989,0.4772,8257.1
long,"1 qubit/type, 2 layers (reference executor)",1156525,159668,46,3.7521,0.117,0.337,0.461,0.076,0.3829,-0.0992,0.4847,8297.4
long,"1 qubit/type, 2 layers (reference executor)",1156525,159668,47,3.75,0.108,0.347,0.49,0.077,0.3823,-0.0987,0.488,8370.9
long,"1 qubit/type, 2 layers (reference executor)",1156525,159668,48,3.7428,0.109,0.332,0.479,0.0756,0.3814,-0.0982,0.4922,8330.3
long,"1 qubit/type, 2 layers (reference executor)",1156525,159668,49,3.7379,0.109,0.331,0.473,0.0802,0.382,-0.0982,0.492,8418.8
long,"1 qubit/type, 2 layers (reference executor)",1156525,159668,50,3.7332,0.106,0.335,0.481,0.0816,0.3826,-0.0989,0.4955,8413.2
long,"1 qubit/type, 2 layers (reference executor)",1156525,159668,51,3.7228,0.108,0.337,0.489,0.0824,0.3837,-0.0985,0.4933,8524.0
long,"1 qubit/type, 2 layers (reference executor)",1156525,159668,52,3.7237,0.113,0.326,0.496,0.0772,0.384,-0.0976,0.5006,8425.3
long,"1 qubit/type, 2 layers (reference executor)",1156525,159668,53,3.7133,0.108,0.336,0.491,0.0788,0.3847,-0.0983,0.5013,8503.4
long,"1 qubit/type, 2 layers (reference executor)",1156525,159668,54,3.7139,0.115,0.338,0.481,0.0804,0.3839,-0.0972,0.5027,8751.6
long,"1 qubit/type, 2 layers (reference executor)",1156525,159668,55,3.7111,0.108,0.339,0.493,0.079,0.3839,-0.0975,0.5018,8660.7
long,"1 qubit/type, 2 layers (reference executor)",1156525,159668,56,3.7068,0.102,0.343,0.493,0.0845,0.3841,-0.0971,0.5019,8360.7
long,"1 qubit/type, 2 layers (reference executor)",1156525,159668,57,3.7057,0.117,0.358,0.505,0.0816,0.3854,-0.0976,0.5063,8309.5
long,"1 qubit/type, 2 layers (reference executor)",1156525,159668,58,3.7003,0.106,0.35,0.491,0.0822,0.3852,-0.0971,0.5066,8331.2
long,"1 qubit/type, 2 layers (reference executor)",1156525,159668,59,3.7008,0.101,0.333,0.488,0.0818,0.3846,-0.0974,0.5025,8403.0
n1l3,n1l3,1734787,159668,0,5.4161,0.008,0.03,0.061,0.0064,0.1095,-0.1851,0.0993,1430.0
n1l3,n1l3,1734787,159668,1,5.081,0.017,0.078,0.123,0.0104,0.181,-0.179,0.2474,1462.7
n1l3,n1l3,1734787,159668,2,4.8468,0.029,0.105,0.177,0.015,0.2258,-0.1648,0.3257,1389.6
n1l3,n1l3,1734787,159668,3,4.6788,0.027,0.134,0.212,0.0219,0.2548,-0.1574,0.368,1421.3
n1l3,n1l3,1734787,159668,4,4.5595,0.04,0.155,0.238,0.0261,0.2748,-0.1509,0.3791,1364.5
n1l3,n1l3,1734787,159668,5,4.4667,0.045,0.17,0.275,0.0301,0.2886,-0.1443,0.394,1391.8
n1l3,n1l3,1734787,159668,6,4.3944,0.059,0.188,0.288,0.0357,0.301,-0.1414,0.403,1397.7
n1l3,n1l3,1734787,159668,7,4.3286,0.056,0.209,0.302,0.0405,0.3094,-0.1373,0.4113,1393.0
n1l3,n1l3,1734787,159668,8,4.2816,0.058,0.206,0.324,0.0425,0.3179,-0.1324,0.4166,1315.4
n1l3,n1l3,1734787,159668,9,4.2328,0.07,0.228,0.335,0.0473,0.3239,-0.129,0.4149,1353.4
n1l3,n1l3,1734787,159668,10,4.196,0.064,0.219,0.348,0.0493,0.3301,-0.1253,0.4235,1358.5
n1l3,n1l3,1734787,159668,11,4.1576,0.071,0.225,0.346,0.0524,0.3334,-0.1228,0.4254,1352.7
n1l4,n1l4,2313049,159668,0,5.339,0.013,0.06,0.103,0.0092,0.1539,-0.1897,0.2085,1921.4
n1l4,n1l4,2313049,159668,1,4.9258,0.024,0.097,0.164,0.016,0.2192,-0.1774,0.3786,2020.8
n1l4,n1l4,2313049,159668,2,4.7239,0.039,0.108,0.185,0.0251,0.2547,-0.167,0.3849,1885.1
n1l4,n1l4,2313049,159668,3,4.5874,0.036,0.143,0.234,0.0287,0.2768,-0.1578,0.3884,1985.6
n1l4,n1l4,2313049,159668,4,4.4831,0.046,0.166,0.251,0.0317,0.2921,-0.1517,0.3918,1929.9
n1l4,n1l4,2313049,159668,5,4.4002,0.054,0.178,0.275,0.0339,0.3045,-0.1493,0.4057,1978.1
n1l4,n1l4,2313049,159668,6,4.329,0.054,0.193,0.302,0.0437,0.3153,-0.1464,0.4106,1887.5
n1l4,n1l4,2313049,159668,7,4.2691,0.054,0.195,0.303,0.0413,0.3235,-0.1425,0.4214,1911.3
n2,"2 qubits/type, 2 layers (reference executor)",1919023,159668,0,5.4391,0.009,0.042,0.066,0.0058,0.1149,-0.193,0.1107,15746.5
n2,"2 qubits/type, 2 layers (reference executor)",1919023,159668,1,5.053,0.017,0.081,0.134,0.0134,0.2011,-0.2026,0.2996,16339.9
n2,"2 qubits/type, 2 layers (reference executor)",1919023,159668,2,4.7676,0.033,0.116,0.189,0.0197,0.256,-0.1842,0.2752,12913.5
n2,"2 qubits/type, 2 layers (reference executor)",1919023,159668,3,4.5726,0.034,0.145,0.236,0.0247,0.2867,-0.1691,0.2781,12491.5
n2,"2 qubits/type, 2 layers (reference executor)",1919023,159668,4,4.4481,0.051,0.182,0.28,0.0339,0.3059,-0.1581,0.2852,12268.6
n2,"2 qubits/type, 2 layers (reference executor)",1919023,159668,5,4.3433,0.062,0.203,0.318,0.0369,0.3212,-0.149,0.294,12249.1
n2,"2 qubits/type, 2 layers (reference executor)",1919023,159668,6,4.2583,0.062,0.217,0.333,0.0465,0.3323,-0.1413,0.303,12117.5
n2,"2 qubits/type, 2 layers (reference executor)",1919023,159668,7,4.1919,0.061,0.234,0.367,0.0497,0.342,-0.136,0.3127,12075.7
n2,"2 qubits/type, 2 layers (reference executor)",1919023,159668,8,4.1349,0.065,0.239,0.379,0.0528,0.3488,-0.1318,0.3215,11891.3
n2,"2 qubits/type, 2 layers (reference executor)",1919023,159668,9,4.0889,0.074,0.239,0.396,0.0596,0.3548,-0.1275,0.3276,11940.5
n2,"2 qubits/type, 2 layers (reference executor)",1919023,159668,10,4.0472,0.08,0.251,0.401,0.0618,0.3602,-0.1257,0.3338,11697.5
n2,"2 qubits/type, 2 layers (reference executor)",1919023,159668,11,4.0099,0.083,0.27,0.425,0.0652,0.3652,-0.123,0.3403,11773.8
n2,"2 qubits/type, 2 layers (reference executor)",1919023,159668,12,3.9736,0.083,0.276,0.415,0.066,0.3697,-0.1215,0.3447,12263.3
n2,"2 qubits/type, 2 layers (reference executor)",1919023,159668,13,3.9467,0.094,0.3,0.436,0.0676,0.3724,-0.1182,0.3486,12111.0
n2,"2 qubits/type, 2 layers (reference executor)",1919023,159668,14,3.9161,0.095,0.306,0.445,0.0716,0.3755,-0.117,0.3502,12028.4
n2,"2 qubits/type, 2 layers (reference executor)",1919023,159668,15,3.8951,0.094,0.319,0.444,0.0702,0.3776,-0.1151,0.3552,11975.7
n2,"2 qubits/type, 2 layers (reference executor)",1919023,159668,16,3.8701,0.096,0.323,0.45,0.0718,0.3817,-0.1137,0.3565,11816.2
n2,"2 qubits/type, 2 layers (reference executor)",1919023,159668,17,3.8537,0.094,0.328,0.475,0.0776,0.3838,-0.1133,0.3607,11658.7
n2,"2 qubits/type, 2 layers (reference executor)",1919023,159668,18,3.8316,0.094,0.322,0.47,0.075,0.3867,-0.1129,0.3635,11708.5
n2,"2 qubits/type, 2 layers (reference executor)",1919023,159668,19,3.8152,0.095,0.335,0.463,0.0768,0.3883,-0.1117,0.3633,11620.4
n2,"2 qubits/type, 2 layers (reference executor)",1919023,159668,20,3.7992,0.101,0.317,0.463,0.0756,0.3904,-0.111,0.3666,11758.6
n2,"2 qubits/type, 2 layers (reference executor)",1919023,159668,21,3.7831,0.105,0.332,0.459,0.0784,0.3922,-0.1101,0.3702,12150.5
n2,"2 qubits/type, 2 layers (reference executor)",1919023,159668,22,3.7642,0.101,0.326,0.469,0.0784,0.3932,-0.1095,0.3728,13691.1
n2,"2 qubits/type, 2 layers (reference executor)",1919023,159668,23,3.7589,0.093,0.323,0.469,0.0796,0.3952,-0.1091,0.3698,13391.8
n2,"2 qubits/type, 2 layers (reference executor)",1919023,159668,24,3.7458,0.1,0.335,0.494,0.0841,0.3959,-0.1087,0.3756,13967.2
n2,"2 qubits/type, 2 layers (reference executor)",1919023,159668,25,3.7228,0.109,0.345,0.483,0.0849,0.3965,-0.1071,0.3742,13676.6
n2,"2 qubits/type, 2 layers (reference executor)",1919023,159668,26,3.7114,0.093,0.343,0.488,0.0824,0.3986,-0.1081,0.3773,13640.6
n2,"2 qubits/type, 2 layers (reference executor)",1919023,159668,27,3.7028,0.097,0.338,0.505,0.0816,0.4001,-0.1076,0.3799,14067.0
n2,"2 qubits/type, 2 layers (reference executor)",1919023,159668,28,3.6922,0.102,0.334,0.498,0.0845,0.4013,-0.1072,0.3834,15057.4
n2,"2 qubits/type, 2 layers (reference executor)",1919023,159668,29,3.6774,0.085,0.36,0.505,0.0843,0.4021,-0.107,0.3803,14380.8
n2,"2 qubits/type, 2 layers (reference executor)",1919023,159668,30,3.6721,0.108,0.331,0.501,0.0843,0.4033,-0.1064,0.3848,13410.2
n2,"2 qubits/type, 2 layers (reference executor)",1919023,159668,31,3.6623,0.103,0.338,0.509,0.0835,0.4034,-0.1064,0.3866,11777.2
n2,"2 qubits/type, 2 layers (reference executor)",1919023,159668,32,3.6548,0.102,0.333,0.487,0.0867,0.4047,-0.1061,0.3846,11569.6
n2,"2 qubits/type, 2 layers (reference executor)",1919023,159668,33,3.6425,0.103,0.34,0.494,0.0891,0.4052,-0.1059,0.3897,11659.8
n2,"2 qubits/type, 2 layers (reference executor)",1919023,159668,34,3.6373,0.111,0.346,0.495,0.0919,0.4057,-0.1055,0.3895,12661.3
n2,"2 qubits/type, 2 layers (reference executor)",1919023,159668,35,3.6314,0.101,0.343,0.505,0.0913,0.4069,-0.1051,0.3904,12707.0
n2,"2 qubits/type, 2 layers (reference executor)",1919023,159668,36,3.6171,0.107,0.33,0.492,0.0907,0.4076,-0.1057,0.3902,12891.7
n2,"2 qubits/type, 2 layers (reference executor)",1919023,159668,37,3.6111,0.101,0.338,0.489,0.0889,0.4081,-0.1046,0.3916,11950.2
n2,"2 qubits/type, 2 layers (reference executor)",1919023,159668,38,3.6045,0.11,0.344,0.492,0.0919,0.4082,-0.1045,0.3926,11788.4
n2,"2 qubits/type, 2 layers (reference executor)",1919023,159668,39,3.5991,0.099,0.34,0.503,0.0917,0.4097,-0.1049,0.3938,11845.2
n2,"2 qubits/type, 2 layers (reference executor)",1919023,159668,40,3.5909,0.115,0.349,0.497,0.0923,0.4106,-0.104,0.398,11851.1
n2,"2 qubits/type, 2 layers (reference executor)",1919023,159668,41,3.5828,0.119,0.351,0.524,0.0959,0.4112,-0.1039,0.3957,11867.8
n2,"2 qubits/type, 2 layers (reference executor)",1919023,159668,42,3.5773,0.106,0.341,0.5,0.0889,0.4109,-0.1043,0.398,11997.2
n2,"2 qubits/type, 2 layers (reference executor)",1919023,159668,43,3.5702,0.103,0.351,0.507,0.0953,0.4121,-0.1043,0.3956,13488.6
n2,"2 qubits/type, 2 layers (reference executor)",1919023,159668,44,3.5649,0.119,0.349,0.512,0.0915,0.4134,-0.1034,0.3978,12374.4
n2,"2 qubits/type, 2 layers (reference executor)",1919023,159668,45,3.5587,0.108,0.35,0.514,0.0929,0.4129,-0.1035,0.3986,11850.2
n2,"2 qubits/type, 2 layers (reference executor)",1919023,159668,46,3.553,0.122,0.346,0.504,0.0959,0.4145,-0.1034,0.4009,11863.8
n2,"2 qubits/type, 2 layers (reference executor)",1919023,159668,47,3.5455,0.119,0.336,0.499,0.0941,0.4148,-0.1032,0.4008,11989.8
n2,"2 qubits/type, 2 layers (reference executor)",1919023,159668,48,3.5411,0.121,0.357,0.504,0.0897,0.4144,-0.1032,0.3997,12124.0
n2,"2 qubits/type, 2 layers (reference executor)",1919023,159668,49,3.5346,0.119,0.353,0.529,0.0897,0.4151,-0.1031,0.4009,11879.1
n2,"2 qubits/type, 2 layers (reference executor)",1919023,159668,50,3.5276,0.118,0.364,0.512,0.0947,0.4161,-0.1026,0.4019,11688.2
n2,"2 qubits/type, 2 layers (reference executor)",1919023,159668,51,3.5253,0.114,0.36,0.51,0.0973,0.4155,-0.1019,0.4022,11685.1
n2,"2 qubits/type, 2 layers (reference executor)",1919023,159668,52,3.5186,0.117,0.355,0.505,0.0943,0.417,-0.1021,0.4042,11533.1
n2,"2 qubits/type, 2 layers (reference executor)",1919023,159668,53,3.5108,0.112,0.36,0.518,0.0941,0.4173,-0.1017,0.4033,11674.7
n2,"2 qubits/type, 2 layers (reference executor)",1919023,159668,54,3.5097,0.117,0.37,0.523,0.0901,0.4182,-0.1023,0.4051,11599.3
n2,"2 qubits/type, 2 layers (reference executor)",1919023,159668,55,3.502,0.123,0.368,0.508,0.0891,0.4181,-0.1018,0.4075,11524.5
n2,"2 qubits/type, 2 layers (reference executor)",1919023,159668,56,3.4963,0.13,0.369,0.511,0.0967,0.4183,-0.1017,0.4079,11456.0
n2,"2 qubits/type, 2 layers (reference executor)",1919023,159668,57,3.4916,0.115,0.368,0.517,0.0893,0.4193,-0.1022,0.4102,11547.1
n2,"2 qubits/type, 2 layers (reference executor)",1919023,159668,58,3.4877,0.122,0.359,0.498,0.0911,0.42,-0.1019,0.4082,12099.2
n2,"2 qubits/type, 2 layers (reference executor)",1919023,159668,59,3.4813,0.119,0.354,0.516,0.0893,0.4202,-0.1013,0.4086,12159.2
n2,"2 qubits/type, 2 layers (reference executor)",1919023,159668,60,3.4793,0.122,0.366,0.512,0.0961,0.4202,-0.1003,0.409,11833.6
n2,"2 qubits/type, 2 layers (reference executor)",1919023,159668,61,3.4728,0.124,0.369,0.507,0.0945,0.4212,-0.1004,0.4125,11863.0
n2,"2 qubits/type, 2 layers (reference executor)",1919023,159668,62,3.4659,0.125,0.356,0.517,0.0973,0.4215,-0.1005,0.4095,11881.9
n2,"2 qubits/type, 2 layers (reference executor)",1919023,159668,63,3.4651,0.13,0.369,0.523,0.0959,0.4221,-0.1,0.4126,11852.9
n2,"2 qubits/type, 2 layers (reference executor)",1919023,159668,64,3.4563,0.113,0.379,0.52,0.0921,0.4228,-0.0998,0.4133,11912.0
n2,"2 qubits/type, 2 layers (reference executor)",1919023,159668,65,3.4482,0.132,0.378,0.523,0.0943,0.4228,-0.0999,0.4145,11970.3
n2,"2 qubits/type, 2 layers (reference executor)",1919023,159668,66,3.4471,0.129,0.356,0.523,0.0979,0.4238,-0.0999,0.4148,11766.0
n2,"2 qubits/type, 2 layers (reference executor)",1919023,159668,67,3.4433,0.116,0.37,0.525,0.0943,0.4244,-0.0997,0.4168,11852.7
n2,"2 qubits/type, 2 layers (reference executor)",1919023,159668,68,3.4356,0.122,0.381,0.531,0.0997,0.4254,-0.0989,0.4182,11946.5
n2l3,"2 qubits/type, 3 layers",2878534,159668,0,5.405,0.009,0.043,0.084,0.0086,0.1289,-0.2103,0.0971,1457.9
n2l3,"2 qubits/type, 3 layers",2878534,159668,1,5.0111,0.019,0.087,0.152,0.0148,0.2057,-0.2063,0.2871,1413.8
n2l3,"2 qubits/type, 3 layers",2878534,159668,2,4.8008,0.027,0.112,0.192,0.0215,0.2453,-0.1917,0.3205,1526.7
n2l3,"2 qubits/type, 3 layers",2878534,159668,3,4.6472,0.039,0.126,0.233,0.0257,0.2718,-0.1806,0.3413,1630.0
n2l3,"2 qubits/type, 3 layers",2878534,159668,4,4.51,0.038,0.164,0.271,0.0315,0.2935,-0.1698,0.3671,1639.8
n2l3,"2 qubits/type, 3 layers",2878534,159668,5,4.3961,0.056,0.191,0.309,0.0347,0.3107,-0.1599,0.3892,1667.6
n2l3,"2 qubits/type, 3 layers",2878534,159668,6,4.3037,0.061,0.221,0.33,0.0413,0.3237,-0.1516,0.3986,1445.1
n2l3,"2 qubits/type, 3 layers",2878534,159668,7,4.2193,0.065,0.232,0.352,0.0451,0.3361,-0.1449,0.4083,1416.1
n2l3,"2 qubits/type, 3 layers",2878534,159668,8,4.1383,0.076,0.246,0.374,0.0506,0.3461,-0.1398,0.4139,1244.1
n2l3,"2 qubits/type, 3 layers",2878534,159668,9,4.0727,0.077,0.264,0.39,0.0514,0.3563,-0.1346,0.425,1481.7
n2l3,"2 qubits/type, 3 layers",2878534,159668,10,4.0145,0.082,0.263,0.399,0.0616,0.3636,-0.1306,0.431,1392.8
n2l3,"2 qubits/type, 3 layers",2878534,159668,11,3.9603,0.091,0.284,0.425,0.0568,0.3703,-0.1274,0.4383,1409.6
n2l3,"2 qubits/type, 3 layers",2878534,159668,12,3.9157,0.092,0.297,0.45,0.0646,0.3773,-0.1243,0.4439,1469.1
n2l3,"2 qubits/type, 3 layers",2878534,159668,13,3.8703,0.102,0.299,0.457,0.0668,0.3824,-0.1206,0.4536,1477.7
n2l3,"2 qubits/type, 3 layers",2878534,159668,14,3.832,0.096,0.301,0.463,0.0656,0.3873,-0.119,0.4535,1432.0
n2l3,"2 qubits/type, 3 layers",2878534,159668,15,3.7918,0.093,0.316,0.451,0.0736,0.3924,-0.1171,0.4598,1387.2
n2l3,"2 qubits/type, 3 layers",2878534,159668,16,3.7575,0.094,0.323,0.462,0.0718,0.3961,-0.1164,0.4634,1479.3
n2l3,"2 qubits/type, 3 layers",2878534,159668,17,3.7242,0.11,0.325,0.47,0.0726,0.3993,-0.1134,0.4707,1389.9
n2l3,"2 qubits/type, 3 layers",2878534,159668,18,3.6959,0.107,0.331,0.497,0.0756,0.4031,-0.1116,0.4758,1384.1
n2l3,"2 qubits/type, 3 layers",2878534,159668,19,3.6647,0.099,0.34,0.489,0.0786,0.4065,-0.1106,0.4772,1548.9
n2l3,"2 qubits/type, 3 layers",2878534,159668,20,3.6442,0.11,0.335,0.497,0.0812,0.4089,-0.109,0.483,1351.2
n2l3,"2 qubits/type, 3 layers",2878534,159668,21,3.6148,0.121,0.348,0.515,0.0806,0.4111,-0.1082,0.4844,1319.7
n2l3,"2 qubits/type, 3 layers",2878534,159668,22,3.5937,0.112,0.346,0.51,0.0867,0.4129,-0.107,0.4863,1348.9
n2l3,"2 qubits/type, 3 layers",2878534,159668,23,3.5722,0.11,0.352,0.535,0.0883,0.4141,-0.106,0.4915,1428.6
n2l3,"2 qubits/type, 3 layers",2878534,159668,24,3.555,0.111,0.35,0.514,0.0871,0.4166,-0.1048,0.4968,1338.9
n2l3,"2 qubits/type, 3 layers",2878534,159668,25,3.5335,0.106,0.364,0.538,0.0915,0.4185,-0.1042,0.495,1339.5
n2l3,"2 qubits/type, 3 layers",2878534,159668,26,3.513,0.104,0.362,0.521,0.0923,0.4202,-0.1035,0.4992,1359.6
n2l3,"2 qubits/type, 3 layers",2878534,159668,27,3.4973,0.112,0.372,0.544,0.0945,0.4224,-0.1027,0.5028,1336.1
n2l3,"2 qubits/type, 3 layers",2878534,159668,28,3.4841,0.11,0.375,0.541,0.0979,0.4243,-0.1014,0.5063,1310.7
n2l3,"2 qubits/type, 3 layers",2878534,159668,29,3.468,0.114,0.397,0.547,0.0969,0.4257,-0.1005,0.5075,1260.2
n2l3,"2 qubits/type, 3 layers",2878534,159668,30,3.4528,0.117,0.391,0.563,0.0971,0.4264,-0.1014,0.5073,1315.9
n2l3,"2 qubits/type, 3 layers",2878534,159668,31,3.4384,0.125,0.395,0.551,0.0955,0.4279,-0.0994,0.5105,1208.5
n2l3,"2 qubits/type, 3 layers",2878534,159668,32,3.4236,0.121,0.393,0.565,0.0997,0.4291,-0.0995,0.5104,1249.2
n2l3,"2 qubits/type, 3 layers",2878534,159668,33,3.4116,0.121,0.402,0.564,0.1035,0.4302,-0.0988,0.5134,1280.6
n2l3,"2 qubits/type, 3 layers",2878534,159668,34,3.4017,0.128,0.399,0.571,0.1025,0.4314,-0.0983,0.5128,1209.1
n2l3,"2 qubits/type, 3 layers",2878534,159668,35,3.3852,0.149,0.41,0.558,0.1003,0.4324,-0.0976,0.519,1208.4
n2l3,"2 qubits/type, 3 layers",2878534,159668,36,3.3779,0.126,0.398,0.565,0.0999,0.4342,-0.0974,0.5184,1203.5
n2l3,"2 qubits/type, 3 layers",2878534,159668,37,3.3698,0.12,0.404,0.575,0.1041,0.4345,-0.0967,0.5206,1267.1
n2l3,"2 qubits/type, 3 layers",2878534,159668,38,3.3595,0.132,0.416,0.565,0.1113,0.4357,-0.0965,0.5238,1209.5
n2l3,"2 qubits/type, 3 layers",2878534,159668,39,3.3468,0.137,0.412,0.583,0.1077,0.4377,-0.0965,0.5229,1208.3
n2l3,"2 qubits/type, 3 layers",2878534,159668,40,3.3365,0.121,0.41,0.579,0.1067,0.4373,-0.0964,0.5274,1264.7
n2l3,"2 qubits/type, 3 layers",2878534,159668,41,3.3264,0.133,0.439,0.592,0.1093,0.4393,-0.0947,0.5235,1192.3
n2l3,"2 qubits/type, 3 layers",2878534,159668,42,3.317,0.135,0.426,0.602,0.1119,0.4398,-0.0953,0.5262,1185.4
n2l3,"2 qubits/type, 3 layers",2878534,159668,43,3.3056,0.147,0.431,0.587,0.1145,0.4407,-0.095,0.5262,1191.4
n2l3,"2 qubits/type, 3 layers",2878534,159668,44,3.2992,0.139,0.433,0.578,0.1097,0.4414,-0.0952,0.5263,1236.5
n2l3,"2 qubits/type, 3 layers",2878534,159668,45,3.2895,0.125,0.443,0.589,0.1129,0.4421,-0.0952,0.5305,1217.7
n2l3,"2 qubits/type, 3 layers",2878534,159668,46,3.2839,0.151,0.442,0.573,0.1186,0.4422,-0.0948,0.5296,1194.3
n2l3,"2 qubits/type, 3 layers",2878534,159668,47,3.2772,0.141,0.437,0.588,0.117,0.4436,-0.0953,0.5301,1249.3
n2l3,"2 qubits/type, 3 layers",2878534,159668,48,3.2722,0.134,0.439,0.588,0.1232,0.4446,-0.0954,0.532,1225.7
n2l3,"2 qubits/type, 3 layers",2878534,159668,49,3.26,0.14,0.436,0.589,0.1196,0.4451,-0.0948,0.5314,1226.1
n2l3,"2 qubits/type, 3 layers",2878534,159668,50,3.2563,0.131,0.434,0.6,0.1228,0.4457,-0.0948,0.532,1229.6
n2l3,"2 qubits/type, 3 layers",2878534,159668,51,3.2466,0.151,0.445,0.603,0.1222,0.4462,-0.0955,0.5357,1272.3
n2l3,"2 qubits/type, 3 layers",2878534,159668,52,3.2405,0.144,0.431,0.588,0.123,0.4478,-0.0953,0.534,1213.0
n2l3,"2 qubits/type, 3 layers",2878534,159668,53,3.2347,0.144,0.44,0.593,0.1194,0.448,-0.0949,0.5339,1222.5
n2l3,"2 qubits/type, 3 layers",2878534,159668,54,3.2259,0.156,0.447,0.607,0.1222,0.4489,-0.0944,0.5384,1285.2
n2l3,"2 qubits/type, 3 layers",2878534,159668,55,3.2218,0.152,0.455,0.603,0.1226,0.4496,-0.0956,0.5373,1231.7
n2l3,"2 qubits/type, 3 layers",2878534,159668,56,3.2153,0.145,0.435,0.614,0.1212,0.4496,-0.0953,0.5388,1220.0
n2l3,"2 qubits/type, 3 layers",2878534,159668,57,3.205,0.147,0.447,0.62,0.1256,0.4499,-0.0955,0.5378,1247.1
n2l3,"2 qubits/type, 3 layers",2878534,159668,58,3.2041,0.138,0.451,0.614,0.126,0.4505,-0.0952,0.5393,1265.0
n2l3,"2 qubits/type, 3 layers",2878534,159668,59,3.1989,0.153,0.447,0.608,0.1278,0.4514,-0.0953,0.5403,1220.9
n2l3,"2 qubits/type, 3 layers",2878534,159668,60,3.1906,0.145,0.444,0.604,0.1262,0.4519,-0.0951,0.5404,1215.8
n2l3,"2 qubits/type, 3 layers",2878534,159668,61,3.1841,0.157,0.458,0.6,0.1282,0.4518,-0.0955,0.5398,1324.8
n2l3,"2 qubits/type, 3 layers",2878534,159668,62,3.1789,0.152,0.463,0.615,0.1328,0.4526,-0.0953,0.5407,1260.1
n2l3,"2 qubits/type, 3 layers",2878534,159668,63,3.1745,0.148,0.459,0.623,0.1258,0.4535,-0.0952,0.5436,1226.4
n2l3,"2 qubits/type, 3 layers",2878534,159668,64,3.1766,0.163,0.475,0.628,0.1322,0.4544,-0.0961,0.5466,1225.3
n2l3,"2 qubits/type, 3 layers",2878534,159668,65,3.1636,0.153,0.467,0.616,0.1286,0.4545,-0.0962,0.5461,1225.0
n2l3,"2 qubits/type, 3 layers",2878534,159668,66,3.1579,0.152,0.463,0.624,0.1282,0.4554,-0.096,0.5447,1250.2
n2l3,"2 qubits/type, 3 layers",2878534,159668,67,3.1548,0.15,0.461,0.619,0.1302,0.4559,-0.0953,0.5477,1236.6
n2l3,"2 qubits/type, 3 layers",2878534,159668,68,3.1493,0.14,0.456,0.613,0.1274,0.4565,-0.0959,0.5482,1285.3
n2l3,"2 qubits/type, 3 layers",2878534,159668,69,3.1434,0.156,0.464,0.619,0.1362,0.4572,-0.0957,0.547,1313.4
n2l3,"2 qubits/type, 3 layers",2878534,159668,70,3.1429,0.166,0.473,0.618,0.1294,0.4571,-0.0957,0.5478,1336.1
n2l3,"2 qubits/type, 3 layers",2878534,159668,71,3.1339,0.151,0.455,0.621,0.1306,0.458,-0.096,0.5497,1290.9
n2l3,"2 qubits/type, 3 layers",2878534,159668,72,3.1334,0.163,0.472,0.622,0.1346,0.4583,-0.0958,0.5502,1216.9
n2l3,"2 qubits/type, 3 layers",2878534,159668,73,3.1315,0.158,0.463,0.635,0.1344,0.4591,-0.0961,0.5489,1206.4
n2l3,"2 qubits/type, 3 layers",2878534,159668,74,3.1261,0.155,0.48,0.63,0.1358,0.4592,-0.0963,0.5474,1225.4
n2l3,"2 qubits/type, 3 layers",2878534,159668,75,3.118,0.154,0.482,0.62,0.1376,0.4599,-0.0965,0.553,1352.9
n2l3,"2 qubits/type, 3 layers",2878534,159668,76,3.1139,0.157,0.48,0.631,0.137,0.4601,-0.0968,0.5521,1275.4
n2l3,"2 qubits/type, 3 layers",2878534,159668,77,3.1121,0.173,0.466,0.634,0.1384,0.4605,-0.0966,0.5534,1243.8
n2l3,"2 qubits/type, 3 layers",2878534,159668,78,3.1068,0.16,0.47,0.615,0.1384,0.4613,-0.0965,0.553,1196.9
n2l3,"2 qubits/type, 3 layers",2878534,159668,79,3.1064,0.16,0.472,0.634,0.1318,0.4614,-0.0966,0.5538,1209.9
n2l3,"2 qubits/type, 3 layers",2878534,159668,80,3.0984,0.16,0.474,0.634,0.1326,0.4616,-0.097,0.553,1253.0
n2l3,"2 qubits/type, 3 layers",2878534,159668,81,3.0935,0.169,0.486,0.635,0.1302,0.4621,-0.0972,0.5543,1225.0
n2l3,"2 qubits/type, 3 layers",2878534,159668,82,3.0914,0.161,0.478,0.632,0.1338,0.463,-0.0967,0.5587,1304.7
n2l3,"2 qubits/type, 3 layers",2878534,159668,83,3.0873,0.176,0.473,0.654,0.1356,0.4632,-0.0971,0.5574,1240.4
n2l3,"2 qubits/type, 3 layers",2878534,159668,84,3.0855,0.168,0.459,0.636,0.1368,0.4629,-0.0971,0.5564,1288.4
n2l3,"2 qubits/type, 3 layers",2878534,159668,85,3.0789,0.173,0.482,0.653,0.1366,0.4634,-0.0973,0.5606,1250.7
n2l3,"2 qubits/type, 3 layers",2878534,159668,86,3.0792,0.16,0.477,0.63,0.1356,0.4636,-0.0972,0.5571,1281.4
n2l3,"2 qubits/type, 3 layers",2878534,159668,87,3.0731,0.176,0.488,0.649,0.1362,0.4651,-0.0972,0.5614,1258.4
n2l3,"2 qubits/type, 3 layers",2878534,159668,88,3.0726,0.178,0.484,0.626,0.1362,0.4654,-0.0971,0.5609,1219.3
n2l3,"2 qubits/type, 3 layers",2878534,159668,89,3.0668,0.174,0.465,0.635,0.136,0.4652,-0.0976,0.5612,1264.1
n2l3,"2 qubits/type, 3 layers",2878534,159668,90,3.0634,0.159,0.482,0.643,0.1396,0.4662,-0.0973,0.5625,1208.3
n2l3,"2 qubits/type, 3 layers",2878534,159668,91,3.0589,0.169,0.476,0.646,0.1348,0.4658,-0.0975,0.5655,1192.9
n2l3,"2 qubits/type, 3 layers",2878534,159668,92,3.0572,0.174,0.473,0.64,0.1416,0.4667,-0.0972,0.5694,1210.1
n2l3,"2 qubits/type, 3 layers",2878534,159668,93,3.0545,0.169,0.48,0.646,0.1386,0.4667,-0.0977,0.5636,1209.9
n2l3,"2 qubits/type, 3 layers",2878534,159668,94,3.0508,0.174,0.489,0.641,0.1408,0.4673,-0.0975,0.566,1224.5
n2l3,"2 qubits/type, 3 layers",2878534,159668,95,3.0489,0.18,0.497,0.653,0.1424,0.4673,-0.0974,0.566,1214.4
n2l3,"2 qubits/type, 3 layers",2878534,159668,96,3.0421,0.174,0.472,0.652,0.1418,0.468,-0.0972,0.5675,1272.8
n2l3,"2 qubits/type, 3 layers",2878534,159668,97,3.041,0.193,0.481,0.646,0.1418,0.4684,-0.0978,0.5657,1215.2
n2l3,"2 qubits/type, 3 layers",2878534,159668,98,3.0389,0.182,0.491,0.651,0.1442,0.4694,-0.0972,0.5675,1202.9
n2l3,"2 qubits/type, 3 layers",2878534,159668,99,3.0346,0.182,0.483,0.661,0.1422,0.4687,-0.0969,0.5707,1209.0
n2l4,"2 qubits/type, 4 layers",3838045,159668,0,5.3594,0.012,0.072,0.119,0.0092,0.1541,-0.2038,0.1028,3412.2
n2l4,"2 qubits/type, 4 layers",3838045,159668,1,4.834,0.02,0.102,0.194,0.0205,0.2528,-0.1819,0.2723,3595.8
n2l4,"2 qubits/type, 4 layers",3838045,159668,2,4.5303,0.036,0.148,0.235,0.0291,0.3015,-0.1579,0.3391,3421.3
n2l4,"2 qubits/type, 4 layers",3838045,159668,3,4.3418,0.046,0.212,0.299,0.0379,0.3291,-0.1445,0.3759,3592.4
n2l4,"2 qubits/type, 4 layers",3838045,159668,4,4.2011,0.057,0.218,0.34,0.0449,0.3487,-0.1348,0.404,3444.2
n2l4,"2 qubits/type, 4 layers",3838045,159668,5,4.0982,0.072,0.258,0.388,0.0558,0.362,-0.1283,0.4261,4014.3
n2l4,"2 qubits/type, 4 layers",3838045,159668,6,4.0082,0.087,0.266,0.399,0.0588,0.3731,-0.1238,0.4407,3988.6
n2l4,"2 qubits/type, 4 layers",3838045,159668,7,3.9372,0.101,0.281,0.421,0.0658,0.3816,-0.1215,0.4558,3534.9
n2l4,"2 qubits/type, 4 layers",3838045,159668,8,3.8736,0.101,0.301,0.431,0.0766,0.389,-0.1182,0.466,3718.0
n2l4,"2 qubits/type, 4 layers",3838045,159668,9,3.8185,0.103,0.322,0.467,0.0794,0.3947,-0.1171,0.4733,3839.4
n2l4,"2 qubits/type, 4 layers",3838045,159668,10,3.7704,0.097,0.325,0.464,0.077,0.4,-0.1167,0.483,3718.1
n2l4,"2 qubits/type, 4 layers",3838045,159668,11,3.7202,0.113,0.354,0.514,0.0839,0.4064,-0.1145,0.4885,3783.1
n2l4,"2 qubits/type, 4 layers",3838045,159668,12,3.6803,0.115,0.359,0.511,0.0903,0.4102,-0.1145,0.4965,3590.5
n2l4,"2 qubits/type, 4 layers",3838045,159668,13,3.6484,0.119,0.364,0.518,0.0877,0.4146,-0.1129,0.503,3434.3
n2l4,"2 qubits/type, 4 layers",3838045,159668,14,3.6086,0.124,0.381,0.526,0.0925,0.4188,-0.1117,0.5048,3372.7
n2l4,"2 qubits/type, 4 layers",3838045,159668,15,3.5707,0.14,0.387,0.529,0.0981,0.4232,-0.1124,0.51,3602.1
n2l4,"2 qubits/type, 4 layers",3838045,159668,16,3.5403,0.133,0.386,0.545,0.1043,0.4266,-0.1112,0.5152,3382.5
n2l4,"2 qubits/type, 4 layers",3838045,159668,17,3.5076,0.153,0.403,0.548,0.1053,0.4296,-0.1104,0.5224,3545.1
n2l4,"2 qubits/type, 4 layers",3838045,159668,18,3.4852,0.141,0.393,0.551,0.1061,0.4337,-0.1094,0.5262,3515.7
n2l4,"2 qubits/type, 4 layers",3838045,159668,19,3.4561,0.154,0.402,0.545,0.1089,0.4365,-0.1096,0.5274,3433.1
n2l4,"2 qubits/type, 4 layers",3838045,159668,20,3.4327,0.174,0.432,0.572,0.1097,0.4385,-0.108,0.5284,3439.5
n2l4,"2 qubits/type, 4 layers",3838045,159668,21,3.4113,0.149,0.429,0.567,0.1125,0.4411,-0.1088,0.5314,3408.0
n2l4,"2 qubits/type, 4 layers",3838045,159668,22,3.3862,0.154,0.413,0.583,0.1103,0.4432,-0.1083,0.5355,3434.3
n2l4,"2 qubits/type, 4 layers",3838045,159668,23,3.368,0.147,0.412,0.577,0.1155,0.4458,-0.1089,0.5362,3582.4
n2l4,"2 qubits/type, 4 layers",3838045,159668,24,3.352,0.149,0.417,0.575,0.1161,0.4473,-0.108,0.5372,3423.2
n2l4,"2 qubits/type, 4 layers",3838045,159668,25,3.3311,0.159,0.421,0.593,0.1139,0.4495,-0.1081,0.5412,3441.3
n2l4,"2 qubits/type, 4 layers",3838045,159668,26,3.3128,0.161,0.435,0.597,0.12,0.4508,-0.1082,0.5389,3525.3
n2l4,"2 qubits/type, 4 layers",3838045,159668,27,3.2987,0.154,0.448,0.598,0.1182,0.452,-0.1082,0.5459,3672.5
n2l4,"2 qubits/type, 4 layers",3838045,159668,28,3.2883,0.147,0.45,0.584,0.1242,0.4531,-0.1086,0.5462,3691.1
n2l4,"2 qubits/type, 4 layers",3838045,159668,29,3.2723,0.162,0.431,0.599,0.1202,0.455,-0.1083,0.5443,3696.2
n2l4,"2 qubits/type, 4 layers",3838045,159668,30,3.2614,0.165,0.445,0.605,0.1236,0.4561,-0.1074,0.5445,3729.9
n2l4,"2 qubits/type, 4 layers",3838045,159668,31,3.2433,0.159,0.451,0.6,0.1161,0.4576,-0.1084,0.5465,3427.6
n2l4,"2 qubits/type, 4 layers",3838045,159668,32,3.2361,0.174,0.442,0.616,0.1278,0.4588,-0.1074,0.5479,3348.2
n2l4,"2 qubits/type, 4 layers",3838045,159668,33,3.2228,0.159,0.446,0.614,0.126,0.4598,-0.1081,0.5497,3388.6
n2l4,"2 qubits/type, 4 layers",3838045,159668,34,3.2158,0.16,0.457,0.601,0.1288,0.4603,-0.1077,0.5484,3416.3
n2l4,"2 qubits/type, 4 layers",3838045,159668,35,3.1996,0.164,0.462,0.609,0.1294,0.4621,-0.1074,0.5512,3508.6
n2l4,"2 qubits/type, 4 layers",3838045,159668,36,3.1965,0.174,0.446,0.621,0.1302,0.462,-0.1074,0.5517,3541.1
n2l4,"2 qubits/type, 4 layers",3838045,159668,37,3.183,0.174,0.462,0.634,0.1386,0.4634,-0.1076,0.5524,3473.0
n2l4,"2 qubits/type, 4 layers",3838045,159668,38,3.1742,0.171,0.444,0.613,0.1288,0.4642,-0.108,0.5527,3318.4
n2l4,"2 qubits/type, 4 layers",3838045,159668,39,3.1663,0.169,0.47,0.624,0.1322,0.4651,-0.1079,0.5587,3451.5
n2l4,"2 qubits/type, 4 layers",3838045,159668,40,3.159,0.179,0.474,0.637,0.1312,0.4657,-0.1075,0.5543,3344.2
n2l4,"2 qubits/type, 4 layers",3838045,159668,41,3.1511,0.183,0.472,0.629,0.1338,0.4668,-0.1079,0.5518,3459.4
n2l4,"2 qubits/type, 4 layers",3838045,159668,42,3.1409,0.173,0.464,0.626,0.1366,0.467,-0.1082,0.554,3422.9
n2l4,"2 qubits/type, 4 layers",3838045,159668,43,3.1344,0.187,0.463,0.626,0.1384,0.4672,-0.1087,0.555,3410.8
n2l4,"2 qubits/type, 4 layers",3838045,159668,44,3.1253,0.187,0.464,0.627,0.137,0.4681,-0.1088,0.5561,3428.0
n2l4,"2 qubits/type, 4 layers",3838045,159668,45,3.1236,0.182,0.468,0.629,0.1396,0.4685,-0.1091,0.5584,3362.5
n2l4,"2 qubits/type, 4 layers",3838045,159668,46,3.1101,0.196,0.461,0.626,0.1374,0.4693,-0.1081,0.5572,3387.9
n2l4,"2 qubits/type, 4 layers",3838045,159668,47,3.1088,0.187,0.471,0.634,0.1406,0.4698,-0.1089,0.5555,3422.9
n2l4,"2 qubits/type, 4 layers",3838045,159668,48,3.1029,0.179,0.474,0.63,0.1406,0.4698,-0.1088,0.5547,3530.6
n2l4,"2 qubits/type, 4 layers",3838045,159668,49,3.0911,0.175,0.474,0.627,0.1418,0.4708,-0.1093,0.5597,3350.3
n2l4,"2 qubits/type, 4 layers",3838045,159668,50,3.09,0.185,0.462,0.635,0.1444,0.4716,-0.1096,0.5566,3420.4
n2l4,"2 qubits/type, 4 layers",3838045,159668,51,3.0829,0.188,0.461,0.635,0.145,0.4711,-0.1098,0.5546,3360.4
n2l4,"2 qubits/type, 4 layers",3838045,159668,52,3.0741,0.188,0.466,0.648,0.144,0.4724,-0.1097,0.5556,3415.8
n2l4,"2 qubits/type, 4 layers",3838045,159668,53,3.0744,0.19,0.478,0.645,0.1436,0.4726,-0.1095,0.558,3617.0
n2l4,"2 qubits/type, 4 layers",3838045,159668,54,3.0623,0.183,0.473,0.638,0.1416,0.4731,-0.1094,0.5555,3816.7
n2l4,"2 qubits/type, 4 layers",3838045,159668,55,3.059,0.177,0.481,0.665,0.1452,0.4738,-0.1098,0.5557,3898.3
n2l4,"2 qubits/type, 4 layers",3838045,159668,56,3.0541,0.191,0.474,0.644,0.1498,0.474,-0.1096,0.5569,3771.3
n2l4,"2 qubits/type, 4 layers",3838045,159668,57,3.0508,0.173,0.47,0.649,0.1468,0.4745,-0.1096,0.5568,3754.2
n2l4,"2 qubits/type, 4 layers",3838045,159668,58,3.0446,0.2,0.476,0.64,0.142,0.4755,-0.1106,0.5565,3803.3
n2l4,"2 qubits/type, 4 layers",3838045,159668,59,3.039,0.193,0.474,0.663,0.1488,0.4761,-0.1104,0.5556,3503.3
n2l4,"2 qubits/type, 4 layers",3838045,159668,60,3.0356,0.174,0.48,0.653,0.1474,0.4761,-0.1101,0.5573,3348.2
n2l4,"2 qubits/type, 4 layers",3838045,159668,61,3.0311,0.18,0.464,0.651,0.142,0.477,-0.1105,0.5557,3303.7
n2l4,"2 qubits/type, 4 layers",3838045,159668,62,3.0266,0.191,0.49,0.643,0.1498,0.4771,-0.1097,0.5562,3532.2
n2l4,"2 qubits/type, 4 layers",3838045,159668,63,3.0226,0.183,0.479,0.661,0.1454,0.4773,-0.1104,0.5584,3408.3
n2l4,"2 qubits/type, 4 layers",3838045,159668,64,3.0174,0.196,0.467,0.658,0.1468,0.4769,-0.1103,0.5592,3631.3
n2l4,"2 qubits/type, 4 layers",3838045,159668,65,3.0132,0.186,0.489,0.654,0.1448,0.4785,-0.111,0.5553,3417.3
n2l4,"2 qubits/type, 4 layers",3838045,159668,66,3.0114,0.188,0.49,0.653,0.1513,0.4781,-0.1101,0.5597,3465.6
n2l4,"2 qubits/type, 4 layers",3838045,159668,67,3.0054,0.195,0.492,0.658,0.1507,0.4788,-0.1112,0.558,3402.4
n2l4,"2 qubits/type, 4 layers",3838045,159668,68,3.002,0.2,0.488,0.655,0.1501,0.4791,-0.1107,0.557,3546.4
n2l4,"2 qubits/type, 4 layers",3838045,159668,69,2.9969,0.204,0.48,0.658,0.146,0.4794,-0.1107,0.5579,3489.3
n2l4,"2 qubits/type, 4 layers",3838045,159668,70,2.9947,0.188,0.483,0.679,0.1523,0.4801,-0.1106,0.5579,3571.9
n2l4,"2 qubits/type, 4 layers",3838045,159668,71,2.9923,0.197,0.478,0.665,0.1484,0.4805,-0.1109,0.5575,3404.3
n2l4,"2 qubits/type, 4 layers",3838045,159668,72,2.9871,0.201,0.489,0.67,0.1486,0.4804,-0.1109,0.5583,3592.2
n2l4,"2 qubits/type, 4 layers",3838045,159668,73,2.984,0.192,0.491,0.66,0.1466,0.4805,-0.1115,0.5586,3407.0
n2l4,"2 qubits/type, 4 layers",3838045,159668,74,2.9851,0.195,0.495,0.655,0.1505,0.4812,-0.1112,0.5582,3581.1
n2l4,"2 qubits/type, 4 layers",3838045,159668,75,2.9808,0.192,0.501,0.659,0.147,0.4816,-0.1109,0.5605,3511.5
n2l4,"2 qubits/type, 4 layers",3838045,159668,76,2.9724,0.203,0.496,0.668,0.1494,0.4819,-0.1109,0.5613,3411.1
n2l4,"2 qubits/type, 4 layers",3838045,159668,77,2.9705,0.202,0.497,0.677,0.1513,0.4828,-0.1102,0.561,3381.8
n2l4,"2 qubits/type, 4 layers",3838045,159668,78,2.9689,0.202,0.501,0.664,0.1563,0.4838,-0.1102,0.5623,3521.6
n2l4,"2 qubits/type, 4 layers",3838045,159668,79,2.966,0.195,0.496,0.675,0.1537,0.4834,-0.1109,0.5617,3458.3
n2l4,"2 qubits/type, 4 layers",3838045,159668,80,2.9617,0.194,0.492,0.662,0.1537,0.4838,-0.1116,0.5629,3333.7
n2l4,"2 qubits/type, 4 layers",3838045,159668,81,2.9552,0.185,0.496,0.676,0.1543,0.484,-0.1114,0.5591,3365.3
n2l4,"2 qubits/type, 4 layers",3838045,159668,82,2.9537,0.193,0.496,0.668,0.1563,0.4846,-0.1116,0.563,3430.1
n2l4,"2 qubits/type, 4 layers",3838045,159668,83,2.9517,0.199,0.503,0.673,0.1533,0.4849,-0.1101,0.5597,3383.4
n2l4,"2 qubits/type, 4 layers",3838045,159668,84,2.9524,0.208,0.488,0.666,0.1521,0.4844,-0.111,0.5602,3371.5
n2l4,"2 qubits/type, 4 layers",3838045,159668,85,2.9477,0.204,0.503,0.67,0.1561,0.4853,-0.112,0.562,3446.6
n2l4,"2 qubits/type, 4 layers",3838045,159668,86,2.9428,0.205,0.512,0.68,0.1603,0.4858,-0.1109,0.5629,3356.4
n2l4,"2 qubits/type, 4 layers",3838045,159668,87,2.9415,0.199,0.504,0.672,0.1519,0.4848,-0.112,0.5603,3541.9
n2l4,"2 qubits/type, 4 layers",3838045,159668,88,2.9373,0.195,0.5,0.674,0.1539,0.4861,-0.1128,0.5641,3457.7
n2l4,"2 qubits/type, 4 layers",3838045,159668,89,2.9352,0.192,0.508,0.665,0.1555,0.4861,-0.1122,0.5646,3452.5
n2l4,"2 qubits/type, 4 layers",3838045,159668,90,2.9287,0.2,0.487,0.673,0.1561,0.4862,-0.1122,0.5641,3407.5
n2l4,"2 qubits/type, 4 layers",3838045,159668,91,2.9293,0.189,0.496,0.665,0.1531,0.4862,-0.1125,0.5626,3457.4
n2l4,"2 qubits/type, 4 layers",3838045,159668,92,2.9258,0.186,0.515,0.675,0.1505,0.4866,-0.1126,0.5654,3350.5
n2l4,"2 qubits/type, 4 layers",3838045,159668,93,2.9238,0.193,0.508,0.663,0.1571,0.4868,-0.1125,0.5639,3519.6
n2l4,"2 qubits/type, 4 layers",3838045,159668,94,2.9265,0.209,0.506,0.666,0.1569,0.4865,-0.1126,0.5647,3424.0
n2l4,"2 qubits/type, 4 layers",3838045,159668,95,2.9183,0.203,0.509,0.658,0.1601,0.4874,-0.1124,0.5611,3547.8
n2l4,"2 qubits/type, 4 layers",3838045,159668,96,2.9173,0.225,0.508,0.671,0.1599,0.4874,-0.1125,0.5666,3477.5
n2l4,"2 qubits/type, 4 layers",3838045,159668,97,2.917,0.213,0.517,0.662,0.1617,0.4878,-0.113,0.5675,3428.2
n2l4,"2 qubits/type, 4 layers",3838045,159668,98,2.9176,0.218,0.505,0.666,0.1617,0.488,-0.1127,0.5637,3337.9
n2l4,"2 qubits/type, 4 layers",3838045,159668,99,2.9119,0.21,0.519,0.658,0.1603,0.4889,-0.1128,0.5652,3551.9
n2l4q10,"2 qubits/type, 4 layers, 10 output qubits",3925573,162760,0,5.3211,0.013,0.058,0.096,0.0114,0.1818,-0.1845,0.135,4708.8
n2l4q10,"2 qubits/type, 4 layers, 10 output qubits",3925573,162760,1,4.7562,0.027,0.123,0.204,0.0231,0.2747,-0.1726,0.3266,4782.1
n2l4q10,"2 qubits/type, 4 layers, 10 output qubits",3925573,162760,2,4.4666,0.047,0.17,0.273,0.0295,0.3148,-0.1538,0.3909,4800.9
n2l4q10,"2 qubits/type, 4 layers, 10 output qubits",3925573,162760,3,4.2888,0.054,0.201,0.331,0.0439,0.3372,-0.1401,0.426,4705.2
n2l4q10,"2 qubits/type, 4 layers, 10 output qubits",3925573,162760,4,4.1534,0.065,0.241,0.362,0.053,0.3544,-0.1303,0.4452,4798.7
n2l4q10,"2 qubits/type, 4 layers, 10 output qubits",3925573,162760,5,4.0495,0.075,0.265,0.406,0.0522,0.3677,-0.1247,0.4592,4827.1
n2l4q10,"2 qubits/type, 4 layers, 10 output qubits",3925573,162760,6,3.9771,0.09,0.277,0.425,0.063,0.3757,-0.1182,0.4712,4847.0
n2l4q10,"2 qubits/type, 4 layers, 10 output qubits",3925573,162760,7,3.9072,0.102,0.297,0.442,0.0698,0.3838,-0.1132,0.4827,4778.4
n2l4q10,"2 qubits/type, 4 layers, 10 output qubits",3925573,162760,8,3.8533,0.09,0.302,0.446,0.0688,0.3901,-0.1102,0.4852,4919.8
n2l4q10,"2 qubits/type, 4 layers, 10 output qubits",3925573,162760,9,3.8057,0.107,0.324,0.452,0.0748,0.3953,-0.1062,0.4954,4797.1
n2l4q10,"2 qubits/type, 4 layers, 10 output qubits",3925573,162760,10,3.765,0.115,0.332,0.465,0.0786,0.3998,-0.1044,0.4999,4837.5
n2l4q10,"2 qubits/type, 4 layers, 10 output qubits",3925573,162760,11,3.7231,0.109,0.329,0.489,0.0826,0.4029,-0.102,0.5066,4820.1
n2l4q10,"2 qubits/type, 4 layers, 10 output qubits",3925573,162760,12,3.696,0.109,0.341,0.496,0.0843,0.4061,-0.0996,0.5146,4828.6
n2l4q10,"2 qubits/type, 4 layers, 10 output qubits",3925573,162760,13,3.6617,0.118,0.331,0.5,0.0851,0.4097,-0.0977,0.5172,4884.2
n2l4q10,"2 qubits/type, 4 layers, 10 output qubits",3925573,162760,14,3.6292,0.123,0.35,0.507,0.0895,0.4126,-0.0958,0.5246,4786.7
n2l4q10,"2 qubits/type, 4 layers, 10 output qubits",3925573,162760,15,3.5927,0.12,0.364,0.522,0.0929,0.4151,-0.0941,0.5258,4924.2
n2l4q10,"2 qubits/type, 4 layers, 10 output qubits",3925573,162760,16,3.5677,0.13,0.363,0.517,0.0915,0.4188,-0.0925,0.5276,4833.2
n2l4q10,"2 qubits/type, 4 layers, 10 output qubits",3925573,162760,17,3.545,0.122,0.371,0.53,0.0945,0.4212,-0.0909,0.5343,4825.8
n2l4q10,"2 qubits/type, 4 layers, 10 output qubits",3925573,162760,18,3.5209,0.122,0.373,0.521,0.0985,0.4224,-0.0894,0.5349,4774.9
n2l4q10,"2 qubits/type, 4 layers, 10 output qubits",3925573,162760,19,3.4993,0.125,0.37,0.528,0.1005,0.4254,-0.0883,0.5414,4858.6
n2l4q10,"2 qubits/type, 4 layers, 10 output qubits",3925573,162760,20,3.4773,0.125,0.383,0.535,0.1027,0.4277,-0.0874,0.5491,4877.9
n2l4q10,"2 qubits/type, 4 layers, 10 output qubits",3925573,162760,21,3.4568,0.132,0.377,0.538,0.1009,0.4284,-0.086,0.5483,4747.0
n2l4q10,"2 qubits/type, 4 layers, 10 output qubits",3925573,162760,22,3.4414,0.134,0.395,0.556,0.1047,0.4304,-0.0858,0.5516,4919.2
n2l4q10,"2 qubits/type, 4 layers, 10 output qubits",3925573,162760,23,3.4217,0.152,0.395,0.555,0.1071,0.4311,-0.0853,0.554,4848.2
n2l4q10,"2 qubits/type, 4 layers, 10 output qubits",3925573,162760,24,3.3991,0.149,0.393,0.559,0.1093,0.4314,-0.0849,0.5571,4840.0
n2l4q10,"2 qubits/type, 4 layers, 10 output qubits",3925573,162760,25,3.3873,0.151,0.408,0.566,0.1123,0.433,-0.0841,0.559,4760.5
n2l4q10,"2 qubits/type, 4 layers, 10 output qubits",3925573,162760,26,3.3729,0.145,0.394,0.565,0.1101,0.4339,-0.0829,0.5577,4876.2
n2l4q10,"2 qubits/type, 4 layers, 10 output qubits",3925573,162760,27,3.3568,0.141,0.404,0.574,0.1097,0.4358,-0.0833,0.5626,4737.3
n2l4q10,"2 qubits/type, 4 layers, 10 output qubits",3925573,162760,28,3.345,0.155,0.411,0.553,0.1113,0.4363,-0.0827,0.5666,4841.6
n2l4q10,"2 qubits/type, 4 layers, 10 output qubits",3925573,162760,29,3.3335,0.146,0.417,0.561,0.1176,0.4376,-0.082,0.5645,4844.5
n2l4q10,"2 qubits/type, 4 layers, 10 output qubits",3925573,162760,30,3.32,0.142,0.423,0.57,0.1045,0.4386,-0.0813,0.5697,4783.8
n2l4q10,"2 qubits/type, 4 layers, 10 output qubits",3925573,162760,31,3.3128,0.144,0.433,0.595,0.1127,0.4392,-0.0807,0.5688,4849.5
n2l4q10,"2 qubits/type, 4 layers, 10 output qubits",3925573,162760,32,3.2992,0.15,0.411,0.58,0.1137,0.4394,-0.0811,0.5673,4740.8
n2l4q10,"2 qubits/type, 4 layers, 10 output qubits",3925573,162760,33,3.2886,0.16,0.419,0.588,0.1198,0.44,-0.0808,0.5667,4910.3
n2l4q10,"2 qubits/type, 4 layers, 10 output qubits",3925573,162760,34,3.2782,0.157,0.419,0.593,0.1174,0.4411,-0.0805,0.5671,4749.4
n2l4q10,"2 qubits/type, 4 layers, 10 output qubits",3925573,162760,35,3.2674,0.159,0.413,0.579,0.1155,0.4406,-0.0805,0.5672,4889.5
n2l4q10,"2 qubits/type, 4 layers, 10 output qubits",3925573,162760,36,3.2648,0.16,0.424,0.58,0.1172,0.4415,-0.0805,0.5715,4800.9
n2l4q10,"2 qubits/type, 4 layers, 10 output qubits",3925573,162760,37,3.2535,0.153,0.401,0.571,0.1123,0.441,-0.0804,0.5715,4881.9
n2l4q10,"2 qubits/type, 4 layers, 10 output qubits",3925573,162760,38,3.2489,0.138,0.403,0.583,0.1163,0.4419,-0.0792,0.5713,4889.7
n2l4q10,"2 qubits/type, 4 layers, 10 output qubits",3925573,162760,39,3.2422,0.15,0.421,0.572,0.1139,0.4427,-0.0796,0.5743,4776.8
n2l4q10,"2 qubits/type, 4 layers, 10 output qubits",3925573,162760,40,3.2307,0.136,0.424,0.578,0.1143,0.4431,-0.0799,0.5743,4898.6
n2l4q10,"2 qubits/type, 4 layers, 10 output qubits",3925573,162760,41,3.2217,0.154,0.418,0.59,0.1165,0.4432,-0.0795,0.5747,4814.9
n2l4q10,"2 qubits/type, 4 layers, 10 output qubits",3925573,162760,42,3.2221,0.136,0.406,0.586,0.1184,0.4433,-0.0793,0.5761,4802.5
n2l4q10,"2 qubits/type, 4 layers, 10 output qubits",3925573,162760,43,3.2127,0.153,0.434,0.591,0.1214,0.4442,-0.0786,0.5796,4834.6
n2l4q10,"2 qubits/type, 4 layers, 10 output qubits",3925573,162760,44,3.2065,0.14,0.426,0.602,0.1174,0.4442,-0.0785,0.5779,4834.9
n2l4q10,"2 qubits/type, 4 layers, 10 output qubits",3925573,162760,45,3.1968,0.141,0.429,0.61,0.1184,0.4444,-0.0783,0.5755,4857.7
n2l4q10,"2 qubits/type, 4 layers, 10 output qubits",3925573,162760,46,3.1944,0.16,0.434,0.606,0.1254,0.4454,-0.078,0.58,4847.2
n2l4q10,"2 qubits/type, 4 layers, 10 output qubits",3925573,162760,47,3.1898,0.157,0.439,0.598,0.121,0.4448,-0.0782,0.5765,4916.0
n2l4q10,"2 qubits/type, 4 layers, 10 output qubits",3925573,162760,48,3.1834,0.136,0.417,0.595,0.1196,0.4452,-0.0782,0.5792,4819.5
n2l4q10,"2 qubits/type, 4 layers, 10 output qubits",3925573,162760,49,3.1765,0.136,0.422,0.587,0.1258,0.4455,-0.0783,0.5815,4951.3
n2l4q10,"2 qubits/type, 4 layers, 10 output qubits",3925573,162760,50,3.1693,0.155,0.437,0.615,0.121,0.4455,-0.0784,0.5807,4783.0
n2l4q10,"2 qubits/type, 4 layers, 10 output qubits",3925573,162760,51,3.1655,0.166,0.432,0.6,0.1174,0.4462,-0.0778,0.5817,4847.8
n2l4q10,"2 qubits/type, 4 layers, 10 output qubits",3925573,162760,52,3.1611,0.148,0.444,0.6,0.122,0.4464,-0.078,0.5851,4859.2
n2l4q10,"2 qubits/type, 4 layers, 10 output qubits",3925573,162760,53,3.16,0.152,0.434,0.593,0.1236,0.4464,-0.0773,0.5865,4862.6
n2l4q10,"2 qubits/type, 4 layers, 10 output qubits",3925573,162760,54,3.1525,0.148,0.443,0.618,0.1184,0.4477,-0.0769,0.5825,4868.3
n2l4q10,"2 qubits/type, 4 layers, 10 output qubits",3925573,162760,55,3.1473,0.153,0.44,0.599,0.123,0.4476,-0.0768,0.5851,4811.1
n2l4q10,"2 qubits/type, 4 layers, 10 output qubits",3925573,162760,56,3.1448,0.157,0.436,0.598,0.123,0.4475,-0.0759,0.5873,4874.0
n2l4q11,"2 qubits/type, 4 layers, 11 output qubits",4013101,165852,0,5.3828,0.013,0.063,0.107,0.0058,0.1367,-0.2017,0.106,9156.9
n2l4q11,"2 qubits/type, 4 layers, 11 output qubits",4013101,165852,1,4.9037,0.037,0.121,0.204,0.0171,0.2331,-0.1835,0.2914,9142.6
n2l4q11,"2 qubits/type, 4 layers, 11 output qubits",4013101,165852,2,4.5727,0.056,0.177,0.267,0.0337,0.284,-0.1617,0.3604,10486.2
n2l4q11,"2 qubits/type, 4 layers, 11 output qubits",4013101,165852,3,4.3527,0.068,0.21,0.337,0.0441,0.3133,-0.147,0.3871,9717.3
n2l4q11,"2 qubits/type, 4 layers, 11 output qubits",4013101,165852,4,4.1962,0.087,0.24,0.365,0.0554,0.3364,-0.1369,0.4161,8225.0
n2l4q11,"2 qubits/type, 4 layers, 11 output qubits",4013101,165852,5,4.0844,0.088,0.268,0.405,0.0582,0.3497,-0.1273,0.4358,8379.8
n2l4q11,"2 qubits/type, 4 layers, 11 output qubits",4013101,165852,6,3.9916,0.089,0.285,0.41,0.0678,0.361,-0.122,0.4479,9264.1
n2l4q11,"2 qubits/type, 4 layers, 11 output qubits",4013101,165852,7,3.922,0.101,0.303,0.447,0.0706,0.3707,-0.1169,0.457,9465.1
n2l4q11,"2 qubits/type, 4 layers, 11 output qubits",4013101,165852,8,3.865,0.114,0.312,0.457,0.077,0.3771,-0.1123,0.467,9228.4
n2l4q11,"2 qubits/type, 4 layers, 11 output qubits",4013101,165852,9,3.8127,0.105,0.33,0.483,0.0826,0.3841,-0.1108,0.4773,9623.1
n2l4q11,"2 qubits/type, 4 layers, 11 output qubits",4013101,165852,10,3.7681,0.129,0.356,0.513,0.0847,0.3903,-0.1083,0.4865,9369.5
n2l4q11,"2 qubits/type, 4 layers, 11 output qubits",4013101,165852,11,3.7248,0.121,0.356,0.519,0.0901,0.394,-0.1057,0.4876,9314.5
n2l4q11,"2 qubits/type, 4 layers, 11 output qubits",4013101,165852,12,3.6922,0.129,0.384,0.525,0.0923,0.3986,-0.1046,0.4949,8441.5
n2l4q11,"2 qubits/type, 4 layers, 11 output qubits",4013101,165852,13,3.6586,0.142,0.385,0.539,0.0953,0.4016,-0.1018,0.5013,8736.4
n2l4q11,"2 qubits/type, 4 layers, 11 output qubits",4013101,165852,14,3.6214,0.14,0.393,0.546,0.0919,0.4054,-0.101,0.5078,8792.4
n2l4q11,"2 qubits/type, 4 layers, 11 output qubits",4013101,165852,15,3.592,0.138,0.393,0.545,0.0955,0.4077,-0.1002,0.5091,8691.8
n2l4q11,"2 qubits/type, 4 layers, 11 output qubits",4013101,165852,16,3.5672,0.14,0.4,0.553,0.0953,0.4099,-0.0991,0.5167,9256.0
n2l4q11,"2 qubits/type, 4 layers, 11 output qubits",4013101,165852,17,3.548,0.128,0.386,0.553,0.1009,0.4117,-0.0986,0.5198,9295.4
n2l4q11,"2 qubits/type, 4 layers, 11 output qubits",4013101,165852,18,3.5225,0.138,0.404,0.56,0.1045,0.4147,-0.0978,0.5227,9256.8
n2l4q11,"2 qubits/type, 4 layers, 11 output qubits",4013101,165852,19,3.5012,0.13,0.409,0.566,0.1029,0.4163,-0.096,0.5252,8967.4
n2l4q11,"2 qubits/type, 4 layers, 11 output qubits",4013101,165852,20,3.487,0.146,0.421,0.568,0.1069,0.4184,-0.096,0.5265,9557.4
n2l4q11,"2 qubits/type, 4 layers, 11 output qubits",4013101,165852,21,3.4674,0.139,0.426,0.574,0.1053,0.4202,-0.0947,0.5319,9804.8
n2l4q11,"2 qubits/type, 4 layers, 11 output qubits",4013101,165852,22,3.45,0.147,0.425,0.585,0.1037,0.422,-0.0944,0.5328,9844.0
n2l4q11,"2 qubits/type, 4 layers, 11 output qubits",4013101,165852,23,3.4316,0.15,0.416,0.562,0.1103,0.4236,-0.0934,0.5354,9306.1
n2l4q11,"2 qubits/type, 4 layers, 11 output qubits",4013101,165852,24,3.4167,0.152,0.432,0.581,0.1045,0.4256,-0.0931,0.5393,8514.5
n2l4q11,"2 qubits/type, 4 layers, 11 output qubits",4013101,165852,25,3.4,0.146,0.435,0.57,0.1051,0.4267,-0.0931,0.54,8360.1
n2l4q11,"2 qubits/type, 4 layers, 11 output qubits",4013101,165852,26,3.3861,0.147,0.419,0.585,0.1069,0.4271,-0.0926,0.5411,8446.7
n2l4q11,"2 qubits/type, 4 layers, 11 output qubits",4013101,165852,27,3.3737,0.149,0.426,0.592,0.1089,0.4287,-0.092,0.5431,12674.0
n2l4q11,"2 qubits/type, 4 layers, 11 output qubits",4013101,165852,28,3.363,0.143,0.414,0.588,0.1091,0.4303,-0.0916,0.5464,8415.1
n2l4q11,"2 qubits/type, 4 layers, 11 output qubits",4013101,165852,29,3.3497,0.146,0.429,0.596,0.1101,0.4316,-0.0915,0.5485,8488.9
n2l5,"2 qubits/type, 5 layers",4797556,159668,0,5.3251,0.015,0.063,0.109,0.0112,0.1578,-0.1846,0.1272,2444.0
n2l5,"2 qubits/type, 5 layers",4797556,159668,1,4.8613,0.029,0.103,0.176,0.0191,0.2418,-0.1834,0.3196,2331.8
n2l5,"2 qubits/type, 5 layers",4797556,159668,2,4.5713,0.036,0.162,0.237,0.0329,0.2992,-0.1715,0.4202,2284.4
n2l5,"2 qubits/type, 5 layers",4797556,159668,3,4.3553,0.049,0.204,0.321,0.0365,0.3353,-0.1588,0.4683,2329.1
n2l5,"2 qubits/type, 5 layers",4797556,159668,4,4.1902,0.064,0.235,0.363,0.0479,0.3587,-0.1466,0.4944,3078.8
n2l5,"2 qubits/type, 5 layers",4797556,159668,5,4.0466,0.078,0.251,0.396,0.0622,0.3763,-0.1369,0.529,3236.8
n2l5,"2 qubits/type, 5 layers",4797556,159668,6,3.928,0.103,0.288,0.439,0.0656,0.3877,-0.1274,0.5415,3232.6
n2l5,"2 qubits/type, 5 layers",4797556,159668,7,3.8349,0.103,0.324,0.472,0.0732,0.3966,-0.1208,0.551,3234.2
n2l5,"2 qubits/type, 5 layers",4797556,159668,8,3.7518,0.11,0.344,0.497,0.0845,0.4053,-0.1164,0.563,3278.1
n2l5,"2 qubits/type, 5 layers",4797556,159668,9,3.6874,0.11,0.353,0.505,0.0851,0.4133,-0.1147,0.5655,3141.9
n2l5,"2 qubits/type, 5 layers",4797556,159668,10,3.6275,0.111,0.38,0.527,0.0883,0.4191,-0.1111,0.571,3005.2
n2l5,"2 qubits/type, 5 layers",4797556,159668,11,3.5782,0.133,0.381,0.551,0.0937,0.4251,-0.1086,0.5749,2916.9
n2l5,"2 qubits/type, 5 layers",4797556,159668,12,3.5292,0.136,0.412,0.566,0.1025,0.4304,-0.1076,0.5799,3134.8
n2l5,"2 qubits/type, 5 layers",4797556,159668,13,3.4922,0.142,0.405,0.565,0.1027,0.435,-0.1062,0.5833,3218.1
n2l5,"2 qubits/type, 5 layers",4797556,159668,14,3.4524,0.135,0.409,0.578,0.1053,0.4371,-0.1048,0.5823,3232.6
n2l5,"2 qubits/type, 5 layers",4797556,159668,15,3.4236,0.142,0.398,0.558,0.1069,0.4416,-0.1054,0.5847,3115.1
n2l5,"2 qubits/type, 5 layers",4797556,159668,16,3.398,0.144,0.418,0.579,0.1147,0.4436,-0.104,0.5878,3052.5
n2l5,"2 qubits/type, 5 layers",4797556,159668,17,3.3722,0.14,0.434,0.583,0.1119,0.446,-0.1041,0.5877,2829.5
n2l5,"2 qubits/type, 5 layers",4797556,159668,18,3.3509,0.155,0.421,0.592,0.1194,0.4484,-0.1035,0.5894,2864.9
n2l5,"2 qubits/type, 5 layers",4797556,159668,19,3.3263,0.144,0.422,0.609,0.1137,0.4502,-0.1023,0.594,2880.7
n2l5,"2 qubits/type, 5 layers",4797556,159668,20,3.3073,0.15,0.454,0.62,0.1214,0.4529,-0.1029,0.5935,2722.5
n2l5,"2 qubits/type, 5 layers",4797556,159668,21,3.2863,0.151,0.441,0.599,0.121,0.4534,-0.1017,0.5861,2467.6
n2l5,"2 qubits/type, 5 layers",4797556,159668,22,3.2682,0.151,0.443,0.596,0.1236,0.4556,-0.1014,0.5915,2514.1
n2l5,"2 qubits/type, 5 layers",4797556,159668,23,3.2514,0.167,0.451,0.606,0.1226,0.4575,-0.1024,0.5927,2381.9
n2l5,"2 qubits/type, 5 layers",4797556,159668,24,3.2351,0.163,0.453,0.614,0.1228,0.4595,-0.1015,0.5907,2407.4
n2l5,"2 qubits/type, 5 layers",4797556,159668,25,3.2214,0.178,0.457,0.602,0.1292,0.4596,-0.1012,0.5943,2382.1
n2l5,"2 qubits/type, 5 layers",4797556,159668,26,3.2072,0.177,0.45,0.598,0.125,0.4613,-0.101,0.5932,2308.3
n2l5,"2 qubits/type, 5 layers",4797556,159668,27,3.1945,0.163,0.463,0.617,0.13,0.4621,-0.1022,0.5934,2308.3
n2l5,"2 qubits/type, 5 layers",4797556,159668,28,3.1795,0.175,0.454,0.616,0.1286,0.464,-0.1016,0.5937,2340.5
n2l5,"2 qubits/type, 5 layers",4797556,159668,29,3.17,0.173,0.472,0.614,0.1284,0.4644,-0.1012,0.5938,2480.0
n2l5,"2 qubits/type, 5 layers",4797556,159668,30,3.1639,0.179,0.461,0.617,0.1258,0.4655,-0.102,0.5878,3393.2
n2l5,"2 qubits/type, 5 layers",4797556,159668,31,3.1468,0.178,0.463,0.621,0.133,0.4661,-0.1017,0.5912,3497.5
n2l5,"2 qubits/type, 5 layers",4797556,159668,32,3.1423,0.17,0.458,0.625,0.1326,0.4665,-0.1022,0.5932,3443.0
n2l5,"2 qubits/type, 5 layers",4797556,159668,33,3.1303,0.18,0.455,0.625,0.1322,0.4674,-0.1018,0.5911,3252.1
n2l5,"2 qubits/type, 5 layers",4797556,159668,34,3.1236,0.177,0.47,0.645,0.1308,0.4676,-0.1022,0.5939,2896.3
n2l5,"2 qubits/type, 5 layers",4797556,159668,35,3.1165,0.175,0.466,0.63,0.1286,0.4687,-0.1021,0.5915,2863.8
n2l5,"2 qubits/type, 5 layers",4797556,159668,36,3.1085,0.186,0.482,0.643,0.1374,0.4708,-0.1018,0.5915,2864.8
n2l5,"2 qubits/type, 5 layers",4797556,159668,37,3.0966,0.193,0.474,0.633,0.1402,0.4705,-0.1021,0.5931,3379.0
n2l5,"2 qubits/type, 5 layers",4797556,159668,38,3.0896,0.186,0.461,0.629,0.137,0.4711,-0.1024,0.5987,2609.5
n2l5,"2 qubits/type, 5 layers",4797556,159668,39,3.0783,0.182,0.485,0.655,0.1374,0.4721,-0.1022,0.5908,2650.6
n2l5,"2 qubits/type, 5 layers",4797556,159668,40,3.0729,0.182,0.488,0.643,0.1376,0.4728,-0.1027,0.5941,2753.0
n2l5,"2 qubits/type, 5 layers",4797556,159668,41,3.068,0.184,0.48,0.639,0.1412,0.4727,-0.1024,0.5898,2642.7
n2l5,"2 qubits/type, 5 layers",4797556,159668,42,3.0662,0.185,0.492,0.646,0.1398,0.4732,-0.1028,0.5926,2627.8
n2l5,"2 qubits/type, 5 layers",4797556,159668,43,3.0549,0.189,0.476,0.661,0.1366,0.4743,-0.103,0.593,2456.8
n2l5,"2 qubits/type, 5 layers",4797556,159668,44,3.0512,0.2,0.488,0.64,0.1382,0.4741,-0.1025,0.591,2459.1
n2l5,"2 qubits/type, 5 layers",4797556,159668,45,3.0442,0.188,0.488,0.631,0.1372,0.4745,-0.1025,0.5918,3005.8
n2l5,"2 qubits/type, 5 layers",4797556,159668,46,3.0332,0.192,0.493,0.643,0.1386,0.4765,-0.1026,0.5895,2828.0
n2l5,"2 qubits/type, 5 layers",4797556,159668,47,3.03,0.205,0.485,0.632,0.1438,0.4772,-0.1035,0.5901,2692.2
n2l5,"2 qubits/type, 5 layers",4797556,159668,48,3.0245,0.205,0.475,0.631,0.1424,0.4776,-0.1024,0.592,2713.1
n2l5,"2 qubits/type, 5 layers",4797556,159668,49,3.0169,0.192,0.5,0.655,0.1446,0.4779,-0.103,0.5943,2628.5
n2l5,"2 qubits/type, 5 layers",4797556,159668,50,3.0133,0.192,0.483,0.667,0.143,0.4789,-0.1022,0.5897,2550.3
n2l5,"2 qubits/type, 5 layers",4797556,159668,51,3.0089,0.195,0.498,0.652,0.1422,0.4785,-0.1027,0.5906,2517.7
n2l5,"2 qubits/type, 5 layers",4797556,159668,52,3.0035,0.199,0.504,0.647,0.1424,0.4783,-0.1032,0.5946,2522.0
n2l5,"2 qubits/type, 5 layers",4797556,159668,53,2.9997,0.199,0.499,0.661,0.1456,0.4798,-0.1025,0.5944,2538.8
n2l5,"2 qubits/type, 5 layers",4797556,159668,54,2.9967,0.198,0.495,0.655,0.1488,0.4799,-0.103,0.5902,2538.2
n2l5,"2 qubits/type, 5 layers",4797556,159668,55,2.9921,0.21,0.502,0.657,0.1486,0.4806,-0.1034,0.593,2477.5
n2l5,"2 qubits/type, 5 layers",4797556,159668,56,2.9862,0.189,0.501,0.662,0.1464,0.4809,-0.1027,0.5917,2475.2
n2l5,"2 qubits/type, 5 layers",4797556,159668,57,2.982,0.191,0.503,0.657,0.1476,0.4818,-0.103,0.5962,2484.2
n2l5,"2 qubits/type, 5 layers",4797556,159668,58,2.9739,0.205,0.482,0.667,0.1418,0.4822,-0.1029,0.596,2481.7
n2l5,"2 qubits/type, 5 layers",4797556,159668,59,2.9704,0.202,0.5,0.677,0.1404,0.4817,-0.1035,0.5966,2522.6
n2l5,"2 qubits/type, 5 layers",4797556,159668,60,2.9738,0.196,0.501,0.666,0.1498,0.4823,-0.1028,0.5949,2504.9
n2l5,"2 qubits/type, 5 layers",4797556,159668,61,2.9681,0.197,0.514,0.674,0.1515,0.484,-0.1035,0.5943,2515.9
n2l5,"2 qubits/type, 5 layers",4797556,159668,62,2.9601,0.199,0.527,0.676,0.1466,0.4832,-0.1032,0.5957,2749.1
n2l5,"2 qubits/type, 5 layers",4797556,159668,63,2.9547,0.197,0.511,0.682,0.1468,0.4839,-0.1038,0.5964,2894.9
n2l5,"2 qubits/type, 5 layers",4797556,159668,64,2.9475,0.195,0.505,0.671,0.147,0.4842,-0.1046,0.5948,2932.4
n2l5,"2 qubits/type, 5 layers",4797556,159668,65,2.9458,0.213,0.522,0.664,0.1498,0.4849,-0.1037,0.5987,3142.5
n2l5,"2 qubits/type, 5 layers",4797556,159668,66,2.9432,0.194,0.514,0.671,0.1498,0.4848,-0.1042,0.5985,2806.5
n2l5,"2 qubits/type, 5 layers",4797556,159668,67,2.9402,0.209,0.511,0.674,0.1505,0.4857,-0.1037,0.5985,2725.7
n2l5,"2 qubits/type, 5 layers",4797556,159668,68,2.9383,0.204,0.501,0.673,0.147,0.4856,-0.1046,0.5964,2808.2
n2l5,"2 qubits/type, 5 layers",4797556,159668,69,2.9338,0.196,0.516,0.68,0.1498,0.4861,-0.1046,0.5979,2755.6
n2l5,"2 qubits/type, 5 layers",4797556,159668,70,2.9308,0.201,0.529,0.665,0.1501,0.4865,-0.1043,0.596,2763.8
n2l5,"2 qubits/type, 5 layers",4797556,159668,71,2.9272,0.213,0.497,0.666,0.148,0.4867,-0.1043,0.5956,2739.3
n2l5,"2 qubits/type, 5 layers",4797556,159668,72,2.9253,0.207,0.512,0.668,0.1553,0.4868,-0.1051,0.5976,2723.0
n2l5,"2 qubits/type, 5 layers",4797556,159668,73,2.9197,0.213,0.532,0.678,0.1573,0.4875,-0.1047,0.6006,2759.7
n2l5,"2 qubits/type, 5 layers",4797556,159668,74,2.9175,0.218,0.514,0.681,0.1537,0.4874,-0.1048,0.5985,2709.3
n2l5,"2 qubits/type, 5 layers",4797556,159668,75,2.9149,0.206,0.518,0.68,0.1581,0.488,-0.105,0.5995,2720.9
n2l5,"2 qubits/type, 5 layers",4797556,159668,76,2.9107,0.221,0.521,0.684,0.1529,0.488,-0.1048,0.5983,2695.6
n2l5,"2 qubits/type, 5 layers",4797556,159668,77,2.9076,0.195,0.513,0.674,0.1561,0.4883,-0.1051,0.5986,2760.1
n2l5,"2 qubits/type, 5 layers",4797556,159668,78,2.9059,0.198,0.518,0.672,0.1559,0.4885,-0.1056,0.604,2675.2
n2l5,"2 qubits/type, 5 layers",4797556,159668,79,2.9029,0.212,0.534,0.681,0.1583,0.4887,-0.1051,0.5998,2656.5
n2l5,"2 qubits/type, 5 layers",4797556,159668,80,2.8986,0.207,0.529,0.68,0.1611,0.4891,-0.1056,0.6031,2653.8
n2l5,"2 qubits/type, 5 layers",4797556,159668,81,2.8975,0.23,0.526,0.686,0.1595,0.489,-0.1052,0.6045,2653.5
n2l5,"2 qubits/type, 5 layers",4797556,159668,82,2.8929,0.217,0.519,0.666,0.1589,0.4896,-0.1051,0.603,2689.8
n2l5,"2 qubits/type, 5 layers",4797556,159668,83,2.8932,0.218,0.526,0.685,0.1589,0.4909,-0.1043,0.6029,2710.3
n2l5,"2 qubits/type, 5 layers",4797556,159668,84,2.8881,0.222,0.531,0.683,0.1623,0.4899,-0.1059,0.5997,2635.4
n2l5,"2 qubits/type, 5 layers",4797556,159668,85,2.8858,0.23,0.541,0.689,0.1619,0.4905,-0.1058,0.5982,2652.2
n2l5,"2 qubits/type, 5 layers",4797556,159668,86,2.8849,0.211,0.512,0.676,0.1555,0.4906,-0.1061,0.6043,2717.6
n2l5,"2 qubits/type, 5 layers",4797556,159668,87,2.8827,0.218,0.527,0.69,0.1571,0.491,-0.1053,0.6011,2609.4
n2l5,"2 qubits/type, 5 layers",4797556,159668,88,2.8852,0.216,0.524,0.696,0.1685,0.4907,-0.1049,0.6081,2637.1
n2l5,"2 qubits/type, 5 layers",4797556,159668,89,2.8756,0.208,0.517,0.672,0.1607,0.4918,-0.1051,0.6004,2691.6
n2l5,"2 qubits/type, 5 layers",4797556,159668,90,2.8776,0.211,0.527,0.679,0.1621,0.4921,-0.1057,0.5996,2575.2
n2l5,"2 qubits/type, 5 layers",4797556,159668,91,2.8758,0.212,0.522,0.684,0.1605,0.4917,-0.1053,0.6029,2633.1
n2l5,"2 qubits/type, 5 layers",4797556,159668,92,2.8694,0.221,0.536,0.69,0.1665,0.4919,-0.1063,0.6016,2853.5
n2l5,"2 qubits/type, 5 layers",4797556,159668,93,2.8679,0.227,0.528,0.682,0.1651,0.4919,-0.106,0.6021,3036.8
n2l5,"2 qubits/type, 5 layers",4797556,159668,94,2.8691,0.218,0.522,0.685,0.1599,0.4927,-0.1064,0.6052,3145.7
n2l5,"2 qubits/type, 5 layers",4797556,159668,95,2.8659,0.212,0.528,0.692,0.1645,0.4924,-0.1065,0.6031,3358.0
n2l5,"2 qubits/type, 5 layers",4797556,159668,96,2.8618,0.225,0.536,0.684,0.1621,0.4931,-0.1059,0.6005,4461.3
n2l5,"2 qubits/type, 5 layers",4797556,159668,97,2.858,0.227,0.533,0.696,0.1631,0.4935,-0.1063,0.6056,4192.5
n2l5,"2 qubits/type, 5 layers",4797556,159668,98,2.8595,0.225,0.523,0.68,0.1643,0.4932,-0.1067,0.6035,3791.3
n2l5,"2 qubits/type, 5 layers",4797556,159668,99,2.8563,0.235,0.536,0.703,0.1575,0.4931,-0.1063,0.6039,3810.3
n2l6,"2 qubits/type, 6 layers",5757067,159668,0,5.304,0.017,0.074,0.112,0.0134,0.172,-0.1889,0.1598,3497.9
n2l6,"2 qubits/type, 6 layers",5757067,159668,1,4.7789,0.031,0.13,0.199,0.0233,0.2621,-0.1685,0.2899,3435.3
n2l6,"2 qubits/type, 6 layers",5757067,159668,2,4.4541,0.05,0.185,0.286,0.0345,0.3116,-0.1518,0.3557,3380.4
n2l6,"2 qubits/type, 6 layers",5757067,159668,3,4.2589,0.067,0.225,0.344,0.0461,0.3381,-0.1387,0.4104,3586.2
n2l6,"2 qubits/type, 6 layers",5757067,159668,4,4.1202,0.086,0.253,0.383,0.0596,0.3555,-0.1314,0.4425,3389.7
n2l6,"2 qubits/type, 6 layers",5757067,159668,5,4.0219,0.095,0.279,0.409,0.0652,0.3693,-0.1276,0.4701,3407.6
n2l6,"2 qubits/type, 6 layers",5757067,159668,6,3.9431,0.084,0.282,0.434,0.0692,0.3788,-0.1253,0.4907,3312.1
n2l6,"2 qubits/type, 6 layers",5757067,159668,7,3.8853,0.099,0.311,0.445,0.0752,0.3876,-0.1242,0.5029,3351.0
n2l6,"2 qubits/type, 6 layers",5757067,159668,8,3.8266,0.105,0.313,0.474,0.0792,0.393,-0.1226,0.518,3237.6
n2l6,"2 qubits/type, 6 layers",5757067,159668,9,3.775,0.116,0.332,0.488,0.0788,0.3975,-0.1217,0.5236,3230.2
n2l6,"2 qubits/type, 6 layers",5757067,159668,10,3.7359,0.128,0.343,0.513,0.0847,0.4034,-0.1219,0.529,3619.1
n2l6,"2 qubits/type, 6 layers",5757067,159668,11,3.6953,0.111,0.34,0.516,0.0893,0.4082,-0.1224,0.5451,3793.0
n2l6,"2 qubits/type, 6 layers",5757067,159668,12,3.6579,0.126,0.373,0.524,0.0901,0.4135,-0.1226,0.5487,3881.2
n2l6,"2 qubits/type, 6 layers",5757067,159668,13,3.6203,0.123,0.376,0.542,0.0921,0.4174,-0.1229,0.5586,3651.4
n2l6,"2 qubits/type, 6 layers",5757067,159668,14,3.5852,0.132,0.375,0.547,0.0989,0.4218,-0.1232,0.5631,3555.2
n2l6,"2 qubits/type, 6 layers",5757067,159668,15,3.5559,0.146,0.398,0.552,0.1027,0.4252,-0.1239,0.5698,3839.8
n2l6,"2 qubits/type, 6 layers",5757067,159668,16,3.5189,0.131,0.41,0.576,0.1071,0.4296,-0.1233,0.5755,3523.9
n2l6,"2 qubits/type, 6 layers",5757067,159668,17,3.4926,0.145,0.408,0.577,0.1111,0.4335,-0.1244,0.5825,3398.9
n2l6,"2 qubits/type, 6 layers",5757067,159668,18,3.4608,0.146,0.425,0.585,0.1127,0.4368,-0.1231,0.584,3371.3
n2l6,"2 qubits/type, 6 layers",5757067,159668,19,3.4302,0.141,0.426,0.591,0.1159,0.441,-0.1232,0.5878,3815.0
n2l6,"2 qubits/type, 6 layers",5757067,159668,20,3.4062,0.151,0.427,0.592,0.122,0.4427,-0.1237,0.5941,3447.2
n2l6,"2 qubits/type, 6 layers",5757067,159668,21,3.3743,0.145,0.451,0.612,0.124,0.4453,-0.1223,0.5913,3474.3
n2l6,"2 qubits/type, 6 layers",5757067,159668,22,3.3551,0.16,0.442,0.611,0.1232,0.4484,-0.1218,0.5958,3424.6
n2l6,"2 qubits/type, 6 layers",5757067,159668,23,3.3347,0.156,0.449,0.613,0.1308,0.4502,-0.1217,0.5994,3488.3
n2l6,"2 qubits/type, 6 layers",5757067,159668,24,3.3123,0.157,0.456,0.625,0.1296,0.4533,-0.1206,0.6,3901.8
n2l6,"2 qubits/type, 6 layers",5757067,159668,25,3.2926,0.155,0.443,0.62,0.1278,0.4551,-0.119,0.5993,4477.4
n2l6,"2 qubits/type, 6 layers",5757067,159668,26,3.2751,0.168,0.455,0.621,0.1312,0.4569,-0.1199,0.6039,4271.2
n2l6,"2 qubits/type, 6 layers",5757067,159668,27,3.2573,0.166,0.46,0.636,0.136,0.4579,-0.1184,0.6053,4155.4
n2l6,"2 qubits/type, 6 layers",5757067,159668,28,3.2421,0.168,0.465,0.642,0.1332,0.4603,-0.1182,0.6078,4150.9
n2l6,"2 qubits/type, 6 layers",5757067,159668,29,3.2254,0.17,0.474,0.634,0.1372,0.4613,-0.1177,0.6071,3712.8
n2l6,"2 qubits/type, 6 layers",5757067,159668,30,3.2123,0.193,0.478,0.644,0.1438,0.4621,-0.1171,0.6124,3358.4
n2l6,"2 qubits/type, 6 layers",5757067,159668,31,3.2,0.176,0.477,0.652,0.1406,0.4636,-0.1171,0.6116,3376.1
n2l6,"2 qubits/type, 6 layers",5757067,159668,32,3.1842,0.177,0.478,0.656,0.1404,0.4651,-0.1164,0.6116,3373.8
n2l6,"2 qubits/type, 6 layers",5757067,159668,33,3.1727,0.184,0.499,0.661,0.1484,0.4658,-0.1156,0.6122,3481.1
n2l6,"2 qubits/type, 6 layers",5757067,159668,34,3.1639,0.199,0.497,0.658,0.148,0.467,-0.1155,0.6149,3375.5
n2l6,"2 qubits/type, 6 layers",5757067,159668,35,3.1494,0.183,0.514,0.66,0.1456,0.4685,-0.1152,0.6142,3362.7
n2l6,"2 qubits/type, 6 layers",5757067,159668,36,3.1396,0.202,0.505,0.664,0.147,0.4696,-0.1138,0.62,3328.7
n2l6,"2 qubits/type, 6 layers",5757067,159668,37,3.1295,0.203,0.505,0.665,0.1503,0.4704,-0.1144,0.619,3329.1
n2l6,"2 qubits/type, 6 layers",5757067,159668,38,3.1165,0.2,0.507,0.66,0.1533,0.4718,-0.1144,0.6199,3326.9
n2l6,"2 qubits/type, 6 layers",5757067,159668,39,3.1111,0.205,0.511,0.654,0.1529,0.4729,-0.1141,0.6266,3302.5
n2l6,"2 qubits/type, 6 layers",5757067,159668,40,3.1055,0.201,0.504,0.649,0.1513,0.472,-0.1132,0.6188,3300.2
n2l6,"2 qubits/type, 6 layers",5757067,159668,41,3.0917,0.21,0.518,0.674,0.1535,0.4741,-0.1124,0.6219,3303.8
n2l6,"2 qubits/type, 6 layers",5757067,159668,42,3.0854,0.188,0.508,0.659,0.1529,0.4734,-0.1125,0.6225,3306.8
n2l6,"2 qubits/type, 6 layers",5757067,159668,43,3.0765,0.197,0.512,0.666,0.1525,0.4749,-0.1128,0.6209,3286.7
n2l6,"2 qubits/type, 6 layers",5757067,159668,44,3.0735,0.209,0.508,0.671,0.1513,0.4755,-0.1128,0.6248,3306.3
n2l6,"2 qubits/type, 6 layers",5757067,159668,45,3.064,0.188,0.503,0.668,0.1531,0.4765,-0.1111,0.6211,3290.0
n2l6,"2 qubits/type, 6 layers",5757067,159668,46,3.0575,0.203,0.494,0.67,0.1476,0.4774,-0.1122,0.6263,3285.1
n2l6,"2 qubits/type, 6 layers",5757067,159668,47,3.0499,0.199,0.504,0.666,0.1474,0.478,-0.1118,0.6285,3343.7
n2l6,"2 qubits/type, 6 layers",5757067,159668,48,3.0443,0.202,0.511,0.665,0.1541,0.4779,-0.1106,0.6246,4589.8
n2l6,"2 qubits/type, 6 layers",5757067,159668,49,3.0368,0.202,0.522,0.671,0.1539,0.4786,-0.1114,0.6295,4364.2
n2l6,"2 qubits/type, 6 layers",5757067,159668,50,3.0332,0.213,0.517,0.69,0.1523,0.4785,-0.1114,0.631,3541.4
n2l6,"2 qubits/type, 6 layers",5757067,159668,51,3.0222,0.206,0.504,0.674,0.1519,0.4795,-0.1113,0.63,3563.3
n2l6,"2 qubits/type, 6 layers",5757067,159668,52,3.0191,0.191,0.516,0.674,0.1561,0.4809,-0.1113,0.6314,3476.0
n2l6,"2 qubits/type, 6 layers",5757067,159668,53,3.0172,0.207,0.51,0.686,0.1595,0.4806,-0.1112,0.634,3726.2
n2l6,"2 qubits/type, 6 layers",5757067,159668,54,3.0128,0.199,0.517,0.676,0.1537,0.4814,-0.1108,0.6399,3795.0
n2l6,"2 qubits/type, 6 layers",5757067,159668,55,3.0062,0.217,0.518,0.678,0.1611,0.482,-0.1095,0.6334,3805.9
n2l6,"2 qubits/type, 6 layers",5757067,159668,56,3.0012,0.21,0.504,0.678,0.1513,0.4823,-0.1101,0.6358,3839.3
n2l6,"2 qubits/type, 6 layers",5757067,159668,57,2.9942,0.19,0.527,0.682,0.1559,0.4831,-0.1098,0.6378,3813.3
n2l6,"2 qubits/type, 6 layers",5757067,159668,58,2.9889,0.198,0.524,0.683,0.1525,0.4841,-0.1094,0.6382,3455.1
n2l6,"2 qubits/type, 6 layers",5757067,159668,59,2.9845,0.203,0.526,0.684,0.1492,0.484,-0.1102,0.642,3454.8
n2l6,"2 qubits/type, 6 layers",5757067,159668,60,2.9812,0.197,0.506,0.672,0.147,0.4838,-0.1092,0.6362,3436.1
n2l6,"2 qubits/type, 6 layers",5757067,159668,61,2.9771,0.199,0.488,0.674,0.1529,0.4847,-0.1108,0.6415,3450.2
n2l6,"2 qubits/type, 6 layers",5757067,159668,62,2.9699,0.199,0.525,0.673,0.1505,0.4855,-0.1107,0.6386,3436.1
n2l6,"2 qubits/type, 6 layers",5757067,159668,63,2.9653,0.205,0.516,0.679,0.1543,0.4854,-0.11,0.6415,3444.6
n2l6,"2 qubits/type, 6 layers",5757067,159668,64,2.9668,0.202,0.512,0.672,0.1525,0.4867,-0.109,0.6422,3420.7
n2l6,"2 qubits/type, 6 layers",5757067,159668,65,2.9591,0.187,0.521,0.68,0.1525,0.4867,-0.1099,0.6503,3433.8
n2l6,"2 qubits/type, 6 layers",5757067,159668,66,2.956,0.205,0.522,0.678,0.1577,0.4874,-0.109,0.6436,3437.5
n2l6,"2 qubits/type, 6 layers",5757067,159668,67,2.9467,0.212,0.524,0.666,0.1569,0.4878,-0.1093,0.6449,3472.1
n2l6,"2 qubits/type, 6 layers",5757067,159668,68,2.9427,0.204,0.54,0.684,0.1541,0.4882,-0.1095,0.646,3470.3
n2l6,"2 qubits/type, 6 layers",5757067,159668,69,2.9407,0.204,0.51,0.688,0.1533,0.488,-0.1094,0.6498,3507.0
n2l6,"2 qubits/type, 6 layers",5757067,159668,70,2.9363,0.21,0.529,0.676,0.1567,0.4892,-0.1097,0.6486,3449.2
n2l6,"2 qubits/type, 6 layers",5757067,159668,71,2.9354,0.193,0.51,0.676,0.1535,0.4892,-0.11,0.649,3651.7
n2l6,"2 qubits/type, 6 layers",5757067,159668,72,2.9307,0.208,0.537,0.683,0.1549,0.4896,-0.1104,0.6505,4172.9
n2l6,"2 qubits/type, 6 layers",5757067,159668,73,2.927,0.207,0.52,0.671,0.1488,0.4898,-0.1091,0.6492,4112.9
n2l6,"2 qubits/type, 6 layers",5757067,159668,74,2.925,0.201,0.513,0.67,0.1505,0.4899,-0.1103,0.6488,4114.2
n2l6,"2 qubits/type, 6 layers",5757067,159668,75,2.9183,0.22,0.501,0.681,0.147,0.4899,-0.1102,0.649,4082.6
n2l6,"2 qubits/type, 6 layers",5757067,159668,76,2.9185,0.209,0.527,0.679,0.1523,0.4897,-0.1107,0.6477,4386.6
n2l6,"2 qubits/type, 6 layers",5757067,159668,77,2.9136,0.208,0.526,0.684,0.1519,0.491,-0.1099,0.6511,4177.0
n2l6,"2 qubits/type, 6 layers",5757067,159668,78,2.9118,0.201,0.519,0.685,0.1561,0.491,-0.1107,0.6518,3984.2
n2l6,"2 qubits/type, 6 layers",5757067,159668,79,2.9067,0.207,0.497,0.7,0.1537,0.4919,-0.1106,0.6522,4024.6
n2l6,"2 qubits/type, 6 layers",5757067,159668,80,2.9051,0.192,0.516,0.682,0.1561,0.4909,-0.1103,0.6519,3999.5
n2l6,"2 qubits/type, 6 layers",5757067,159668,81,2.9008,0.199,0.504,0.674,0.1488,0.4922,-0.1107,0.6517,3959.2
n2l6,"2 qubits/type, 6 layers",5757067,159668,82,2.9008,0.217,0.513,0.67,0.1527,0.4928,-0.1096,0.6495,3910.0
n2l6,"2 qubits/type, 6 layers",5757067,159668,83,2.8947,0.215,0.526,0.68,0.1591,0.4919,-0.1107,0.6524,4023.9
n2l6,"2 qubits/type, 6 layers",5757067,159668,84,2.8966,0.21,0.51,0.677,0.1575,0.4925,-0.1104,0.6528,3419.8
n2l6,"2 qubits/type, 6 layers",5757067,159668,85,2.8893,0.225,0.533,0.667,0.1553,0.4923,-0.1103,0.6508,8508.2
n2l6,"2 qubits/type, 6 layers",5757067,159668,86,2.8832,0.209,0.526,0.683,0.1589,0.4934,-0.1105,0.6536,8074.1
n2l6,"2 qubits/type, 6 layers",5757067,159668,87,2.8828,0.22,0.531,0.687,0.1619,0.4937,-0.1107,0.6532,3388.4
n2l6,"2 qubits/type, 6 layers",5757067,159668,88,2.887,0.206,0.524,0.688,0.1553,0.4948,-0.1105,0.6542,3321.4
n2l6,"2 qubits/type, 6 layers",5757067,159668,89,2.8812,0.216,0.523,0.695,0.1577,0.494,-0.1109,0.6552,3306.5
n3,n3,2681521,159668,0,5.4437,0.009,0.038,0.071,0.0044,0.1033,-0.2073,0.0823,59970.8
n3,n3,2681521,159668,1,5.086,0.013,0.07,0.119,0.014,0.1808,-0.1949,0.2224,58479.4
n3l3,"3 qubits/type, 3 layers",4022281,159668,0,5.4109,0.008,0.041,0.091,0.0064,0.1208,-0.199,0.0812,4381.1
n3l3,"3 qubits/type, 3 layers",4022281,159668,1,4.9749,0.021,0.078,0.137,0.0138,0.2155,-0.1879,0.2285,4395.4
n3l3,"3 qubits/type, 3 layers",4022281,159668,2,4.7036,0.046,0.141,0.234,0.0229,0.2629,-0.1681,0.3187,4350.4
n3l3,"3 qubits/type, 3 layers",4022281,159668,3,4.5244,0.047,0.168,0.274,0.0309,0.2918,-0.1552,0.3394,4402.0
n3l3,"3 qubits/type, 3 layers",4022281,159668,4,4.3917,0.055,0.199,0.311,0.0379,0.3129,-0.1457,0.3649,4750.6
n3l3,"3 qubits/type, 3 layers",4022281,159668,5,4.2882,0.073,0.218,0.335,0.0391,0.3257,-0.1374,0.3819,4624.8
n3l3,"3 qubits/type, 3 layers",4022281,159668,6,4.2058,0.066,0.249,0.369,0.0465,0.3372,-0.1304,0.4015,4368.7
n3l3,"3 qubits/type, 3 layers",4022281,159668,7,4.1377,0.075,0.269,0.387,0.0497,0.345,-0.1271,0.4148,4301.7
n3l3,"3 qubits/type, 3 layers",4022281,159668,8,4.0764,0.073,0.251,0.411,0.0548,0.353,-0.1244,0.4248,4299.6
n3l3,"3 qubits/type, 3 layers",4022281,159668,9,4.0241,0.093,0.28,0.416,0.061,0.3605,-0.121,0.4306,4293.9
n3l3,"3 qubits/type, 3 layers",4022281,159668,10,3.9727,0.092,0.292,0.429,0.0616,0.3656,-0.1191,0.4439,4377.6
n3l3,"3 qubits/type, 3 layers",4022281,159668,11,3.9363,0.095,0.293,0.436,0.064,0.3697,-0.1172,0.4504,4395.2
n3l3,"3 qubits/type, 3 layers",4022281,159668,12,3.8996,0.08,0.307,0.426,0.068,0.3735,-0.116,0.4581,4373.9
n3l3,"3 qubits/type, 3 layers",4022281,159668,13,3.862,0.099,0.309,0.458,0.0708,0.3766,-0.1146,0.4633,4391.6
n3l3,"3 qubits/type, 3 layers",4022281,159668,14,3.8321,0.103,0.313,0.455,0.0704,0.3815,-0.1133,0.467,4372.1
n3l3,"3 qubits/type, 3 layers",4022281,159668,15,3.8025,0.1,0.325,0.461,0.0696,0.3836,-0.1126,0.4752,4372.9
n3l3,"3 qubits/type, 3 layers",4022281,159668,16,3.7746,0.107,0.317,0.461,0.0722,0.3884,-0.1131,0.4754,4362.9
n3l3,"3 qubits/type, 3 layers",4022281,159668,17,3.7504,0.112,0.345,0.466,0.074,0.3906,-0.1111,0.4836,4290.3
n3l3,"3 qubits/type, 3 layers",4022281,159668,18,3.7245,0.117,0.333,0.471,0.0758,0.3932,-0.1111,0.484,4304.6
n3l3,"3 qubits/type, 3 layers",4022281,159668,19,3.7044,0.13,0.343,0.476,0.0776,0.3963,-0.1103,0.4889,4308.9
n3l3,"3 qubits/type, 3 layers",4022281,159668,20,3.684,0.117,0.335,0.493,0.0768,0.3981,-0.1106,0.4908,4302.0
n3l3,"3 qubits/type, 3 layers",4022281,159668,21,3.6642,0.13,0.335,0.471,0.079,0.3992,-0.1104,0.4959,4385.2
n3l3,"3 qubits/type, 3 layers",4022281,159668,22,3.642,0.121,0.343,0.488,0.0812,0.4013,-0.1105,0.4973,4597.0
n3l3,"3 qubits/type, 3 layers",4022281,159668,23,3.6251,0.132,0.361,0.495,0.0883,0.4025,-0.1103,0.5013,4614.8
n3l3,"3 qubits/type, 3 layers",4022281,159668,24,3.6055,0.118,0.361,0.501,0.0867,0.4049,-0.1113,0.5018,4794.0
n3l3,"3 qubits/type, 3 layers",4022281,159668,25,3.595,0.131,0.35,0.504,0.0903,0.4058,-0.1109,0.5058,4394.6
n3l3,"3 qubits/type, 3 layers",4022281,159668,26,3.5788,0.134,0.354,0.495,0.0905,0.4078,-0.1109,0.5067,4370.9
n3l3,"3 qubits/type, 3 layers",4022281,159668,27,3.5602,0.139,0.353,0.485,0.0867,0.4095,-0.1113,0.5111,4384.2
n3l3,"3 qubits/type, 3 layers",4022281,159668,28,3.547,0.138,0.374,0.523,0.0891,0.4104,-0.1111,0.513,4392.7
n3l3,"3 qubits/type, 3 layers",4022281,159668,29,3.5322,0.135,0.36,0.505,0.0927,0.411,-0.1115,0.5148,4311.5
n3l3,"3 qubits/type, 3 layers",4022281,159668,30,3.5231,0.128,0.346,0.502,0.0927,0.4127,-0.1125,0.5151,4318.9
n3l3,"3 qubits/type, 3 layers",4022281,159668,31,3.5101,0.141,0.356,0.516,0.0901,0.4141,-0.112,0.5176,4391.4
n3l3,"3 qubits/type, 3 layers",4022281,159668,32,3.4966,0.142,0.377,0.516,0.0905,0.4159,-0.112,0.5201,4376.9
n3l3,"3 qubits/type, 3 layers",4022281,159668,33,3.4856,0.141,0.369,0.52,0.0985,0.4174,-0.1123,0.5204,4375.4
n3l3,"3 qubits/type, 3 layers",4022281,159668,34,3.4719,0.136,0.352,0.527,0.0929,0.4183,-0.1122,0.5192,4382.3
n3l3,"3 qubits/type, 3 layers",4022281,159668,35,3.4621,0.132,0.362,0.506,0.0945,0.4197,-0.1119,0.5257,4367.8
n3l3,"3 qubits/type, 3 layers",4022281,159668,36,3.4524,0.128,0.362,0.516,0.0949,0.4204,-0.1124,0.5249,4393.3
n3l3,"3 qubits/type, 3 layers",4022281,159668,37,3.4404,0.134,0.37,0.527,0.0941,0.4217,-0.1135,0.5252,4425.5
n3l3,"3 qubits/type, 3 layers",4022281,159668,38,3.43,0.128,0.368,0.533,0.0941,0.4219,-0.114,0.526,4292.6
n3l3,"3 qubits/type, 3 layers",4022281,159668,39,3.4228,0.132,0.372,0.529,0.1001,0.4231,-0.1151,0.5267,4294.0
n3l3,"3 qubits/type, 3 layers",4022281,159668,40,3.4095,0.142,0.379,0.544,0.0975,0.4241,-0.1149,0.528,4292.7
n3l3,"3 qubits/type, 3 layers",4022281,159668,41,3.3951,0.138,0.385,0.547,0.0975,0.4255,-0.1151,0.5302,4298.3
n3l3,"3 qubits/type, 3 layers",4022281,159668,42,3.3948,0.131,0.374,0.517,0.0963,0.4256,-0.1154,0.5327,4402.7
n3l3,"3 qubits/type, 3 layers",4022281,159668,43,3.3835,0.135,0.395,0.542,0.0999,0.4269,-0.115,0.5365,4469.0
n3l3,"3 qubits/type, 3 layers",4022281,159668,44,3.373,0.143,0.382,0.544,0.0981,0.428,-0.1156,0.5336,4592.5
n3l3,"3 qubits/type, 3 layers",4022281,159668,45,3.3646,0.129,0.386,0.547,0.1007,0.4286,-0.1162,0.5331,4541.8
n3l3,"3 qubits/type, 3 layers",4022281,159668,46,3.3565,0.139,0.377,0.548,0.0965,0.4294,-0.1167,0.539,4502.4
n3l3,"3 qubits/type, 3 layers",4022281,159668,47,3.3518,0.134,0.382,0.542,0.0985,0.4303,-0.1166,0.5378,4460.3
n3l3,"3 qubits/type, 3 layers",4022281,159668,48,3.3404,0.137,0.396,0.567,0.1051,0.4306,-0.1182,0.5375,4466.0
n3l3,"3 qubits/type, 3 layers",4022281,159668,49,3.3318,0.122,0.398,0.556,0.1031,0.4322,-0.1185,0.5415,4399.6
n3l3,"3 qubits/type, 3 layers",4022281,159668,50,3.3292,0.114,0.38,0.537,0.1003,0.4325,-0.1188,0.5405,4395.9
n3l3,"3 qubits/type, 3 layers",4022281,159668,51,3.3155,0.131,0.382,0.537,0.1023,0.4335,-0.1189,0.545,4388.9
n3l3,"3 qubits/type, 3 layers",4022281,159668,52,3.3096,0.112,0.379,0.558,0.1011,0.4345,-0.1188,0.5436,4475.4
n3l3,"3 qubits/type, 3 layers",4022281,159668,53,3.3035,0.135,0.396,0.56,0.1001,0.4347,-0.1186,0.5429,4462.9
n3l3,"3 qubits/type, 3 layers",4022281,159668,54,3.2973,0.126,0.409,0.571,0.0999,0.4359,-0.12,0.5478,4450.8
n3l3,"3 qubits/type, 3 layers",4022281,159668,55,3.2898,0.118,0.402,0.56,0.1011,0.4361,-0.1202,0.5448,4503.9
n3l3,"3 qubits/type, 3 layers",4022281,159668,56,3.2853,0.128,0.396,0.562,0.1047,0.4368,-0.1204,0.5461,4731.8
n3l3,"3 qubits/type, 3 layers",4022281,159668,57,3.2746,0.127,0.405,0.563,0.1069,0.4376,-0.1211,0.5491,4606.1
n3l3,"3 qubits/type, 3 layers",4022281,159668,58,3.2662,0.131,0.397,0.573,0.1025,0.4389,-0.1218,0.5494,4635.3
n3l3,"3 qubits/type, 3 layers",4022281,159668,59,3.2605,0.119,0.414,0.562,0.1037,0.4395,-0.1207,0.5522,4622.1
n3l3,"3 qubits/type, 3 layers",4022281,159668,60,3.254,0.13,0.394,0.555,0.1081,0.439,-0.1219,0.5523,4505.8
n3l3,"3 qubits/type, 3 layers",4022281,159668,61,3.2459,0.129,0.407,0.565,0.1049,0.4405,-0.1226,0.5534,4512.5
n3l3,"3 qubits/type, 3 layers",4022281,159668,62,3.2412,0.136,0.395,0.565,0.1015,0.4413,-0.122,0.5526,4492.0
n3l3,"3 qubits/type, 3 layers",4022281,159668,63,3.2349,0.126,0.415,0.559,0.1057,0.442,-0.122,0.5566,6336.4
n3l3,"3 qubits/type, 3 layers",4022281,159668,64,3.2244,0.129,0.4,0.558,0.1053,0.4431,-0.1221,0.5553,6289.3
n3l3,"3 qubits/type, 3 layers",4022281,159668,65,3.224,0.139,0.397,0.553,0.1087,0.4436,-0.1228,0.5565,6374.5
n3l3,"3 qubits/type, 3 layers",4022281,159668,66,3.2189,0.134,0.396,0.571,0.1011,0.4439,-0.1234,0.5586,6146.4
n3l3,"3 qubits/type, 3 layers",4022281,159668,67,3.2082,0.137,0.397,0.567,0.1053,0.4441,-0.1229,0.5574,6187.9
n3l3,"3 qubits/type, 3 layers",4022281,159668,68,3.2079,0.128,0.413,0.579,0.1035,0.4454,-0.1227,0.5642,6131.2
n3l3,"3 qubits/type, 3 layers",4022281,159668,69,3.2006,0.138,0.407,0.575,0.1031,0.4468,-0.1238,0.5581,6486.1
n3l3,"3 qubits/type, 3 layers",4022281,159668,70,3.198,0.131,0.41,0.572,0.1051,0.4463,-0.1245,0.562,6880.7
n3l3,"3 qubits/type, 3 layers",4022281,159668,71,3.1879,0.139,0.417,0.57,0.1053,0.4471,-0.1237,0.5607,5847.5
n3l3,"3 qubits/type, 3 layers",4022281,159668,72,3.1842,0.138,0.433,0.573,0.1085,0.4485,-0.1239,0.5605,5749.7
n3l3,"3 qubits/type, 3 layers",4022281,159668,73,3.1765,0.148,0.421,0.578,0.1079,0.4485,-0.1238,0.5624,5705.7
n3l3,"3 qubits/type, 3 layers",4022281,159668,74,3.1753,0.145,0.417,0.57,0.1067,0.4489,-0.1239,0.5628,6539.0
n3l3,"3 qubits/type, 3 layers",4022281,159668,75,3.163,0.149,0.412,0.582,0.1051,0.4487,-0.1245,0.5655,8755.5
n3l3,"3 qubits/type, 3 layers",4022281,159668,76,3.1643,0.151,0.418,0.582,0.1111,0.4489,-0.1251,0.5637,5054.3
n3l3,"3 qubits/type, 3 layers",4022281,159668,77,3.1584,0.16,0.436,0.589,0.1069,0.4498,-0.1253,0.567,5001.3
n3l3,"3 qubits/type, 3 layers",4022281,159668,78,3.1526,0.152,0.449,0.582,0.1125,0.4511,-0.1255,0.5666,4702.7
n3l3,"3 qubits/type, 3 layers",4022281,159668,79,3.1447,0.159,0.427,0.581,0.1087,0.4512,-0.1254,0.5673,4642.0
n3l3,"3 qubits/type, 3 layers",4022281,159668,80,3.1382,0.158,0.424,0.575,0.1085,0.4521,-0.1257,0.5694,4748.7
n3l3,"3 qubits/type, 3 layers",4022281,159668,81,3.1333,0.15,0.427,0.577,0.1123,0.4525,-0.1261,0.5694,4574.0
n3l3,"3 qubits/type, 3 layers",4022281,159668,82,3.1348,0.154,0.425,0.588,0.1079,0.4523,-0.1259,0.5741,4517.0
n3l3,"3 qubits/type, 3 layers",4022281,159668,83,3.1292,0.15,0.438,0.593,0.1083,0.4532,-0.1262,0.5717,4483.8
n3l3,"3 qubits/type, 3 layers",4022281,159668,84,3.1189,0.151,0.433,0.596,0.1101,0.4531,-0.1268,0.5711,4528.3
n3l3,"3 qubits/type, 3 layers",4022281,159668,85,3.1139,0.145,0.43,0.585,0.1117,0.4534,-0.1267,0.5697,4522.5
n3l3,"3 qubits/type, 3 layers",4022281,159668,86,3.1113,0.151,0.435,0.589,0.1109,0.4543,-0.1266,0.5736,4505.5
n3l3,"3 qubits/type, 3 layers",4022281,159668,87,3.1087,0.152,0.438,0.582,0.1117,0.4546,-0.1268,0.5728,4700.9
n3l3,"3 qubits/type, 3 layers",4022281,159668,88,3.1063,0.145,0.439,0.578,0.1137,0.4551,-0.1269,0.5731,4508.6
n3l3,"3 qubits/type, 3 layers",4022281,159668,89,3.0976,0.16,0.429,0.579,0.1147,0.456,-0.1272,0.5748,4591.7
n3l3,"3 qubits/type, 3 layers",4022281,159668,90,3.0946,0.162,0.423,0.585,0.1149,0.4562,-0.1265,0.5737,4684.4
n3l3,"3 qubits/type, 3 layers",4022281,159668,91,3.0885,0.147,0.427,0.588,0.1131,0.4559,-0.1264,0.5756,5112.4
n3l3,"3 qubits/type, 3 layers",4022281,159668,92,3.089,0.163,0.446,0.598,0.1178,0.4568,-0.1257,0.5738,4580.6
n3l3,"3 qubits/type, 3 layers",4022281,159668,93,3.085,0.169,0.429,0.593,0.1107,0.4565,-0.127,0.5787,4470.6
n3l3,"3 qubits/type, 3 layers",4022281,159668,94,3.0754,0.152,0.453,0.589,0.1127,0.4561,-0.1271,0.5786,4448.3
n3l3,"3 qubits/type, 3 layers",4022281,159668,95,3.0747,0.165,0.438,0.585,0.1139,0.4569,-0.1274,0.5786,4605.2
n3l3,"3 qubits/type, 3 layers",4022281,159668,96,3.0722,0.162,0.45,0.599,0.1168,0.4571,-0.1282,0.5808,4642.7
n3l3,"3 qubits/type, 3 layers",4022281,159668,97,3.0657,0.164,0.445,0.598,0.1194,0.4572,-0.128,0.5782,4668.6
n3l3,"3 qubits/type, 3 layers",4022281,159668,98,3.0619,0.176,0.435,0.603,0.1145,0.4587,-0.1274,0.579,4544.8
n3l3,"3 qubits/type, 3 layers",4022281,159668,99,3.0556,0.16,0.426,0.591,0.1186,0.4592,-0.1276,0.5807,4914.1
n3l4,"3 qubits/type, 4 layers",5363041,159668,0,5.3731,0.007,0.052,0.095,0.0078,0.1495,-0.2137,0.1011,3652.7
n3l4,"3 qubits/type, 4 layers",5363041,159668,1,4.8365,0.038,0.112,0.187,0.0193,0.2581,-0.1873,0.2926,3680.4
n3l4,"3 qubits/type, 4 layers",5363041,159668,2,4.5024,0.05,0.179,0.276,0.0343,0.3056,-0.1614,0.3624,3678.2
n3l4,"3 qubits/type, 4 layers",5363041,159668,3,4.2949,0.064,0.211,0.33,0.0471,0.3348,-0.1462,0.4057,3693.1
n3l4,"3 qubits/type, 4 layers",5363041,159668,4,4.1505,0.069,0.256,0.391,0.0538,0.3523,-0.1379,0.4326,3755.1
n3l4,"3 qubits/type, 4 layers",5363041,159668,5,4.043,0.091,0.268,0.409,0.0578,0.3663,-0.1324,0.4486,3763.7
n3l4,"3 qubits/type, 4 layers",5363041,159668,6,3.9572,0.101,0.29,0.436,0.063,0.3769,-0.1298,0.4651,3749.6
n3l4,"3 qubits/type, 4 layers",5363041,159668,7,3.8833,0.105,0.309,0.456,0.075,0.3852,-0.127,0.4731,3748.1
n3l4,"3 qubits/type, 4 layers",5363041,159668,8,3.8227,0.108,0.335,0.477,0.0764,0.3926,-0.1264,0.4866,3880.6
n3l4,"3 qubits/type, 4 layers",5363041,159668,9,3.772,0.114,0.329,0.503,0.0814,0.3988,-0.1249,0.494,3838.4
n3l4,"3 qubits/type, 4 layers",5363041,159668,10,3.7249,0.111,0.344,0.508,0.0828,0.4038,-0.123,0.4988,3693.7
n3l4,"3 qubits/type, 4 layers",5363041,159668,11,3.6758,0.123,0.352,0.499,0.081,0.4085,-0.124,0.5046,3582.5
n3l4,"3 qubits/type, 4 layers",5363041,159668,12,3.6394,0.134,0.372,0.527,0.0881,0.4136,-0.1237,0.5078,3593.7
n3l4,"3 qubits/type, 4 layers",5363041,159668,13,3.6042,0.122,0.358,0.516,0.0919,0.4178,-0.124,0.5136,3579.3
n3l4,"3 qubits/type, 4 layers",5363041,159668,14,3.5696,0.126,0.368,0.548,0.0971,0.4214,-0.1231,0.5199,3702.7
n3l4,"3 qubits/type, 4 layers",5363041,159668,15,3.5422,0.13,0.371,0.549,0.0965,0.4253,-0.1236,0.521,3699.2
n3l4,"3 qubits/type, 4 layers",5363041,159668,16,3.5103,0.134,0.392,0.56,0.0965,0.4285,-0.1252,0.5219,3697.5
n3l4,"3 qubits/type, 4 layers",5363041,159668,17,3.483,0.132,0.391,0.557,0.0987,0.4325,-0.1248,0.5279,3696.1
n3l4,"3 qubits/type, 4 layers",5363041,159668,18,3.4594,0.139,0.397,0.555,0.0995,0.4342,-0.1245,0.5338,3672.9
n3l4,"3 qubits/type, 4 layers",5363041,159668,19,3.4296,0.129,0.394,0.568,0.1025,0.4373,-0.1258,0.5373,3678.8
n3l4,"3 qubits/type, 4 layers",5363041,159668,20,3.4095,0.133,0.397,0.56,0.1069,0.4404,-0.1263,0.5361,3786.0
n3l4,"3 qubits/type, 4 layers",5363041,159668,21,3.3867,0.149,0.411,0.58,0.1071,0.4433,-0.1259,0.5406,3739.0
n3l4,"3 qubits/type, 4 layers",5363041,159668,22,3.364,0.147,0.414,0.583,0.1057,0.4459,-0.1264,0.5417,3666.8
n3l4,"3 qubits/type, 4 layers",5363041,159668,23,3.3434,0.149,0.417,0.588,0.1081,0.4485,-0.1268,0.5481,3657.2
n3l4,"3 qubits/type, 4 layers",5363041,159668,24,3.3244,0.15,0.431,0.595,0.1111,0.4498,-0.1271,0.5521,3671.1
n3l4,"3 qubits/type, 4 layers",5363041,159668,25,3.3077,0.151,0.437,0.603,0.1141,0.4523,-0.1275,0.5511,3755.0
n3l4,"3 qubits/type, 4 layers",5363041,159668,26,3.2861,0.146,0.418,0.585,0.1131,0.4536,-0.1288,0.5567,3773.1
n3l4,"3 qubits/type, 4 layers",5363041,159668,27,3.2677,0.158,0.432,0.601,0.1178,0.4555,-0.1278,0.5585,3758.6
n3l4,"3 qubits/type, 4 layers",5363041,159668,28,3.2488,0.147,0.428,0.597,0.1161,0.4574,-0.1284,0.5575,3769.1
n3l4,"3 qubits/type, 4 layers",5363041,159668,29,3.2362,0.141,0.443,0.61,0.1178,0.4587,-0.1285,0.5626,3633.8
n3l4,"3 qubits/type, 4 layers",5363041,159668,30,3.2212,0.155,0.444,0.606,0.121,0.461,-0.1284,0.5624,4463.1
n3l4,"3 qubits/type, 4 layers",5363041,159668,31,3.2098,0.16,0.455,0.607,0.1252,0.4614,-0.1293,0.5636,4072.6
n3l4,"3 qubits/type, 4 layers",5363041,159668,32,3.1876,0.154,0.452,0.619,0.1234,0.4633,-0.129,0.5687,4439.0
n3l4,"3 qubits/type, 4 layers",5363041,159668,33,3.1762,0.171,0.462,0.621,0.1278,0.4646,-0.1303,0.5667,4261.0
n3l4,"3 qubits/type, 4 layers",5363041,159668,34,3.1597,0.169,0.448,0.612,0.1284,0.4661,-0.1304,0.5705,4157.1
n3l4,"3 qubits/type, 4 layers",5363041,159668,35,3.1483,0.171,0.457,0.608,0.1324,0.4675,-0.1304,0.5696,3820.5
n3l4,"3 qubits/type, 4 layers",5363041,159668,36,3.1392,0.167,0.447,0.616,0.1306,0.468,-0.1297,0.5761,4137.7
n3l4,"3 qubits/type, 4 layers",5363041,159668,37,3.1266,0.158,0.452,0.621,0.1318,0.4693,-0.1302,0.5767,3689.9
n3l4,"3 qubits/type, 4 layers",5363041,159668,38,3.1146,0.16,0.458,0.624,0.1334,0.4703,-0.1309,0.5788,3711.4
n3l4,"3 qubits/type, 4 layers",5363041,159668,39,3.1076,0.165,0.466,0.618,0.1322,0.471,-0.1312,0.5803,3671.4
n3l4,"3 qubits/type, 4 layers",5363041,159668,40,3.093,0.184,0.472,0.627,0.1316,0.4726,-0.1309,0.5808,4024.8
n3l4,"3 qubits/type, 4 layers",5363041,159668,41,3.0855,0.169,0.474,0.62,0.1318,0.4734,-0.1317,0.5815,3923.0
n3l4,"3 qubits/type, 4 layers",5363041,159668,42,3.0732,0.167,0.451,0.621,0.1322,0.4736,-0.1319,0.5829,3762.1
n3l4,"3 qubits/type, 4 layers",5363041,159668,43,3.0643,0.176,0.456,0.629,0.1276,0.4745,-0.1317,0.5818,3858.4
n3l4,"3 qubits/type, 4 layers",5363041,159668,44,3.0562,0.18,0.476,0.632,0.1372,0.475,-0.1323,0.5843,3715.1
n3l4,"3 qubits/type, 4 layers",5363041,159668,45,3.0458,0.186,0.465,0.617,0.1336,0.4755,-0.1324,0.5841,3738.9
n3l4,"3 qubits/type, 4 layers",5363041,159668,46,3.0339,0.167,0.461,0.627,0.1328,0.4763,-0.1334,0.5848,3746.7
n3l4,"3 qubits/type, 4 layers",5363041,159668,47,3.0303,0.171,0.481,0.621,0.1394,0.4764,-0.1329,0.5893,3735.3
n3l4,"3 qubits/type, 4 layers",5363041,159668,48,3.0195,0.183,0.485,0.624,0.1358,0.4771,-0.1338,0.5875,3790.7
n3l4,"3 qubits/type, 4 layers",5363041,159668,49,3.0118,0.186,0.477,0.639,0.1386,0.4784,-0.1328,0.5873,3750.9
n3l4,"3 qubits/type, 4 layers",5363041,159668,50,3.0053,0.177,0.478,0.649,0.1318,0.4796,-0.1325,0.588,3940.8
n3l4,"3 qubits/type, 4 layers",5363041,159668,51,2.9971,0.189,0.484,0.638,0.1354,0.48,-0.1332,0.5905,3958.4
n3l4,"3 qubits/type, 4 layers",5363041,159668,52,2.991,0.195,0.489,0.625,0.1382,0.4807,-0.1334,0.5911,3846.0
n3l4,"3 qubits/type, 4 layers",5363041,159668,53,2.9797,0.173,0.492,0.635,0.1414,0.481,-0.1337,0.5918,3863.4
n3l4,"3 qubits/type, 4 layers",5363041,159668,54,2.9731,0.17,0.476,0.607,0.134,0.4812,-0.1348,0.5912,3765.8
n3l4,"3 qubits/type, 4 layers",5363041,159668,55,2.9661,0.19,0.482,0.644,0.1344,0.4827,-0.1327,0.5899,3831.7
n3l4,"3 qubits/type, 4 layers",5363041,159668,56,2.9626,0.181,0.495,0.632,0.1408,0.4831,-0.1335,0.592,3835.6
n3l4,"3 qubits/type, 4 layers",5363041,159668,57,2.9551,0.193,0.489,0.633,0.142,0.4834,-0.1328,0.5933,3820.6
n3l4,"3 qubits/type, 4 layers",5363041,159668,58,2.9549,0.179,0.485,0.629,0.1414,0.4843,-0.1326,0.5946,3851.8
n3l4,"3 qubits/type, 4 layers",5363041,159668,59,2.9446,0.18,0.484,0.638,0.1392,0.4845,-0.1333,0.5951,4124.8
n3l4,"3 qubits/type, 4 layers",5363041,159668,60,2.9376,0.185,0.484,0.639,0.1416,0.4841,-0.1333,0.5938,4202.2
n3l4,"3 qubits/type, 4 layers",5363041,159668,61,2.93,0.191,0.507,0.649,0.1402,0.4849,-0.134,0.596,4150.9
n3l4,"3 qubits/type, 4 layers",5363041,159668,62,2.9255,0.189,0.482,0.646,0.146,0.4856,-0.133,0.5962,3951.8
n3l4,"3 qubits/type, 4 layers",5363041,159668,63,2.92,0.188,0.469,0.643,0.1452,0.4858,-0.1328,0.5967,4067.1
n3l4,"3 qubits/type, 4 layers",5363041,159668,64,2.9111,0.197,0.478,0.642,0.142,0.4859,-0.1337,0.6002,3939.7
n3l4,"3 qubits/type, 4 layers",5363041,159668,65,2.9076,0.184,0.478,0.647,0.143,0.4868,-0.1339,0.5989,3726.3
n3l4,"3 qubits/type, 4 layers",5363041,159668,66,2.9005,0.19,0.492,0.65,0.1533,0.4867,-0.1334,0.6011,3773.0
n3l4,"3 qubits/type, 4 layers",5363041,159668,67,2.8963,0.194,0.492,0.643,0.1426,0.487,-0.1341,0.596,3769.8
n3l4,"3 qubits/type, 4 layers",5363041,159668,68,2.8958,0.193,0.504,0.641,0.1478,0.4873,-0.1339,0.6022,3634.8
n3l4,"3 qubits/type, 4 layers",5363041,159668,69,2.8911,0.193,0.473,0.647,0.1533,0.4877,-0.1339,0.6009,3633.6
n3l4,"3 qubits/type, 4 layers",5363041,159668,70,2.8853,0.183,0.484,0.647,0.1464,0.4879,-0.1339,0.6025,3582.8
n3l4,"3 qubits/type, 4 layers",5363041,159668,71,2.8808,0.181,0.492,0.652,0.1434,0.4881,-0.134,0.6005,3642.4
n3l4,"3 qubits/type, 4 layers",5363041,159668,72,2.8757,0.193,0.501,0.654,0.148,0.4888,-0.1343,0.6021,3630.2
n3l4,"3 qubits/type, 4 layers",5363041,159668,73,2.8738,0.178,0.501,0.655,0.1486,0.489,-0.134,0.6049,3582.8
n3l4,"3 qubits/type, 4 layers",5363041,159668,74,2.8669,0.19,0.494,0.651,0.1476,0.4889,-0.1348,0.6037,3544.1
n3l4,"3 qubits/type, 4 layers",5363041,159668,75,2.8609,0.192,0.497,0.644,0.147,0.4896,-0.1341,0.6005,3658.4
n3l4,"3 qubits/type, 4 layers",5363041,159668,76,2.8615,0.18,0.48,0.652,0.1507,0.4901,-0.1346,0.6035,3724.0
n3l4,"3 qubits/type, 4 layers",5363041,159668,77,2.8585,0.202,0.508,0.655,0.1519,0.4895,-0.1344,0.6042,3707.7
n3l4,"3 qubits/type, 4 layers",5363041,159668,78,2.8525,0.19,0.509,0.663,0.1513,0.4914,-0.1335,0.6027,3720.4
n3l4,"3 qubits/type, 4 layers",5363041,159668,79,2.85,0.198,0.513,0.666,0.1503,0.4902,-0.1347,0.6036,3666.7
n3l4,"3 qubits/type, 4 layers",5363041,159668,80,2.8462,0.191,0.493,0.651,0.1501,0.4903,-0.135,0.6109,3687.2
n3l4,"3 qubits/type, 4 layers",5363041,159668,81,2.8413,0.196,0.499,0.649,0.147,0.4904,-0.1343,0.6036,3693.2
n3l4,"3 qubits/type, 4 layers",5363041,159668,82,2.8389,0.191,0.503,0.664,0.1498,0.4906,-0.1349,0.6061,3780.7
n3l4,"3 qubits/type, 4 layers",5363041,159668,83,2.8326,0.193,0.502,0.664,0.1452,0.4906,-0.1348,0.6069,3702.6
n3l4,"3 qubits/type, 4 layers",5363041,159668,84,2.8309,0.211,0.498,0.652,0.1476,0.4915,-0.1339,0.6086,3793.0
n3l4,"3 qubits/type, 4 layers",5363041,159668,85,2.8284,0.194,0.507,0.663,0.1446,0.4922,-0.1341,0.6084,3814.7
n3l4,"3 qubits/type, 4 layers",5363041,159668,86,2.825,0.192,0.499,0.657,0.1438,0.4924,-0.1339,0.6071,3845.8
n3l4,"3 qubits/type, 4 layers",5363041,159668,87,2.8202,0.193,0.497,0.664,0.1472,0.4916,-0.1346,0.6074,3843.1
n3l4,"3 qubits/type, 4 layers",5363041,159668,88,2.8181,0.191,0.497,0.663,0.1492,0.4923,-0.1337,0.6076,3792.9
n3l4,"3 qubits/type, 4 layers",5363041,159668,89,2.8118,0.212,0.515,0.675,0.1531,0.4927,-0.1335,0.6083,3834.7
n3l4,"3 qubits/type, 4 layers",5363041,159668,90,2.8155,0.205,0.519,0.683,0.148,0.4921,-0.1348,0.6084,3696.8
n3l4,"3 qubits/type, 4 layers",5363041,159668,91,2.8109,0.207,0.521,0.67,0.1557,0.4924,-0.1346,0.6084,3707.8
n3l4,"3 qubits/type, 4 layers",5363041,159668,92,2.8043,0.191,0.505,0.671,0.1498,0.4926,-0.1344,0.6103,3691.2
n3l4,"3 qubits/type, 4 layers",5363041,159668,93,2.7995,0.196,0.507,0.665,0.1515,0.4926,-0.1353,0.6074,3749.6
n3l4,"3 qubits/type, 4 layers",5363041,159668,94,2.8002,0.203,0.51,0.672,0.1505,0.4929,-0.1347,0.6107,3827.2
n3l4,"3 qubits/type, 4 layers",5363041,159668,95,2.7954,0.204,0.511,0.656,0.1545,0.4925,-0.1341,0.6106,3759.1
n3l4,"3 qubits/type, 4 layers",5363041,159668,96,2.7967,0.203,0.511,0.671,0.1488,0.4929,-0.1341,0.6106,3651.3
n3l4,"3 qubits/type, 4 layers",5363041,159668,97,2.7952,0.207,0.52,0.674,0.1541,0.4931,-0.1349,0.61,3703.2
n3l4,"3 qubits/type, 4 layers",5363041,159668,98,2.7867,0.201,0.522,0.672,0.1478,0.4936,-0.1342,0.6093,3696.9
n3l4,"3 qubits/type, 4 layers",5363041,159668,99,2.7878,0.208,0.509,0.668,0.1537,0.4941,-0.1334,0.6125,3891.2
n3r,"3 qubits/type, 2 layers",2681521,159668,0,5.4462,0.006,0.046,0.073,0.0038,0.1025,-0.2072,0.0703,2586.3
n3r,"3 qubits/type, 2 layers",2681521,159668,1,5.0962,0.015,0.077,0.133,0.0096,0.1789,-0.1979,0.1867,2612.3
n3r,"3 qubits/type, 2 layers",2681521,159668,2,4.8431,0.028,0.132,0.199,0.0181,0.2282,-0.1911,0.2657,2593.3
n3r,"3 qubits/type, 2 layers",2681521,159668,3,4.6538,0.047,0.141,0.239,0.0267,0.2615,-0.1818,0.3185,2762.7
n3r,"3 qubits/type, 2 layers",2681521,159668,4,4.5009,0.056,0.179,0.285,0.0311,0.2859,-0.1729,0.3408,3044.4
n3r,"3 qubits/type, 2 layers",2681521,159668,5,4.3749,0.057,0.2,0.31,0.0367,0.3076,-0.1698,0.3646,3174.5
n3r,"3 qubits/type, 2 layers",2681521,159668,6,4.2761,0.064,0.213,0.35,0.0447,0.3242,-0.164,0.3766,3226.0
n3r,"3 qubits/type, 2 layers",2681521,159668,7,4.1871,0.079,0.239,0.37,0.0514,0.3389,-0.1605,0.3825,3279.2
n3r,"3 qubits/type, 2 layers",2681521,159668,8,4.1146,0.08,0.267,0.383,0.0558,0.3496,-0.1551,0.3927,2996.3
n3r,"3 qubits/type, 2 layers",2681521,159668,9,4.0476,0.09,0.278,0.406,0.0596,0.3602,-0.1532,0.3952,2826.2
n3r,"3 qubits/type, 2 layers",2681521,159668,10,3.994,0.093,0.274,0.428,0.064,0.3688,-0.1504,0.4036,2720.1
n3r,"3 qubits/type, 2 layers",2681521,159668,11,3.9442,0.092,0.301,0.42,0.0674,0.3765,-0.1486,0.4065,2943.6
n3r,"3 qubits/type, 2 layers",2681521,159668,12,3.8951,0.096,0.307,0.446,0.0762,0.3835,-0.146,0.4138,2753.4
n3r,"3 qubits/type, 2 layers",2681521,159668,13,3.8502,0.103,0.316,0.459,0.0766,0.389,-0.1451,0.4137,2292.9
n3r,"3 qubits/type, 2 layers",2681521,159668,14,3.8192,0.122,0.324,0.481,0.079,0.3932,-0.1438,0.419,2298.4
n3r,"3 qubits/type, 2 layers",2681521,159668,15,3.781,0.114,0.335,0.472,0.0794,0.3986,-0.1424,0.4233,2384.8
n3r,"3 qubits/type, 2 layers",2681521,159668,16,3.7527,0.128,0.326,0.48,0.0822,0.4022,-0.1405,0.4262,2227.6
n3r,"3 qubits/type, 2 layers",2681521,159668,17,3.7207,0.123,0.339,0.48,0.0869,0.4055,-0.1396,0.4275,2231.3
n3r,"3 qubits/type, 2 layers",2681521,159668,18,3.6958,0.13,0.355,0.494,0.0889,0.4101,-0.1391,0.4305,2360.2
n3r,"3 qubits/type, 2 layers",2681521,159668,19,3.6756,0.122,0.329,0.475,0.0915,0.4122,-0.1378,0.4341,2160.1
n3r,"3 qubits/type, 2 layers",2681521,159668,20,3.6455,0.137,0.351,0.501,0.0879,0.4145,-0.1378,0.4368,2160.2
n3r,"3 qubits/type, 2 layers",2681521,159668,21,3.6362,0.131,0.361,0.523,0.0877,0.4168,-0.1363,0.4388,2097.9
n3r,"3 qubits/type, 2 layers",2681521,159668,22,3.6129,0.121,0.368,0.51,0.0899,0.4187,-0.1363,0.4393,2147.9
n3r,"3 qubits/type, 2 layers",2681521,159668,23,3.5969,0.124,0.371,0.515,0.0915,0.421,-0.1356,0.4407,2404.9
n3r,"3 qubits/type, 2 layers",2681521,159668,24,3.5805,0.119,0.357,0.518,0.1003,0.4235,-0.1357,0.4406,2173.5
n3r,"3 qubits/type, 2 layers",2681521,159668,25,3.564,0.134,0.369,0.541,0.0985,0.4245,-0.1349,0.4438,2130.3
n3r,"3 qubits/type, 2 layers",2681521,159668,26,3.5506,0.126,0.38,0.536,0.0999,0.4262,-0.134,0.4433,2170.2
n3r,"3 qubits/type, 2 layers",2681521,159668,27,3.5326,0.118,0.379,0.551,0.0971,0.428,-0.135,0.4423,2116.0
n3r,"3 qubits/type, 2 layers",2681521,159668,28,3.522,0.128,0.377,0.536,0.0987,0.4292,-0.1346,0.4459,1930.5
n3r,"3 qubits/type, 2 layers",2681521,159668,29,3.5025,0.12,0.391,0.541,0.1019,0.4311,-0.135,0.45,1851.2
n3r,"3 qubits/type, 2 layers",2681521,159668,30,3.4933,0.132,0.378,0.541,0.1025,0.4322,-0.135,0.4488,1850.8
n3r,"3 qubits/type, 2 layers",2681521,159668,31,3.4845,0.131,0.403,0.557,0.1061,0.4334,-0.1337,0.4514,1885.6
n3r,"3 qubits/type, 2 layers",2681521,159668,32,3.4734,0.139,0.403,0.554,0.1079,0.4352,-0.1335,0.4506,1888.5
n3r,"3 qubits/type, 2 layers",2681521,159668,33,3.4636,0.136,0.394,0.542,0.1069,0.4349,-0.1327,0.4531,1867.2
n3r,"3 qubits/type, 2 layers",2681521,159668,34,3.4472,0.145,0.386,0.532,0.1087,0.4354,-0.1328,0.4524,1959.1
n3r,"3 qubits/type, 2 layers",2681521,159668,35,3.4343,0.125,0.39,0.548,0.1055,0.4371,-0.133,0.4523,1860.4
n3r,"3 qubits/type, 2 layers",2681521,159668,36,3.427,0.135,0.385,0.54,0.1055,0.438,-0.133,0.4559,1882.8
n3r,"3 qubits/type, 2 layers",2681521,159668,37,3.4162,0.136,0.404,0.553,0.1035,0.4391,-0.1327,0.4533,1872.5
n3r,"3 qubits/type, 2 layers",2681521,159668,38,3.4125,0.144,0.386,0.546,0.1083,0.4403,-0.1327,0.4559,1977.5
n3r,"3 qubits/type, 2 layers",2681521,159668,39,3.4071,0.14,0.396,0.536,0.1089,0.4415,-0.1323,0.459,1952.4
n3r,"3 qubits/type, 2 layers",2681521,159668,40,3.3943,0.142,0.406,0.555,0.1065,0.4418,-0.1323,0.457,1819.3
n3r,"3 qubits/type, 2 layers",2681521,159668,41,3.3852,0.139,0.397,0.554,0.1079,0.4424,-0.1325,0.4573,1811.3
n3r,"3 qubits/type, 2 layers",2681521,159668,42,3.3809,0.155,0.391,0.54,0.1061,0.4432,-0.1319,0.4583,1801.9
n3r,"3 qubits/type, 2 layers",2681521,159668,43,3.3668,0.14,0.385,0.551,0.1061,0.4437,-0.1321,0.4603,1788.3
n3r,"3 qubits/type, 2 layers",2681521,159668,44,3.3669,0.141,0.406,0.564,0.1061,0.4438,-0.1325,0.46,1835.2
n3r,"3 qubits/type, 2 layers",2681521,159668,45,3.3634,0.157,0.406,0.578,0.1053,0.4455,-0.1327,0.4622,1868.5
n3r,"3 qubits/type, 2 layers",2681521,159668,46,3.3512,0.139,0.411,0.569,0.1101,0.4456,-0.1323,0.4604,1866.4
n3r,"3 qubits/type, 2 layers",2681521,159668,47,3.3437,0.149,0.408,0.559,0.1093,0.4455,-0.1319,0.4609,1904.0
n3r,"3 qubits/type, 2 layers",2681521,159668,48,3.341,0.157,0.414,0.558,0.1083,0.4462,-0.1323,0.464,1802.2
n3r,"3 qubits/type, 2 layers",2681521,159668,49,3.3307,0.143,0.405,0.551,0.1069,0.4469,-0.132,0.4633,1826.3
n3r,"3 qubits/type, 2 layers",2681521,159668,50,3.3241,0.156,0.407,0.561,0.1071,0.4476,-0.1324,0.4643,1913.8
n3r,"3 qubits/type, 2 layers",2681521,159668,51,3.3202,0.165,0.394,0.554,0.1149,0.4481,-0.1326,0.4649,1831.8
n3r,"3 qubits/type, 2 layers",2681521,159668,52,3.3122,0.149,0.416,0.565,0.1079,0.4483,-0.1321,0.4628,1811.0
n3r,"3 qubits/type, 2 layers",2681521,159668,53,3.3093,0.153,0.419,0.563,0.1055,0.4485,-0.1322,0.4625,1825.8
n3r,"3 qubits/type, 2 layers",2681521,159668,54,3.3029,0.146,0.398,0.557,0.1097,0.4491,-0.131,0.4666,1881.4
n3r,"3 qubits/type, 2 layers",2681521,159668,55,3.2967,0.142,0.419,0.559,0.1107,0.4494,-0.1317,0.4661,1888.4
n3r,"3 qubits/type, 2 layers",2681521,159668,56,3.2995,0.165,0.422,0.579,0.1109,0.4493,-0.1317,0.4627,1837.4
n3r,"3 qubits/type, 2 layers",2681521,159668,57,3.286,0.148,0.422,0.559,0.1113,0.4505,-0.1319,0.4665,1793.3
n3r,"3 qubits/type, 2 layers",2681521,159668,58,3.2859,0.154,0.421,0.565,0.1075,0.451,-0.132,0.4661,1909.3
n3r,"3 qubits/type, 2 layers",2681521,159668,59,3.2743,0.164,0.413,0.567,0.1131,0.4509,-0.1326,0.4668,1859.9
n3r,"3 qubits/type, 2 layers",2681521,159668,60,3.2737,0.157,0.414,0.576,0.1115,0.4514,-0.1316,0.4688,1983.6
n3r,"3 qubits/type, 2 layers",2681521,159668,61,3.2689,0.169,0.422,0.562,0.117,0.4509,-0.1321,0.467,1863.9
n3r,"3 qubits/type, 2 layers",2681521,159668,62,3.2673,0.147,0.412,0.566,0.1113,0.4514,-0.1321,0.4677,1898.7
n3r,"3 qubits/type, 2 layers",2681521,159668,63,3.2567,0.162,0.42,0.565,0.1101,0.4518,-0.1322,0.4709,1974.8
n3r,"3 qubits/type, 2 layers",2681521,159668,64,3.2579,0.167,0.415,0.57,0.1133,0.4519,-0.1309,0.4691,1937.2
n3r,"3 qubits/type, 2 layers",2681521,159668,65,3.2534,0.16,0.413,0.572,0.1103,0.4518,-0.1325,0.4695,1883.7
n3r,"3 qubits/type, 2 layers",2681521,159668,66,3.2475,0.165,0.417,0.564,0.1101,0.4515,-0.132,0.4671,1953.4
n3r,"3 qubits/type, 2 layers",2681521,159668,67,3.247,0.16,0.442,0.578,0.1135,0.4524,-0.132,0.4696,1928.6
n3r,"3 qubits/type, 2 layers",2681521,159668,68,3.243,0.16,0.428,0.57,0.1135,0.4531,-0.1316,0.4677,1946.5
n3r,"3 qubits/type, 2 layers",2681521,159668,69,3.2368,0.163,0.428,0.568,0.1188,0.4528,-0.1324,0.4696,1880.6
n3r,"3 qubits/type, 2 layers",2681521,159668,70,3.2323,0.161,0.429,0.559,0.1137,0.4533,-0.1327,0.4694,1802.4
n3r,"3 qubits/type, 2 layers",2681521,159668,71,3.2302,0.161,0.426,0.575,0.1139,0.453,-0.1314,0.4704,1821.9
n3r,"3 qubits/type, 2 layers",2681521,159668,72,3.2309,0.164,0.435,0.572,0.1123,0.4538,-0.1317,0.4706,1791.2
n3r,"3 qubits/type, 2 layers",2681521,159668,73,3.2238,0.165,0.424,0.582,0.1184,0.4542,-0.1322,0.4679,1786.7
n3r,"3 qubits/type, 2 layers",2681521,159668,74,3.219,0.155,0.422,0.583,0.1149,0.4544,-0.1312,0.4721,1829.9
n3r,"3 qubits/type, 2 layers",2681521,159668,75,3.2178,0.164,0.428,0.577,0.1131,0.4544,-0.1323,0.4705,1777.6
n3r,"3 qubits/type, 2 layers",2681521,159668,76,3.2186,0.161,0.419,0.582,0.1151,0.4543,-0.1326,0.4714,1854.8
n3r,"3 qubits/type, 2 layers",2681521,159668,77,3.2143,0.161,0.428,0.582,0.1168,0.4543,-0.1324,0.4734,1795.0
n3r,"3 qubits/type, 2 layers",2681521,159668,78,3.2088,0.178,0.431,0.573,0.1172,0.4543,-0.1322,0.4703,1781.1
n3r,"3 qubits/type, 2 layers",2681521,159668,79,3.208,0.152,0.429,0.579,0.1121,0.4552,-0.1328,0.4722,1825.4
n3r,"3 qubits/type, 2 layers",2681521,159668,80,3.2004,0.163,0.429,0.572,0.1176,0.4546,-0.1329,0.4712,1784.2
n3r,"3 qubits/type, 2 layers",2681521,159668,81,3.2012,0.155,0.435,0.572,0.1165,0.4551,-0.1326,0.4702,1778.3
n3r,"3 qubits/type, 2 layers",2681521,159668,82,3.2024,0.16,0.429,0.562,0.1172,0.4554,-0.1329,0.4725,1830.7
n3r,"3 qubits/type, 2 layers",2681521,159668,83,3.1959,0.164,0.43,0.585,0.1188,0.456,-0.1319,0.4727,1791.2
n3r,"3 qubits/type, 2 layers",2681521,159668,84,3.1951,0.157,0.428,0.586,0.118,0.4567,-0.1323,0.4722,1830.1
n3r,"3 qubits/type, 2 layers",2681521,159668,85,3.1893,0.168,0.428,0.584,0.1186,0.4567,-0.1322,0.4739,1766.4
n3r,"3 qubits/type, 2 layers",2681521,159668,86,3.1895,0.169,0.419,0.577,0.1208,0.4563,-0.1322,0.4748,1771.7
n3r,"3 qubits/type, 2 layers",2681521,159668,87,3.1838,0.142,0.415,0.576,0.1218,0.4567,-0.1332,0.4731,1913.5
n3r,"3 qubits/type, 2 layers",2681521,159668,88,3.1832,0.165,0.423,0.568,0.1196,0.4561,-0.1323,0.4729,1940.1
n3r,"3 qubits/type, 2 layers",2681521,159668,89,3.1802,0.164,0.427,0.574,0.1214,0.4572,-0.132,0.4749,1859.5
n3r,"3 qubits/type, 2 layers",2681521,159668,90,3.1802,0.159,0.422,0.571,0.1198,0.4571,-0.1322,0.4737,1818.6
n3r,"3 qubits/type, 2 layers",2681521,159668,91,3.1753,0.161,0.441,0.577,0.118,0.4573,-0.1323,0.4744,1780.6
n3r,"3 qubits/type, 2 layers",2681521,159668,92,3.1739,0.175,0.435,0.591,0.123,0.4571,-0.132,0.4755,1824.0
n3r,"3 qubits/type, 2 layers",2681521,159668,93,3.1731,0.166,0.444,0.589,0.1218,0.4569,-0.132,0.4742,1775.1
n3r,"3 qubits/type, 2 layers",2681521,159668,94,3.1688,0.158,0.444,0.592,0.1216,0.4572,-0.1321,0.4721,1780.2
n3r,"3 qubits/type, 2 layers",2681521,159668,95,3.1628,0.167,0.439,0.578,0.1242,0.458,-0.1317,0.4743,1819.6
n3r,"3 qubits/type, 2 layers",2681521,159668,96,3.1632,0.167,0.45,0.592,0.1218,0.4577,-0.1314,0.4734,1791.9
n3r,"3 qubits/type, 2 layers",2681521,159668,97,3.1645,0.165,0.442,0.567,0.1194,0.4581,-0.1324,0.4745,1842.4
n3r,"3 qubits/type, 2 layers",2681521,159668,98,3.1613,0.172,0.445,0.59,0.1228,0.4584,-0.1325,0.4741,1805.8
n3r,"3 qubits/type, 2 layers",2681521,159668,99,3.1599,0.163,0.442,0.584,0.1186,0.4578,-0.1321,0.4741,1855.5
n3r2,"3 qubits/type, 2 layers, repeated entangler",2681521,159668,0,5.4461,0.012,0.044,0.073,0.0052,0.1096,-0.1928,0.0638,3316.3
n3r2,"3 qubits/type, 2 layers, repeated entangler",2681521,159668,1,5.0472,0.023,0.08,0.144,0.011,0.1964,-0.1928,0.1774,3381.1
n3r2,"3 qubits/type, 2 layers, repeated entangler",2681521,159668,2,4.7855,0.029,0.115,0.187,0.0179,0.2439,-0.186,0.2342,3302.2
n3r2,"3 qubits/type, 2 layers, repeated entangler",2681521,159668,3,4.6154,0.044,0.142,0.236,0.0265,0.2734,-0.1804,0.2652,3343.4
n3r2,"3 qubits/type, 2 layers, repeated entangler",2681521,159668,4,4.4954,0.051,0.165,0.272,0.0313,0.2933,-0.1758,0.286,3319.6
n3r2,"3 qubits/type, 2 layers, repeated entangler",2681521,159668,5,4.3995,0.048,0.185,0.32,0.0377,0.3103,-0.1733,0.3018,3293.2
n3r2,"3 qubits/type, 2 layers, repeated entangler",2681521,159668,6,4.3225,0.06,0.225,0.339,0.0419,0.3216,-0.1704,0.3173,3368.8
n3r2,"3 qubits/type, 2 layers, repeated entangler",2681521,159668,7,4.2534,0.065,0.231,0.354,0.0469,0.3321,-0.1693,0.3299,3279.6
n3r2,"3 qubits/type, 2 layers, repeated entangler",2681521,159668,8,4.1969,0.074,0.239,0.364,0.0508,0.3406,-0.1677,0.3418,3287.4
n3r2,"3 qubits/type, 2 layers, repeated entangler",2681521,159668,9,4.1514,0.073,0.25,0.399,0.0504,0.3489,-0.1657,0.3454,3358.0
n3r2,"3 qubits/type, 2 layers, repeated entangler",2681521,159668,10,4.1099,0.085,0.262,0.403,0.0524,0.3549,-0.1654,0.3513,3321.4
n3r2,"3 qubits/type, 2 layers, repeated entangler",2681521,159668,11,4.0733,0.071,0.26,0.394,0.054,0.3608,-0.164,0.3575,3390.6
n3r2,"3 qubits/type, 2 layers, repeated entangler",2681521,159668,12,4.0333,0.074,0.263,0.401,0.0562,0.3665,-0.1636,0.3639,3386.1
n3r2,"3 qubits/type, 2 layers, repeated entangler",2681521,159668,13,4.0009,0.074,0.28,0.419,0.0556,0.3714,-0.1632,0.3671,3318.2
n3r2,"3 qubits/type, 2 layers, repeated entangler",2681521,159668,14,3.9777,0.092,0.29,0.425,0.0576,0.3753,-0.1634,0.3733,3416.8
n3r2,"3 qubits/type, 2 layers, repeated entangler",2681521,159668,15,3.9453,0.084,0.299,0.428,0.063,0.3798,-0.1613,0.3758,3427.1
n3r2,"3 qubits/type, 2 layers, repeated entangler",2681521,159668,16,3.9146,0.091,0.293,0.424,0.0634,0.3836,-0.1616,0.3782,3479.9
n3r2,"3 qubits/type, 2 layers, repeated entangler",2681521,159668,17,3.8927,0.099,0.311,0.439,0.0666,0.3868,-0.1599,0.3836,3638.1
n3r2,"3 qubits/type, 2 layers, repeated entangler",2681521,159668,18,3.8712,0.107,0.298,0.442,0.0654,0.3891,-0.1603,0.388,3445.8
n3r2,"3 qubits/type, 2 layers, repeated entangler",2681521,159668,19,3.8546,0.101,0.314,0.457,0.0696,0.3923,-0.1589,0.3931,3419.5
n3r2,"3 qubits/type, 2 layers, repeated entangler",2681521,159668,20,3.8281,0.1,0.311,0.455,0.071,0.3962,-0.1603,0.3944,3359.1
n3r2,"3 qubits/type, 2 layers, repeated entangler",2681521,159668,21,3.8145,0.105,0.319,0.474,0.0736,0.3981,-0.1598,0.3979,3298.7
n3r2,"3 qubits/type, 2 layers, repeated entangler",2681521,159668,22,3.7922,0.114,0.323,0.465,0.071,0.4002,-0.1588,0.4023,3279.2
n3r2,"3 qubits/type, 2 layers, repeated entangler",2681521,159668,23,3.7766,0.099,0.338,0.478,0.073,0.4024,-0.1579,0.4025,3320.1
n3r2,"3 qubits/type, 2 layers, repeated entangler",2681521,159668,24,3.7566,0.115,0.337,0.485,0.0742,0.4047,-0.1586,0.4061,3307.7
n3r2,"3 qubits/type, 2 layers, repeated entangler",2681521,159668,25,3.7454,0.112,0.341,0.5,0.0774,0.4058,-0.1583,0.4112,3300.9
n3r2,"3 qubits/type, 2 layers, repeated entangler",2681521,159668,26,3.7321,0.114,0.341,0.495,0.0736,0.4076,-0.1582,0.4118,3363.2
n3r2,"3 qubits/type, 2 layers, repeated entangler",2681521,159668,27,3.7149,0.098,0.347,0.508,0.0768,0.41,-0.1585,0.4142,3350.7
n3r2,"3 qubits/type, 2 layers, repeated entangler",2681521,159668,28,3.7017,0.114,0.343,0.508,0.0822,0.4112,-0.1594,0.4174,3299.6
n3r2,"3 qubits/type, 2 layers, repeated entangler",2681521,159668,29,3.6848,0.112,0.337,0.503,0.0849,0.4125,-0.1582,0.4184,3372.5
n3r2,"3 qubits/type, 2 layers, repeated entangler",2681521,159668,30,3.6715,0.115,0.359,0.517,0.0798,0.4139,-0.1579,0.4219,3294.5
n3r2,"3 qubits/type, 2 layers, repeated entangler",2681521,159668,31,3.6597,0.115,0.354,0.515,0.0845,0.4156,-0.1582,0.4254,3321.5
n3r2,"3 qubits/type, 2 layers, repeated entangler",2681521,159668,32,3.6477,0.118,0.348,0.514,0.0839,0.417,-0.1585,0.4253,3402.6
n3r2,"3 qubits/type, 2 layers, repeated entangler",2681521,159668,33,3.6393,0.114,0.349,0.504,0.0877,0.418,-0.1588,0.4296,3278.8
n3r2,"3 qubits/type, 2 layers, repeated entangler",2681521,159668,34,3.6239,0.117,0.369,0.522,0.0873,0.4185,-0.1579,0.431,3441.8
n3r2,"3 qubits/type, 2 layers, repeated entangler",2681521,159668,35,3.61,0.111,0.356,0.514,0.0885,0.4195,-0.1578,0.4313,3434.3
n3r2,"3 qubits/type, 2 layers, repeated entangler",2681521,159668,36,3.6033,0.116,0.351,0.497,0.0877,0.4208,-0.1584,0.4336,3831.8
n3r2,"3 qubits/type, 2 layers, repeated entangler",2681521,159668,37,3.5881,0.12,0.366,0.518,0.0903,0.4226,-0.1589,0.4354,3702.5
n3r2,"3 qubits/type, 2 layers, repeated entangler",2681521,159668,38,3.5825,0.117,0.356,0.527,0.0907,0.4233,-0.1593,0.4382,3407.7
n3r2,"3 qubits/type, 2 layers, repeated entangler",2681521,159668,39,3.5779,0.105,0.355,0.509,0.0903,0.424,-0.158,0.438,3423.3
n3r2,"3 qubits/type, 2 layers, repeated entangler",2681521,159668,40,3.5609,0.111,0.347,0.535,0.0921,0.4253,-0.1569,0.4393,3420.6
n3r2,"3 qubits/type, 2 layers, repeated entangler",2681521,159668,41,3.5568,0.115,0.352,0.525,0.0877,0.4253,-0.1576,0.4416,3417.9
n3r2,"3 qubits/type, 2 layers, repeated entangler",2681521,159668,42,3.5466,0.12,0.362,0.525,0.0927,0.4258,-0.157,0.4435,3588.6
n3r2,"3 qubits/type, 2 layers, repeated entangler",2681521,159668,43,3.534,0.117,0.367,0.526,0.0877,0.4271,-0.1575,0.4454,3491.8
n3r2,"3 qubits/type, 2 layers, repeated entangler",2681521,159668,44,3.5357,0.125,0.372,0.523,0.0911,0.4282,-0.1571,0.4456,3413.1
n3r2,"3 qubits/type, 2 layers, repeated entangler",2681521,159668,45,3.526,0.13,0.374,0.537,0.0915,0.4284,-0.1572,0.4463,3413.0
n3r2,"3 qubits/type, 2 layers, repeated entangler",2681521,159668,46,3.5138,0.122,0.391,0.526,0.0917,0.4287,-0.1572,0.4483,3578.9
n3r2,"3 qubits/type, 2 layers, repeated entangler",2681521,159668,47,3.505,0.134,0.375,0.542,0.0923,0.4293,-0.1567,0.45,3457.6
n3r2,"3 qubits/type, 2 layers, repeated entangler",2681521,159668,48,3.4995,0.123,0.383,0.533,0.0943,0.4308,-0.1573,0.4482,3372.5
n3r2,"3 qubits/type, 2 layers, repeated entangler",2681521,159668,49,3.4939,0.128,0.374,0.529,0.0915,0.4305,-0.1564,0.4511,3387.2
n3r2,"3 qubits/type, 2 layers, repeated entangler",2681521,159668,50,3.4814,0.121,0.378,0.529,0.0957,0.4313,-0.157,0.4538,3384.6
n3r2,"3 qubits/type, 2 layers, repeated entangler",2681521,159668,51,3.4771,0.11,0.376,0.537,0.0935,0.4324,-0.1564,0.4528,3471.1
n3r2,"3 qubits/type, 2 layers, repeated entangler",2681521,159668,52,3.4678,0.115,0.387,0.542,0.0947,0.4325,-0.156,0.4551,3445.5
n3r2,"3 qubits/type, 2 layers, repeated entangler",2681521,159668,53,3.4618,0.127,0.368,0.535,0.0935,0.4334,-0.1559,0.4548,3375.0
n3r2,"3 qubits/type, 2 layers, repeated entangler",2681521,159668,54,3.4554,0.125,0.383,0.563,0.0957,0.4341,-0.1559,0.4526,3387.0
n3r2,"3 qubits/type, 2 layers, repeated entangler",2681521,159668,55,3.4496,0.123,0.384,0.539,0.0927,0.4338,-0.1559,0.4552,3419.5
n3r2,"3 qubits/type, 2 layers, repeated entangler",2681521,159668,56,3.4459,0.131,0.395,0.559,0.0985,0.4346,-0.1548,0.4551,3378.0
n3r2,"3 qubits/type, 2 layers, repeated entangler",2681521,159668,57,3.4344,0.125,0.389,0.534,0.0961,0.4346,-0.1551,0.4569,3391.5
n3r2,"3 qubits/type, 2 layers, repeated entangler",2681521,159668,58,3.4358,0.13,0.389,0.546,0.0981,0.436,-0.1549,0.457,3420.7
n3r2,"3 qubits/type, 2 layers, repeated entangler",2681521,159668,59,3.4249,0.144,0.392,0.553,0.0989,0.4356,-0.1548,0.4601,3349.9
n3r2,"3 qubits/type, 2 layers, repeated entangler",2681521,159668,60,3.419,0.136,0.39,0.546,0.0969,0.436,-0.155,0.4605,3413.2
n3r2,"3 qubits/type, 2 layers, repeated entangler",2681521,159668,61,3.4171,0.134,0.388,0.552,0.0961,0.4372,-0.1549,0.4601,3441.1
n3r2,"3 qubits/type, 2 layers, repeated entangler",2681521,159668,62,3.4087,0.133,0.395,0.529,0.0953,0.4367,-0.1544,0.4597,3447.4
n3r2,"3 qubits/type, 2 layers, repeated entangler",2681521,159668,63,3.4004,0.12,0.398,0.564,0.0963,0.4376,-0.1545,0.4613,3411.7
n3r2,"3 qubits/type, 2 layers, repeated entangler",2681521,159668,64,3.3961,0.115,0.394,0.55,0.0963,0.4384,-0.1542,0.4591,3423.7
n3r2,"3 qubits/type, 2 layers, repeated entangler",2681521,159668,65,3.3949,0.13,0.395,0.545,0.0963,0.438,-0.1531,0.4614,3398.4
n3r2,"3 qubits/type, 2 layers, repeated entangler",2681521,159668,66,3.3889,0.13,0.402,0.551,0.0977,0.4382,-0.1539,0.4617,3397.5
n3r2,"3 qubits/type, 2 layers, repeated entangler",2681521,159668,67,3.3817,0.124,0.387,0.55,0.1003,0.4389,-0.1544,0.4608,3469.2
n3r2,"3 qubits/type, 2 layers, repeated entangler",2681521,159668,68,3.3815,0.127,0.39,0.535,0.1009,0.4395,-0.1541,0.4617,3416.2
n3r2,"3 qubits/type, 2 layers, repeated entangler",2681521,159668,69,3.3689,0.124,0.393,0.561,0.0977,0.4398,-0.1542,0.4611,3423.2
n3r2,"3 qubits/type, 2 layers, repeated entangler",2681521,159668,70,3.3621,0.134,0.382,0.555,0.1021,0.4405,-0.1534,0.4615,3503.7
n3r2,"3 qubits/type, 2 layers, repeated entangler",2681521,159668,71,3.36,0.127,0.398,0.561,0.0997,0.4406,-0.1529,0.4612,3376.2
n3r2,"3 qubits/type, 2 layers, repeated entangler",2681521,159668,72,3.3586,0.134,0.399,0.553,0.1041,0.4409,-0.1527,0.4613,3367.3
n3r2,"3 qubits/type, 2 layers, repeated entangler",2681521,159668,73,3.3531,0.132,0.404,0.549,0.1033,0.4417,-0.1522,0.4625,3385.8
n3r2,"3 qubits/type, 2 layers, repeated entangler",2681521,159668,74,3.3461,0.143,0.403,0.562,0.1045,0.4423,-0.1523,0.4638,3304.5
n3r2,"3 qubits/type, 2 layers, repeated entangler",2681521,159668,75,3.342,0.13,0.397,0.559,0.1049,0.4424,-0.1516,0.4654,3302.7
n3r2,"3 qubits/type, 2 layers, repeated entangler",2681521,159668,76,3.3401,0.144,0.401,0.561,0.1015,0.4427,-0.1521,0.4627,3330.5
n3r2,"3 qubits/type, 2 layers, repeated entangler",2681521,159668,77,3.3323,0.138,0.4,0.558,0.1037,0.4433,-0.1518,0.4647,3363.2
n3r2,"3 qubits/type, 2 layers, repeated entangler",2681521,159668,78,3.3264,0.136,0.402,0.561,0.1015,0.4439,-0.1512,0.4658,3339.9
n3r2,"3 qubits/type, 2 layers, repeated entangler",2681521,159668,79,3.324,0.144,0.396,0.569,0.1045,0.4436,-0.1516,0.4642,3309.0
n3r2,"3 qubits/type, 2 layers, repeated entangler",2681521,159668,80,3.3186,0.136,0.395,0.578,0.1057,0.4448,-0.1507,0.467,3342.2
n3r2,"3 qubits/type, 2 layers, repeated entangler",2681521,159668,81,3.3081,0.137,0.394,0.57,0.1059,0.4449,-0.1507,0.4675,3337.8
n3r2,"3 qubits/type, 2 layers, repeated entangler",2681521,159668,82,3.3114,0.134,0.41,0.57,0.1051,0.4448,-0.1506,0.4656,3325.1
n3r2,"3 qubits/type, 2 layers, repeated entangler",2681521,159668,83,3.3034,0.13,0.407,0.565,0.1067,0.4454,-0.1506,0.4641,3317.0
n3r2,"3 qubits/type, 2 layers, repeated entangler",2681521,159668,84,3.2994,0.135,0.411,0.564,0.1029,0.4459,-0.1501,0.4687,3317.7
n3r2,"3 qubits/type, 2 layers, repeated entangler",2681521,159668,85,3.2972,0.143,0.41,0.571,0.1073,0.4465,-0.15,0.4675,3324.1
n3r2,"3 qubits/type, 2 layers, repeated entangler",2681521,159668,86,3.2934,0.14,0.42,0.568,0.1057,0.4467,-0.1503,0.4666,3309.5
n3r2,"3 qubits/type, 2 layers, repeated entangler",2681521,159668,87,3.2869,0.141,0.405,0.569,0.1041,0.4468,-0.1494,0.4691,3376.8
n3r2,"3 qubits/type, 2 layers, repeated entangler",2681521,159668,88,3.2865,0.136,0.408,0.559,0.1049,0.4465,-0.1495,0.4687,3349.3
n3r2,"3 qubits/type, 2 layers, repeated entangler",2681521,159668,89,3.2797,0.141,0.401,0.571,0.1035,0.4473,-0.15,0.4691,3322.5
n3r2,"3 qubits/type, 2 layers, repeated entangler",2681521,159668,90,3.2803,0.146,0.409,0.56,0.1073,0.4479,-0.1496,0.4695,3411.3
n3r2,"3 qubits/type, 2 layers, repeated entangler",2681521,159668,91,3.2772,0.13,0.406,0.567,0.1083,0.4475,-0.1495,0.4695,3288.2
n3r2,"3 qubits/type, 2 layers, repeated entangler",2681521,159668,92,3.2673,0.141,0.402,0.582,0.1061,0.4485,-0.149,0.4699,3338.8
n3r2,"3 qubits/type, 2 layers, repeated entangler",2681521,159668,93,3.2673,0.147,0.409,0.576,0.1057,0.4484,-0.1494,0.4712,3335.9
n3r2,"3 qubits/type, 2 layers, repeated entangler",2681521,159668,94,3.2654,0.14,0.428,0.579,0.1099,0.4489,-0.1489,0.4698,3336.8
n3r2,"3 qubits/type, 2 layers, repeated entangler",2681521,159668,95,3.256,0.145,0.408,0.572,0.1069,0.4489,-0.1485,0.4709,3323.4
n3r2,"3 qubits/type, 2 layers, repeated entangler",2681521,159668,96,3.256,0.139,0.412,0.572,0.1117,0.4489,-0.1485,0.4713,3320.0
n3r2,"3 qubits/type, 2 layers, repeated entangler",2681521,159668,97,3.255,0.139,0.421,0.579,0.1109,0.4487,-0.1482,0.4706,3317.6
n3r2,"3 qubits/type, 2 layers, repeated entangler",2681521,159668,98,3.2499,0.147,0.429,0.577,0.1099,0.4493,-0.1481,0.471,3346.3
n3r2,"3 qubits/type, 2 layers, repeated entangler",2681521,159668,99,3.2454,0.149,0.401,0.576,0.1107,0.4487,-0.1484,0.4713,3309.6
n4l3,n4l3,5166028,159668,0,5.4273,0.009,0.043,0.078,0.007,0.1103,-0.183,0.0992,9657.2
n4r,"4 qubits/type, 2 layers",3444019,159668,0,5.4373,0.01,0.043,0.08,0.0076,0.1161,-0.1966,0.0805,5210.8
n4r,"4 qubits/type, 2 layers",3444019,159668,1,5.0707,0.018,0.074,0.13,0.0116,0.1877,-0.2054,0.2226,5279.1
n4r,"4 qubits/type, 2 layers",3444019,159668,2,4.8568,0.03,0.109,0.177,0.0185,0.2257,-0.205,0.2958,5144.3
n4r,"4 qubits/type, 2 layers",3444019,159668,3,4.711,0.039,0.13,0.213,0.0207,0.2508,-0.199,0.3388,5216.6
n4r,"4 qubits/type, 2 layers",3444019,159668,4,4.5894,0.043,0.166,0.26,0.0289,0.2708,-0.194,0.375,5288.5
n4r,"4 qubits/type, 2 layers",3444019,159668,5,4.4895,0.044,0.171,0.304,0.0337,0.2874,-0.1908,0.4074,5300.3
n4r,"4 qubits/type, 2 layers",3444019,159668,6,4.4047,0.048,0.202,0.314,0.0359,0.3001,-0.1886,0.4249,5172.2
n4r,"4 qubits/type, 2 layers",3444019,159668,7,4.3358,0.062,0.206,0.332,0.0403,0.3115,-0.187,0.4431,5197.4
n4r,"4 qubits/type, 2 layers",3444019,159668,8,4.279,0.059,0.217,0.35,0.0427,0.3219,-0.1855,0.4628,5188.2
n4r,"4 qubits/type, 2 layers",3444019,159668,9,4.2205,0.074,0.233,0.357,0.0463,0.3283,-0.1834,0.471,5271.5
n4r,"4 qubits/type, 2 layers",3444019,159668,10,4.1707,0.067,0.248,0.371,0.0481,0.3359,-0.1825,0.4792,5183.5
n4r,"4 qubits/type, 2 layers",3444019,159668,11,4.1258,0.076,0.247,0.389,0.053,0.3421,-0.1823,0.4886,5180.4
n4r,"4 qubits/type, 2 layers",3444019,159668,12,4.0796,0.082,0.236,0.384,0.0558,0.3486,-0.1812,0.4912,5158.5
n4r,"4 qubits/type, 2 layers",3444019,159668,13,4.0469,0.078,0.271,0.408,0.056,0.3537,-0.1802,0.5037,5282.4
n4r,"4 qubits/type, 2 layers",3444019,159668,14,4.0065,0.099,0.271,0.413,0.0616,0.3591,-0.1789,0.5045,5233.9
n4r,"4 qubits/type, 2 layers",3444019,159668,15,3.9786,0.1,0.285,0.437,0.0578,0.3632,-0.1793,0.5065,5194.9
n4r,"4 qubits/type, 2 layers",3444019,159668,16,3.9487,0.094,0.285,0.448,0.0614,0.3671,-0.1782,0.5129,5104.5
n4r,"4 qubits/type, 2 layers",3444019,159668,17,3.9206,0.097,0.301,0.463,0.066,0.3724,-0.1765,0.5185,5119.7
n4r,"4 qubits/type, 2 layers",3444019,159668,18,3.8965,0.106,0.31,0.471,0.0688,0.3755,-0.1765,0.5223,5181.7
n4r,"4 qubits/type, 2 layers",3444019,159668,19,3.8687,0.11,0.324,0.495,0.071,0.3789,-0.1751,0.5254,5234.9
n4r,"4 qubits/type, 2 layers",3444019,159668,20,3.8399,0.118,0.335,0.494,0.0762,0.3827,-0.1743,0.5311,5255.9
n4r,"4 qubits/type, 2 layers",3444019,159668,21,3.8088,0.119,0.35,0.493,0.0752,0.3867,-0.1744,0.5356,5285.9
n4r,"4 qubits/type, 2 layers",3444019,159668,22,3.795,0.13,0.339,0.513,0.0752,0.3898,-0.1737,0.5364,5482.7
n4r,"4 qubits/type, 2 layers",3444019,159668,23,3.7658,0.118,0.348,0.5,0.0766,0.3931,-0.1727,0.539,5843.5
n4r,"4 qubits/type, 2 layers",3444019,159668,24,3.7473,0.115,0.353,0.51,0.0792,0.3941,-0.1715,0.5431,5871.5
n4r,"4 qubits/type, 2 layers",3444019,159668,25,3.7254,0.127,0.344,0.499,0.0782,0.3972,-0.1723,0.5395,5768.2
n4r,"4 qubits/type, 2 layers",3444019,159668,26,3.7112,0.126,0.365,0.496,0.0822,0.3993,-0.171,0.5492,5245.3
n4r,"4 qubits/type, 2 layers",3444019,159668,27,3.6955,0.14,0.358,0.519,0.0835,0.4021,-0.1707,0.5438,5239.9
n4r,"4 qubits/type, 2 layers",3444019,159668,28,3.6714,0.125,0.361,0.515,0.0832,0.4043,-0.1703,0.5494,5226.4
n4r,"4 qubits/type, 2 layers",3444019,159668,29,3.6576,0.124,0.347,0.532,0.0822,0.4064,-0.1691,0.5499,5191.1
n4r,"4 qubits/type, 2 layers",3444019,159668,30,3.6443,0.128,0.368,0.532,0.0865,0.4094,-0.1697,0.5515,5204.2
n4r,"4 qubits/type, 2 layers",3444019,159668,31,3.6284,0.129,0.358,0.525,0.0863,0.409,-0.1682,0.554,5157.2
n4r,"4 qubits/type, 2 layers",3444019,159668,32,3.6104,0.123,0.342,0.514,0.0863,0.4114,-0.1689,0.5557,5179.2
n4r,"4 qubits/type, 2 layers",3444019,159668,33,3.5908,0.13,0.37,0.521,0.0899,0.4143,-0.1686,0.5582,5216.6
n4r,"4 qubits/type, 2 layers",3444019,159668,34,3.5804,0.124,0.371,0.539,0.0889,0.4153,-0.1667,0.5592,5187.7
n4r,"4 qubits/type, 2 layers",3444019,159668,35,3.5709,0.138,0.372,0.548,0.0909,0.4167,-0.168,0.5591,5235.1
n4r,"4 qubits/type, 2 layers",3444019,159668,36,3.5502,0.137,0.379,0.537,0.0901,0.4175,-0.1686,0.5592,5441.2
n4r,"4 qubits/type, 2 layers",3444019,159668,37,3.5392,0.147,0.381,0.541,0.0955,0.4184,-0.1677,0.5656,5429.7
n4r,"4 qubits/type, 2 layers",3444019,159668,38,3.5355,0.139,0.391,0.53,0.0931,0.419,-0.1661,0.5637,5388.6
n4r,"4 qubits/type, 2 layers",3444019,159668,39,3.5255,0.145,0.386,0.543,0.0925,0.4213,-0.1661,0.5617,5363.9
n4r,"4 qubits/type, 2 layers",3444019,159668,40,3.5124,0.131,0.387,0.552,0.0995,0.4217,-0.1654,0.562,5273.4
n4r,"4 qubits/type, 2 layers",3444019,159668,41,3.5026,0.156,0.387,0.547,0.0967,0.4232,-0.165,0.5684,5286.6
n4r,"4 qubits/type, 2 layers",3444019,159668,42,3.493,0.145,0.391,0.547,0.0953,0.4249,-0.1651,0.5674,5209.0
n4r,"4 qubits/type, 2 layers",3444019,159668,43,3.4777,0.143,0.383,0.541,0.0983,0.4251,-0.1655,0.5662,5179.9
n4r,"4 qubits/type, 2 layers",3444019,159668,44,3.4692,0.152,0.402,0.545,0.1003,0.4264,-0.1641,0.5664,5092.9
n4r,"4 qubits/type, 2 layers",3444019,159668,45,3.4537,0.158,0.406,0.547,0.0977,0.4277,-0.1646,0.5691,5160.4
n4r,"4 qubits/type, 2 layers",3444019,159668,46,3.4535,0.156,0.405,0.553,0.0953,0.4285,-0.1628,0.5706,5192.8
n4r,"4 qubits/type, 2 layers",3444019,159668,47,3.44,0.146,0.394,0.561,0.0941,0.4296,-0.1644,0.5684,5133.7
n4r,"4 qubits/type, 2 layers",3444019,159668,48,3.4353,0.15,0.402,0.562,0.1009,0.4301,-0.1647,0.5702,5133.9
n4r,"4 qubits/type, 2 layers",3444019,159668,49,3.4274,0.144,0.406,0.563,0.0993,0.4305,-0.1641,0.5708,5121.1
n4r,"4 qubits/type, 2 layers",3444019,159668,50,3.4128,0.144,0.405,0.538,0.0945,0.4321,-0.1636,0.5703,5172.4
n4r,"4 qubits/type, 2 layers",3444019,159668,51,3.4072,0.15,0.403,0.55,0.1023,0.4328,-0.163,0.5655,5176.9
n4r,"4 qubits/type, 2 layers",3444019,159668,52,3.3972,0.147,0.402,0.561,0.1035,0.4334,-0.1634,0.5723,5185.9
n4r,"4 qubits/type, 2 layers",3444019,159668,53,3.3942,0.146,0.39,0.555,0.0975,0.4339,-0.1639,0.5708,5148.4
n4r,"4 qubits/type, 2 layers",3444019,159668,54,3.3882,0.154,0.402,0.551,0.0993,0.4337,-0.164,0.5723,5197.4
n4r,"4 qubits/type, 2 layers",3444019,159668,55,3.374,0.141,0.41,0.555,0.1011,0.434,-0.1641,0.5774,5185.9
n4r,"4 qubits/type, 2 layers",3444019,159668,56,3.3659,0.15,0.399,0.56,0.0999,0.4347,-0.164,0.5737,5224.2
n4r,"4 qubits/type, 2 layers",3444019,159668,57,3.364,0.142,0.404,0.569,0.1015,0.4354,-0.1636,0.571,5063.8
n4r,"4 qubits/type, 2 layers",3444019,159668,58,3.3509,0.147,0.406,0.573,0.1035,0.4346,-0.1632,0.5752,5131.6
n4r,"4 qubits/type, 2 layers",3444019,159668,59,3.3477,0.147,0.422,0.553,0.1017,0.4357,-0.164,0.5769,5168.1
n4r,"4 qubits/type, 2 layers",3444019,159668,60,3.3478,0.152,0.412,0.565,0.1091,0.4371,-0.1637,0.5779,5147.0
n4r,"4 qubits/type, 2 layers",3444019,159668,61,3.3357,0.142,0.403,0.574,0.1067,0.438,-0.1629,0.5752,5119.8
n4r,"4 qubits/type, 2 layers",3444019,159668,62,3.3323,0.147,0.399,0.559,0.1081,0.4386,-0.164,0.5754,5254.2
n4r,"4 qubits/type, 2 layers",3444019,159668,63,3.3294,0.156,0.42,0.571,0.1089,0.4375,-0.1633,0.5789,5191.3
n4r,"4 qubits/type, 2 layers",3444019,159668,64,3.3218,0.144,0.411,0.563,0.1049,0.4384,-0.1641,0.577,5131.5
n4r,"4 qubits/type, 2 layers",3444019,159668,65,3.311,0.144,0.428,0.579,0.1051,0.4387,-0.1643,0.5792,5195.6
n4r,"4 qubits/type, 2 layers",3444019,159668,66,3.3032,0.154,0.419,0.581,0.1045,0.4387,-0.1642,0.5816,5190.1
n4r,"4 qubits/type, 2 layers",3444019,159668,67,3.3046,0.153,0.417,0.579,0.1085,0.4392,-0.1639,0.5807,5199.6
n4r,"4 qubits/type, 2 layers",3444019,159668,68,3.2978,0.156,0.422,0.582,0.1049,0.4394,-0.1636,0.5821,5313.3
n4r,"4 qubits/type, 2 layers",3444019,159668,69,3.2906,0.151,0.422,0.58,0.1089,0.4395,-0.1638,0.5811,5178.4
n4r,"4 qubits/type, 2 layers",3444019,159668,70,3.2887,0.158,0.427,0.566,0.1085,0.4407,-0.164,0.5817,5197.6
n4r,"4 qubits/type, 2 layers",3444019,159668,71,3.2854,0.147,0.425,0.576,0.1059,0.4417,-0.1639,0.5819,5186.3
n4r,"4 qubits/type, 2 layers",3444019,159668,72,3.2719,0.155,0.414,0.581,0.1095,0.4421,-0.1626,0.5807,5190.9
n4r,"4 qubits/type, 2 layers",3444019,159668,73,3.2799,0.144,0.424,0.576,0.1083,0.4412,-0.1629,0.5819,5302.3
n4r,"4 qubits/type, 2 layers",3444019,159668,74,3.2696,0.153,0.425,0.577,0.1079,0.4417,-0.1635,0.5841,5171.5
n4r,"4 qubits/type, 2 layers",3444019,159668,75,3.2599,0.161,0.411,0.576,0.1053,0.4422,-0.1632,0.5792,5168.9
n4r,"4 qubits/type, 2 layers",3444019,159668,76,3.2649,0.157,0.419,0.582,0.1049,0.4427,-0.1634,0.5808,5110.1
n4r,"4 qubits/type, 2 layers",3444019,159668,77,3.2594,0.165,0.414,0.569,0.1085,0.4429,-0.163,0.5873,5171.8
n4r,"4 qubits/type, 2 layers",3444019,159668,78,3.2498,0.148,0.417,0.588,0.1083,0.4431,-0.1636,0.5808,5179.3
n4r,"4 qubits/type, 2 layers",3444019,159668,79,3.2444,0.158,0.424,0.587,0.1067,0.4429,-0.1642,0.5819,5172.8
n4r,"4 qubits/type, 2 layers",3444019,159668,80,3.2352,0.16,0.414,0.577,0.1063,0.4429,-0.1635,0.5855,5160.7
n4r,"4 qubits/type, 2 layers",3444019,159668,81,3.2394,0.16,0.425,0.582,0.1059,0.4425,-0.1631,0.5839,5181.9
n4r,"4 qubits/type, 2 layers",3444019,159668,82,3.2319,0.147,0.43,0.585,0.1065,0.4432,-0.1637,0.5838,5100.4
n4r,"4 qubits/type, 2 layers",3444019,159668,83,3.2311,0.156,0.437,0.583,0.1115,0.4448,-0.1634,0.5868,5188.2
n4r,"4 qubits/type, 2 layers",3444019,159668,84,3.2257,0.16,0.423,0.575,0.1111,0.4447,-0.1641,0.5846,5195.0
n4r,"4 qubits/type, 2 layers",3444019,159668,85,3.2242,0.159,0.43,0.573,0.1105,0.4452,-0.1635,0.5853,6216.2
n4r,"4 qubits/type, 2 layers",3444019,159668,86,3.2206,0.163,0.438,0.574,0.1125,0.4447,-0.164,0.5835,6915.7
n4r,"4 qubits/type, 2 layers",3444019,159668,87,3.2112,0.162,0.437,0.581,0.1095,0.4449,-0.1639,0.5835,6839.1
n4r,"4 qubits/type, 2 layers",3444019,159668,88,3.2101,0.149,0.433,0.581,0.1069,0.4447,-0.1642,0.5864,6470.4
n4r,"4 qubits/type, 2 layers",3444019,159668,89,3.211,0.158,0.421,0.569,0.1097,0.4452,-0.1637,0.5822,6659.5
n4r,"4 qubits/type, 2 layers",3444019,159668,90,3.2076,0.158,0.43,0.586,0.1149,0.4465,-0.1635,0.5865,6840.1
n4r,"4 qubits/type, 2 layers",3444019,159668,91,3.1968,0.156,0.433,0.584,0.1125,0.4471,-0.1632,0.5873,6492.3
n4r,"4 qubits/type, 2 layers",3444019,159668,92,3.1981,0.145,0.438,0.578,0.1091,0.4463,-0.163,0.5831,6262.8
n4r,"4 qubits/type, 2 layers",3444019,159668,93,3.1938,0.158,0.434,0.581,0.1119,0.4466,-0.1641,0.5845,5789.5
n4r,"4 qubits/type, 2 layers",3444019,159668,94,3.1929,0.165,0.425,0.567,0.1081,0.4467,-0.1627,0.5864,5369.1
n4r,"4 qubits/type, 2 layers",3444019,159668,95,3.1845,0.159,0.433,0.581,0.1131,0.4473,-0.1622,0.5867,5201.8
n4r,"4 qubits/type, 2 layers",3444019,159668,96,3.1801,0.16,0.439,0.586,0.1107,0.4476,-0.1622,0.587,5254.9
n4r,"4 qubits/type, 2 layers",3444019,159668,97,3.1815,0.16,0.422,0.574,0.1073,0.4479,-0.163,0.584,6542.2
n4r,"4 qubits/type, 2 layers",3444019,159668,98,3.1759,0.146,0.423,0.575,0.1097,0.4479,-0.1629,0.5837,8109.1
n4r,"4 qubits/type, 2 layers",3444019,159668,99,3.1768,0.157,0.418,0.587,0.1127,0.4485,-0.1625,0.5876,6897.4
q-tn10k-10389788.out@10k,q-tn10k-10389788.out@10k,660192934,0,0,4.5211,0.003,0.011,0.016,0.001,0.0001,-0.0572,,79.8
q-tn10k-10389788.out@10k,q-tn10k-10389788.out@10k,660192934,0,1,4.5118,0.007,0.025,0.036,0.001,0.0009,-0.1002,,74.7
q-tn10k-10389788.out@10k,q-tn10k-10389788.out@10k,660192934,0,2,4.4684,0.013,0.03,0.042,0.0012,0.0027,-0.1262,,81.0
q-tn10k-10389788.out@10k,q-tn10k-10389788.out@10k,660192934,0,3,4.3725,0.013,0.036,0.054,0.0024,0.006,-0.1349,,74.8
q-tn10k-10389788.out@10k,q-tn10k-10389788.out@10k,660192934,0,4,4.2473,0.014,0.047,0.067,0.0028,0.0081,-0.1368,,74.8
q-tn10k-10389788.out@10k,q-tn10k-10389788.out@10k,660192934,0,5,4.1091,0.013,0.055,0.075,0.0032,0.0107,-0.1432,,74.4
q-tn10k-10389788.out@10k,q-tn10k-10389788.out@10k,660192934,0,6,3.9864,0.014,0.056,0.079,0.004,0.012,-0.143,,75.0
q-tn10k-10389788.out@10k,q-tn10k-10389788.out@10k,660192934,0,7,3.8278,0.017,0.056,0.082,0.0048,0.0131,-0.1503,,74.6
q-tn10k-10389788.out@10k,q-tn10k-10389788.out@10k,660192934,0,8,3.6864,0.017,0.055,0.091,0.006,0.0142,-0.1534,,81.6
q-tn10k-10389788.out@10k,q-tn10k-10389788.out@10k,660192934,0,9,3.5859,0.012,0.062,0.094,0.0046,0.0151,-0.1545,,77.6
q-tn10k-10389788.out@10k,q-tn10k-10389788.out@10k,660192934,0,10,3.4527,0.02,0.067,0.095,0.0066,0.0168,-0.158,,92.0
q-tn10k-10389788.out@10k,q-tn10k-10389788.out@10k,660192934,0,11,3.2775,0.019,0.074,0.098,0.006,0.0176,-0.1635,,78.0
q-tn10k-10389788.out@10k,q-tn10k-10389788.out@10k,660192934,0,12,3.1821,0.021,0.069,0.104,0.007,0.0185,-0.1674,,76.0
q-tn10k-10389788.out@10k,q-tn10k-10389788.out@10k,660192934,0,13,3.0263,0.02,0.069,0.115,0.0076,0.0201,-0.1712,,89.0
q-tn10k-10389788.out@10k,q-tn10k-10389788.out@10k,660192934,0,14,2.9096,0.024,0.077,0.11,0.0074,0.0207,-0.1747,,74.8
q-tn10k-10389788.out@10k,q-tn10k-10389788.out@10k,660192934,0,15,2.834,0.024,0.077,0.122,0.0072,0.0205,-0.1785,,75.6
q-tn10k-10389788.out@10k,q-tn10k-10389788.out@10k,660192934,0,16,2.6848,0.02,0.076,0.126,0.0098,0.0217,-0.1826,,90.7
q-tn10k-10389788.out@10k,q-tn10k-10389788.out@10k,660192934,0,17,2.6122,0.026,0.076,0.121,0.0084,0.0217,-0.1865,,81.3
q-tn10k-10389788.out@10k,q-tn10k-10389788.out@10k,660192934,0,18,2.5001,0.022,0.085,0.123,0.0092,0.022,-0.1878,,77.9
q-tn10k-10389788.out@10k,q-tn10k-10389788.out@10k,660192934,0,19,2.4245,0.018,0.077,0.123,0.0082,0.0222,-0.192,,79.9
q-tn10k-10389788.out@10k,q-tn10k-10389788.out@10k,660192934,0,20,2.3322,0.026,0.078,0.115,0.0074,0.0222,-0.1945,,92.7
q-tn10k-10389788.out@10k,q-tn10k-10389788.out@10k,660192934,0,21,2.2511,0.023,0.079,0.121,0.0094,0.0224,-0.1946,,93.3
q-tn10k-10389788.out@10k,q-tn10k-10389788.out@10k,660192934,0,22,2.1344,0.025,0.091,0.133,0.0088,0.0227,-0.1975,,92.6
q-tn10k-10389788.out@10k,q-tn10k-10389788.out@10k,660192934,0,23,2.0531,0.029,0.086,0.129,0.0098,0.023,-0.2014,,92.7
q-tn10k-10389788.out@10k,q-tn10k-10389788.out@10k,660192934,0,24,2.0334,0.023,0.088,0.143,0.0094,0.0237,-0.2046,,91.6
q-tn10k-10389788.out@10k,q-tn10k-10389788.out@10k,660192934,0,25,1.9444,0.024,0.089,0.139,0.0108,0.0237,-0.2085,,80.4
q-tn10k-10389788.out@10k,q-tn10k-10389788.out@10k,660192934,0,26,1.9257,0.024,0.092,0.134,0.0112,0.024,-0.2103,,78.6
q-tn10k-10389788.out@10k,q-tn10k-10389788.out@10k,660192934,0,27,1.8301,0.03,0.096,0.136,0.0106,0.0245,-0.2117,,93.5
q-tn10k-10389788.out@10k,q-tn10k-10389788.out@10k,660192934,0,28,1.7452,0.029,0.084,0.111,0.0096,0.0241,-0.2135,,77.8
q-tn10k-10389788.out@10k,q-tn10k-10389788.out@10k,660192934,0,29,1.727,0.021,0.075,0.12,0.0106,0.0243,-0.2159,,89.6
q-tn10k_small-10394833.out@10k,q-tn10k_small-10394833.out@10k,49159718,0,0,4.2656,0.001,0.005,0.013,0.001,-0.0,-0.0007,,38.8
q-tn10k_small-10394833.out@10k,q-tn10k_small-10394833.out@10k,49159718,0,1,4.2749,0.001,0.004,0.012,0.001,-0.0,-0.0014,,38.3
q-tn10k_small-10394833.out@10k,q-tn10k_small-10394833.out@10k,49159718,0,2,4.2744,0.002,0.008,0.013,0.001,-0.0,-0.0056,,39.3
q-tn10k_small-10394833.out@10k,q-tn10k_small-10394833.out@10k,49159718,0,3,4.2726,0.0,0.006,0.01,0.001,-0.0,-0.0215,,37.9
q-tn10k_small-10394833.out@10k,q-tn10k_small-10394833.out@10k,49159718,0,4,4.2734,0.002,0.007,0.013,0.001,0.0,-0.0297,,45.2
q-tn10k_small-10394833.out@10k,q-tn10k_small-10394833.out@10k,49159718,0,5,4.2694,0.003,0.011,0.02,0.001,0.0004,-0.0594,,52.6
q-tn10k_small-10394833.out@10k,q-tn10k_small-10394833.out@10k,49159718,0,6,4.2621,0.003,0.014,0.022,0.001,0.0006,-0.0732,,58.5
q-tn10k_small-10394833.out@10k,q-tn10k_small-10394833.out@10k,49159718,0,7,4.25,0.001,0.015,0.026,0.001,0.001,-0.0824,,50.1
q-tn10k_small-10394833.out@10k,q-tn10k_small-10394833.out@10k,49159718,0,8,4.2406,0.004,0.016,0.021,0.001,0.0015,-0.0886,,64.1
q-tn10k_small-10394833.out@10k,q-tn10k_small-10394833.out@10k,49159718,0,9,4.2249,0.004,0.021,0.031,0.0012,0.0021,-0.0934,,64.9
q-tn10k_small-10394833.out@10k,q-tn10k_small-10394833.out@10k,49159718,0,10,4.2038,0.006,0.017,0.033,0.0014,0.0024,-0.0972,,58.8
q-tn10k_small-10394833.out@10k,q-tn10k_small-10394833.out@10k,49159718,0,11,4.1907,0.008,0.021,0.043,0.0016,0.003,-0.1033,,66.8
q-tn10k_small-10394833.out@10k,q-tn10k_small-10394833.out@10k,49159718,0,12,4.1707,0.005,0.02,0.033,0.0014,0.0033,-0.1038,,63.0
q-tn10k_small-10394833.out@10k,q-tn10k_small-10394833.out@10k,49159718,0,13,4.1673,0.005,0.019,0.04,0.0014,0.004,-0.1052,,56.6
q-tn10k_small-10394833.out@10k,q-tn10k_small-10394833.out@10k,49159718,0,14,4.1291,0.006,0.027,0.05,0.0018,0.0045,-0.1099,,60.8
q-tn10k_small-10394833.out@10k,q-tn10k_small-10394833.out@10k,49159718,0,15,4.1074,0.007,0.033,0.053,0.0018,0.0052,-0.1123,,60.9
q-tn10k_small-10394833.out@10k,q-tn10k_small-10394833.out@10k,49159718,0,16,4.0933,0.012,0.042,0.054,0.0024,0.0057,-0.114,,59.0
q-tn10k_small-10394833.out@10k,q-tn10k_small-10394833.out@10k,49159718,0,17,4.0688,0.007,0.038,0.059,0.0024,0.0061,-0.1162,,60.5
q-tn10k_small-10394833.out@10k,q-tn10k_small-10394833.out@10k,49159718,0,18,4.0381,0.009,0.034,0.062,0.0024,0.0068,-0.118,,58.8
q-tn10k_small-10394833.out@10k,q-tn10k_small-10394833.out@10k,49159718,0,19,4.0159,0.008,0.037,0.065,0.002,0.0075,-0.1211,,66.0
q-tn10k_small-10394833.out@10k,q-tn10k_small-10394833.out@10k,49159718,0,20,3.9898,0.008,0.039,0.064,0.0028,0.0082,-0.1226,,73.3
q-tn10k_small-10394833.out@10k,q-tn10k_small-10394833.out@10k,49159718,0,21,3.9796,0.012,0.054,0.077,0.0028,0.0085,-0.1245,,67.0
q-tn10k_small-10394833.out@10k,q-tn10k_small-10394833.out@10k,49159718,0,22,3.9494,0.005,0.037,0.07,0.0026,0.0091,-0.1267,,70.3
q-tn10k_small-10394833.out@10k,q-tn10k_small-10394833.out@10k,49159718,0,23,3.9307,0.005,0.05,0.071,0.0034,0.0096,-0.1281,,59.8
q-tn10k_small-10394833.out@10k,q-tn10k_small-10394833.out@10k,49159718,0,24,3.9051,0.01,0.051,0.079,0.0034,0.0102,-0.1293,,60.6
q-tn10k_small-10394833.out@10k,q-tn10k_small-10394833.out@10k,49159718,0,25,3.9011,0.014,0.051,0.081,0.0032,0.0104,-0.1302,,59.5
q-tn10k_small-10394833.out@10k,q-tn10k_small-10394833.out@10k,49159718,0,26,3.8718,0.01,0.05,0.082,0.0034,0.0108,-0.1333,,69.4
q-tn10k_small-10394833.out@10k,q-tn10k_small-10394833.out@10k,49159718,0,27,3.8647,0.009,0.051,0.079,0.0036,0.011,-0.1352,,66.6
q-tn10k_small-10394833.out@10k,q-tn10k_small-10394833.out@10k,49159718,0,28,3.842,0.012,0.051,0.085,0.004,0.0111,-0.1365,,52.6
q-tn10k_small-10394833.out@10k,q-tn10k_small-10394833.out@10k,49159718,0,29,3.8122,0.016,0.048,0.075,0.0042,0.012,-0.1395,,56.6
q-tn10k_spider-10392852.out@10k,q-tn10k_spider-10392852.out@10k,660192934,0,0,4.5211,0.004,0.011,0.016,0.001,0.0001,-0.0572,,144.4
q-tn10k_spider-10392852.out@10k,q-tn10k_spider-10392852.out@10k,660192934,0,1,4.5118,0.008,0.025,0.036,0.001,0.0009,-0.1002,,91.7
q-tn10k_spider-10392852.out@10k,q-tn10k_spider-10392852.out@10k,660192934,0,2,4.4684,0.013,0.03,0.042,0.0012,0.0027,-0.1262,,96.1
q-tn10k_spider-10392852.out@10k,q-tn10k_spider-10392852.out@10k,660192934,0,3,4.3725,0.014,0.036,0.054,0.0024,0.006,-0.1349,,90.1
q-tn10k_spider-10392852.out@10k,q-tn10k_spider-10392852.out@10k,660192934,0,4,4.2473,0.014,0.046,0.067,0.0028,0.0081,-0.1368,,92.8
q-tn10k_spider-10392852.out@10k,q-tn10k_spider-10392852.out@10k,660192934,0,5,4.1091,0.012,0.055,0.075,0.0032,0.0107,-0.1432,,96.5
q-tn10k_spider-10392852.out@10k,q-tn10k_spider-10392852.out@10k,660192934,0,6,3.986,0.016,0.057,0.078,0.004,0.012,-0.143,,95.3
q-tn10k_spider-10392852.out@10k,q-tn10k_spider-10392852.out@10k,660192934,0,7,3.8286,0.019,0.056,0.086,0.0048,0.013,-0.1494,,91.4
q-tn10k_spider-10392852.out@10k,q-tn10k_spider-10392852.out@10k,660192934,0,8,3.6853,0.015,0.063,0.088,0.0064,0.0141,-0.1531,,96.6
q-tn10k_spider-10392852.out@10k,q-tn10k_spider-10392852.out@10k,660192934,0,9,3.5876,0.013,0.06,0.094,0.0056,0.0151,-0.1545,,94.1
q-tn10k_spider-10392852.out@10k,q-tn10k_spider-10392852.out@10k,660192934,0,10,3.4475,0.021,0.066,0.097,0.007,0.017,-0.1572,,97.3
q-tn10k_spider-10392852.out@10k,q-tn10k_spider-10392852.out@10k,660192934,0,11,3.2726,0.026,0.073,0.099,0.0062,0.0176,-0.1654,,94.3
q-tn10k_spider-10392852.out@10k,q-tn10k_spider-10392852.out@10k,660192934,0,12,3.1791,0.025,0.07,0.107,0.0066,0.0183,-0.1693,,92.9
q-tn10k_spider-10392852.out@10k,q-tn10k_spider-10392852.out@10k,660192934,0,13,3.0316,0.021,0.077,0.118,0.0072,0.0199,-0.1716,,107.2
q-tn10k_spider-10392852.out@10k,q-tn10k_spider-10392852.out@10k,660192934,0,14,2.9133,0.027,0.076,0.107,0.0078,0.0199,-0.1743,,97.7
q-tn10k_spider-10392852.out@10k,q-tn10k_spider-10392852.out@10k,660192934,0,15,2.8361,0.023,0.074,0.111,0.0072,0.0201,-0.1785,,97.8
q-tn10k_spider-10392852.out@10k,q-tn10k_spider-10392852.out@10k,660192934,0,16,2.6879,0.024,0.077,0.114,0.0084,0.0207,-0.1826,,93.2
q-tn10k_spider-10392852.out@10k,q-tn10k_spider-10392852.out@10k,660192934,0,17,2.6094,0.026,0.071,0.117,0.007,0.0211,-0.1857,,97.9
q-tn10k_spider-10392852.out@10k,q-tn10k_spider-10392852.out@10k,660192934,0,18,2.5095,0.023,0.073,0.111,0.0072,0.0219,-0.1869,,104.7
q-tn10k_spider-10392852.out@10k,q-tn10k_spider-10392852.out@10k,660192934,0,19,2.4231,0.021,0.082,0.121,0.008,0.0221,-0.1915,,97.6
q-tn10k_spider-10392852.out@10k,q-tn10k_spider-10392852.out@10k,660192934,0,20,2.3279,0.022,0.078,0.122,0.0074,0.0215,-0.1954,,106.5
q-tn10k_spider-10392852.out@10k,q-tn10k_spider-10392852.out@10k,660192934,0,21,2.2338,0.021,0.077,0.122,0.0066,0.0222,-0.196,,95.0
q-tn10k_spider-10392852.out@10k,q-tn10k_spider-10392852.out@10k,660192934,0,22,2.1415,0.023,0.086,0.143,0.0098,0.0227,-0.1996,,93.8
q-tn10k_spider-10392852.out@10k,q-tn10k_spider-10392852.out@10k,660192934,0,23,2.0541,0.022,0.084,0.128,0.0084,0.0228,-0.2029,,100.7
q-tn10k_spider-10392852.out@10k,q-tn10k_spider-10392852.out@10k,660192934,0,24,2.0285,0.02,0.097,0.138,0.0106,0.0231,-0.2042,,103.1
q-tn10k_spider-10392852.out@10k,q-tn10k_spider-10392852.out@10k,660192934,0,25,1.9408,0.024,0.089,0.13,0.0096,0.0229,-0.2071,,108.5
q-tn10k_spider-10392852.out@10k,q-tn10k_spider-10392852.out@10k,660192934,0,26,1.9383,0.021,0.081,0.127,0.0086,0.0233,-0.2086,,104.8
q-tn10k_spider-10392852.out@10k,q-tn10k_spider-10392852.out@10k,660192934,0,27,1.8267,0.022,0.084,0.118,0.0092,0.0233,-0.2108,,107.5
q-tn10k_spider-10392852.out@10k,q-tn10k_spider-10392852.out@10k,660192934,0,28,1.7623,0.026,0.07,0.118,0.0084,0.0235,-0.2129,,101.4
q-tn10k_spider-10392852.out@10k,q-tn10k_spider-10392852.out@10k,660192934,0,29,1.7178,0.024,0.077,0.119,0.0094,0.0237,-0.2153,,107.2
q-tn20k-10388461.out,q-tn20k-10388461.out,939828454,0,0,4.464,0.009,0.03,0.048,0.0018,0.0064,-0.1684,,186.0
q-tn20k-10388461.out,q-tn20k-10388461.out,939828454,0,1,4.3179,0.017,0.043,0.065,0.003,0.0066,-0.1505,,211.9
q-tn20k-10388461.out,q-tn20k-10388461.out,939828454,0,2,4.2267,0.018,0.04,0.062,0.003,0.0065,-0.1451,,178.2
q-tn20k-10388461.out,q-tn20k-10388461.out,939828454,0,3,4.1678,0.01,0.038,0.058,0.004,0.0066,-0.1386,,185.3
q-tn20k-10388461.out,q-tn20k-10388461.out,939828454,0,4,4.1223,0.018,0.043,0.066,0.0044,0.0069,-0.1346,,193.5
q-tn20k-10388461.out,q-tn20k-10388461.out,939828454,0,5,4.0598,0.019,0.048,0.074,0.005,0.0078,-0.1347,,243.4
q-tn20k-10388461.out,q-tn20k-10388461.out,939828454,0,6,4.0351,0.027,0.061,0.082,0.0072,0.0085,-0.1311,,210.6
q-tn20k-10388461.out,q-tn20k-10388461.out,939828454,0,7,3.982,0.021,0.055,0.078,0.0056,0.0089,-0.1338,,216.2
q-tn20k-10388753.out,q-tn20k-10388753.out,939828454,0,0,4.5453,0.001,0.008,0.014,0.001,0.0002,-0.0787,,177.8
q-tn20k-10388753.out,q-tn20k-10388753.out,939828454,0,1,4.5188,0.009,0.028,0.038,0.0022,0.0031,-0.12,,188.8
q-tn20k-10388753.out,q-tn20k-10388753.out,939828454,0,2,4.409,0.014,0.03,0.045,0.0028,0.0064,-0.1313,,186.3
q-tn20k-10388753.out,q-tn20k-10388753.out,939828454,0,3,4.2769,0.021,0.046,0.07,0.004,0.0088,-0.1425,,154.5
q-tn20k-10388753.out,q-tn20k-10388753.out,939828454,0,4,4.1466,0.025,0.055,0.082,0.0046,0.0108,-0.1468,,153.7
q-tn20k-10388753.out,q-tn20k-10388753.out,939828454,0,5,4.0099,0.025,0.06,0.094,0.0054,0.0131,-0.1507,,189.8
q-tn20k-10388753.out,q-tn20k-10388753.out,939828454,0,6,3.864,0.027,0.067,0.096,0.005,0.0145,-0.1562,,191.7
q-tn20k-10388753.out,q-tn20k-10388753.out,939828454,0,7,3.7421,0.03,0.074,0.103,0.0074,0.0156,-0.1643,,191.8
q-tn20k-10388753.out,q-tn20k-10388753.out,939828454,0,8,3.6177,0.034,0.075,0.119,0.008,0.0163,-0.1693,,190.9
q-tn20k-10388753.out,q-tn20k-10388753.out,939828454,0,9,3.4892,0.025,0.075,0.11,0.0082,0.0181,-0.1732,,191.8
q-tn20k-10388753.out,q-tn20k-10388753.out,939828454,0,10,3.3672,0.024,0.072,0.107,0.007,0.0184,-0.1786,,188.7
q-tn20k-10388753.out,q-tn20k-10388753.out,939828454,0,11,3.2501,0.027,0.088,0.141,0.0086,0.0201,-0.1819,,165.6
q-tn20k-10388753.out,q-tn20k-10388753.out,939828454,0,12,3.1329,0.029,0.099,0.131,0.0084,0.0211,-0.1878,,165.8
q-tn20k-10388753.out,q-tn20k-10388753.out,939828454,0,13,3.0185,0.033,0.097,0.138,0.0092,0.0221,-0.1898,,197.4
q-tn20k-10388753.out,q-tn20k-10388753.out,939828454,0,14,2.9066,0.031,0.092,0.134,0.01,0.0226,-0.1927,,196.0
q-tn20k-10388753.out,q-tn20k-10388753.out,939828454,0,15,2.8417,0.03,0.089,0.126,0.009,0.0234,-0.1967,,197.3
q-tn20k-10388753.out,q-tn20k-10388753.out,939828454,0,16,2.7263,0.028,0.097,0.139,0.0106,0.0235,-0.1993,,200.8
q-tn20k-10388753.out,q-tn20k-10388753.out,939828454,0,17,2.6325,0.025,0.086,0.133,0.0082,0.0239,-0.2042,,196.0
q-tn20k-10388753.out,q-tn20k-10388753.out,939828454,0,18,2.5448,0.03,0.104,0.138,0.011,0.0249,-0.2064,,165.4
q-tn20k-10388753.out,q-tn20k-10388753.out,939828454,0,19,2.4653,0.032,0.095,0.142,0.0114,0.0257,-0.2057,,163.1
q-tn20k-10388753.out,q-tn20k-10388753.out,939828454,0,20,2.3858,0.039,0.1,0.139,0.0102,0.0259,-0.2082,,195.7
q-tn20k-10388753.out,q-tn20k-10388753.out,939828454,0,21,2.3026,0.039,0.106,0.151,0.0102,0.0263,-0.2113,,195.2
q-tn20k-10388753.out,q-tn20k-10388753.out,939828454,0,22,2.2559,0.038,0.105,0.147,0.0104,0.0265,-0.2114,,163.8
q-tn20k-10388753.out,q-tn20k-10388753.out,939828454,0,23,2.1885,0.03,0.1,0.148,0.0116,0.0269,-0.2135,,194.7
q-tn20k-10388753.out,q-tn20k-10388753.out,939828454,0,24,2.1043,0.041,0.103,0.145,0.0102,0.027,-0.215,,194.8
q-tn20k-10388753.out,q-tn20k-10388753.out,939828454,0,25,2.0263,0.037,0.106,0.15,0.0114,0.0265,-0.2182,,195.2
q-tn20k-10388753.out,q-tn20k-10388753.out,939828454,0,26,1.9747,0.027,0.092,0.144,0.011,0.0267,-0.2198,,194.5
q-tn20k-10388753.out,q-tn20k-10388753.out,939828454,0,27,1.9098,0.03,0.102,0.154,0.011,0.0279,-0.2208,,160.7
q-tn20k-10388753.out,q-tn20k-10388753.out,939828454,0,28,1.8688,0.034,0.095,0.152,0.0104,0.0277,-0.2222,,196.3
q-tn20k-10388753.out,q-tn20k-10388753.out,939828454,0,29,1.8423,0.03,0.102,0.152,0.0112,0.0277,-0.2238,,162.2
q-tn5k-10389787.out,q-tn5k-10389787.out,480006760,0,0,4.3673,0.001,0.005,0.009,0.001,0.0001,-0.0291,,43.8
q-tn5k-10389787.out,q-tn5k-10389787.out,480006760,0,1,4.3767,0.003,0.007,0.012,0.001,0.0001,-0.0497,,43.1
q-tn5k-10389787.out,q-tn5k-10389787.out,480006760,0,2,4.3591,0.005,0.017,0.029,0.0012,0.0003,-0.066,,36.9
q-tn5k-10389787.out,q-tn5k-10389787.out,480006760,0,3,4.3231,0.011,0.031,0.043,0.0014,0.0016,-0.1048,,44.2
q-tn5k-10389787.out,q-tn5k-10389787.out,480006760,0,4,4.2569,0.015,0.039,0.054,0.0018,0.0034,-0.1267,,38.1
q-tn5k-10389787.out,q-tn5k-10389787.out,480006760,0,5,4.1941,0.013,0.046,0.063,0.0022,0.0048,-0.1346,,37.7
q-tn5k-10389787.out,q-tn5k-10389787.out,480006760,0,6,4.0664,0.018,0.052,0.072,0.002,0.0057,-0.1395,,42.2
q-tn5k-10389787.out,q-tn5k-10389787.out,480006760,0,7,3.9982,0.013,0.048,0.07,0.0032,0.0073,-0.1414,,44.2
q-tn5k-10389787.out,q-tn5k-10389787.out,480006760,0,8,3.8417,0.021,0.052,0.072,0.0032,0.0089,-0.1478,,38.6
q-tn5k-10389787.out,q-tn5k-10389787.out,480006760,0,9,3.7489,0.016,0.053,0.086,0.0038,0.0098,-0.1501,,44.3
q-tn5k-10389787.out,q-tn5k-10389787.out,480006760,0,10,3.5887,0.017,0.058,0.083,0.0048,0.0108,-0.1578,,37.9
q-tn5k-10389787.out,q-tn5k-10389787.out,480006760,0,11,3.4704,0.021,0.061,0.094,0.0052,0.0124,-0.162,,45.3
q-tn5k-10389787.out,q-tn5k-10389787.out,480006760,0,12,3.3378,0.018,0.068,0.098,0.0054,0.0131,-0.1673,,45.8
q-tn5k-10389787.out,q-tn5k-10389787.out,480006760,0,13,3.2133,0.021,0.062,0.103,0.0048,0.014,-0.1717,,45.6
q-tn5k-10389787.out,q-tn5k-10389787.out,480006760,0,14,3.1002,0.018,0.071,0.104,0.005,0.0145,-0.1733,,36.4
q-tn5k-10389787.out,q-tn5k-10389787.out,480006760,0,15,3.0058,0.024,0.06,0.098,0.0052,0.0151,-0.1771,,39.0
q-tn5k-10389787.out,q-tn5k-10389787.out,480006760,0,16,2.8775,0.025,0.065,0.097,0.0054,0.0154,-0.18,,37.6
q-tn5k-10389787.out,q-tn5k-10389787.out,480006760,0,17,2.7275,0.029,0.064,0.1,0.0054,0.0154,-0.1844,,36.6
q-tn5k-10389787.out,q-tn5k-10389787.out,480006760,0,18,2.6527,0.028,0.067,0.102,0.006,0.0158,-0.1876,,44.9
q-tn5k-10389787.out,q-tn5k-10389787.out,480006760,0,19,2.4935,0.03,0.067,0.103,0.006,0.0163,-0.1929,,44.1
q-tn5k-10389787.out,q-tn5k-10389787.out,480006760,0,20,2.479,0.026,0.079,0.114,0.0066,0.0171,-0.1936,,44.5
q-tn5k-10389787.out,q-tn5k-10389787.out,480006760,0,21,2.36,0.023,0.077,0.102,0.0066,0.0169,-0.1948,,40.9
q-tn5k-10389787.out,q-tn5k-10389787.out,480006760,0,22,2.2686,0.027,0.075,0.103,0.0056,0.0178,-0.1968,,45.0
q-tn5k-10389787.out,q-tn5k-10389787.out,480006760,0,23,2.1698,0.026,0.071,0.111,0.0062,0.0177,-0.1986,,44.1
q-tn5k-10389787.out,q-tn5k-10389787.out,480006760,0,24,2.0502,0.022,0.075,0.112,0.007,0.0178,-0.1997,,36.7
q-tn5k-10389787.out,q-tn5k-10389787.out,480006760,0,25,2.0008,0.023,0.09,0.119,0.0076,0.018,-0.2012,,39.1
q-tn5k-10389787.out,q-tn5k-10389787.out,480006760,0,26,1.9099,0.027,0.083,0.124,0.0088,0.0184,-0.2032,,40.3
q-tn5k-10389787.out,q-tn5k-10389787.out,480006760,0,27,1.8415,0.025,0.085,0.119,0.0084,0.0186,-0.2062,,44.9
q-tn5k-10389787.out,q-tn5k-10389787.out,480006760,0,28,1.7633,0.032,0.079,0.121,0.0088,0.0189,-0.2052,,39.0
q-tn5k-10389787.out,q-tn5k-10389787.out,480006760,0,29,1.7355,0.025,0.072,0.117,0.0072,0.019,-0.2065,,45.9
q-tnfull-10388463.out,q-tnfull-10388463.out,2310327176,0,0,4.2907,0.013,0.054,0.077,0.0032,0.0049,-0.1218,,1319.0
q-tnfull-10388754.out,q-tnfull-10388754.out,2310327176,0,0,4.4004,0.013,0.033,0.044,0.0022,0.0025,-0.1146,,1968.2
q-tnfull-10388754.out,q-tnfull-10388754.out,2310327176,0,1,4.3246,0.011,0.054,0.073,0.006,0.0053,-0.1302,,2030.6
q-tnfull-10388754.out,q-tnfull-10388754.out,2310327176,0,2,4.1936,0.026,0.077,0.111,0.0054,0.0083,-0.1378,,2241.6
q-tnfull-10388754.out,q-tnfull-10388754.out,2310327176,0,3,4.0899,0.03,0.088,0.117,0.007,0.0109,-0.1459,,1990.2
q-tnfull-10388754.out,q-tnfull-10388754.out,2310327176,0,4,3.9876,0.04,0.091,0.132,0.0108,0.0129,-0.1537,,2119.2
q-tnfull-10388754.out,q-tnfull-10388754.out,2310327176,0,5,3.8949,0.041,0.102,0.151,0.008,0.0166,-0.1613,,2265.8
q-tnfull-10388754.out,q-tnfull-10388754.out,2310327176,0,6,3.8085,0.045,0.12,0.166,0.0118,0.0192,-0.1649,,2250.2
q-tnfull-10388754.out,q-tnfull-10388754.out,2310327176,0,7,3.7246,0.047,0.126,0.18,0.0156,0.0209,-0.1689,,2122.2
q-tnfull-10388754.out,q-tnfull-10388754.out,2310327176,0,8,3.6309,0.048,0.126,0.192,0.0152,0.0222,-0.1787,,2016.2
q-tnfull-10388754.out,q-tnfull-10388754.out,2310327176,0,9,3.5392,0.05,0.139,0.212,0.0132,0.0246,-0.1796,,2094.4
q-tnfull-10388754.out,q-tnfull-10388754.out,2310327176,0,10,3.4624,0.048,0.143,0.212,0.0164,0.0264,-0.1846,,1916.8
q-tnfull-10388754.out,q-tnfull-10388754.out,2310327176,0,11,3.3762,0.045,0.153,0.207,0.0189,0.0278,-0.1872,,2040.9
q-tnfull-10388754.out,q-tnfull-10388754.out,2310327176,0,12,3.2991,0.054,0.168,0.233,0.0164,0.0298,-0.1913,,2012.3
q-tnfull-10388754.out,q-tnfull-10388754.out,2310327176,0,13,3.2286,0.046,0.163,0.219,0.0164,0.0311,-0.1941,,1986.4
q-tnfull-10388754.out,q-tnfull-10388754.out,2310327176,0,14,3.1489,0.047,0.169,0.244,0.0191,0.0328,-0.1949,,1953.0
q-tnfull-10388754.out,q-tnfull-10388754.out,2310327176,0,15,3.0674,0.06,0.182,0.256,0.0239,0.0341,-0.1984,,2438.8
q-tnfull-10388754.out,q-tnfull-10388754.out,2310327176,0,16,3.0094,0.068,0.183,0.241,0.0219,0.0353,-0.2,,1947.9
q-tnfull-10388754.out,q-tnfull-10388754.out,2310327176,0,17,2.9434,0.059,0.175,0.252,0.0197,0.0352,-0.2035,,1767.5
q-tnfull-10388754.out,q-tnfull-10388754.out,2310327176,0,18,2.8749,0.062,0.165,0.241,0.0217,0.037,-0.2036,,2085.5
q-tnfull-10388754.out,q-tnfull-10388754.out,2310327176,0,19,2.8125,0.061,0.17,0.257,0.0221,0.0382,-0.2058,,1824.3
q-tnfull-10388754.out,q-tnfull-10388754.out,2310327176,0,20,2.7645,0.063,0.18,0.254,0.0225,0.0409,-0.2045,,1817.0
q-tnfull-10388754.out,q-tnfull-10388754.out,2310327176,0,21,2.7049,0.064,0.197,0.275,0.0237,0.0416,-0.2068,,2430.7
q-tnfull-10388754.out,q-tnfull-10388754.out,2310327176,0,22,2.6379,0.06,0.187,0.278,0.0243,0.0418,-0.2082,,1924.4
q-tnfull-10388754.out,q-tnfull-10388754.out,2310327176,0,23,2.5925,0.06,0.191,0.269,0.0251,0.0429,-0.2098,,2234.1
q-tnfull-10388754.out,q-tnfull-10388754.out,2310327176,0,24,2.5448,0.052,0.192,0.258,0.0243,0.0436,-0.2106,,2069.0
q-tnfull-10388754.out,q-tnfull-10388754.out,2310327176,0,25,2.4964,0.057,0.199,0.267,0.0235,0.0448,-0.2111,,2166.7
q-tnfull-10388754.out,q-tnfull-10388754.out,2310327176,0,26,2.4498,0.065,0.182,0.258,0.0215,0.0458,-0.2126,,1902.8
q-tnfull-10388754.out,q-tnfull-10388754.out,2310327176,0,27,2.4166,0.067,0.19,0.262,0.0255,0.0459,-0.2137,,2010.1
q-tnfull-10388754.out,q-tnfull-10388754.out,2310327176,0,28,2.3658,0.068,0.188,0.261,0.0247,0.0456,-0.2142,,1999.7
q-tnfull-10388754.out,q-tnfull-10388754.out,2310327176,0,29,2.3185,0.065,0.191,0.268,0.0255,0.0465,-0.2149,,1488.0
q-vqc10k-10389786.out@10k,q-vqc10k-10389786.out@10k,338953,159668,0,5.6325,0.0,0.003,0.014,0.0018,0.0008,-0.0089,,1541.2
q-vqc10k-10389786.out@10k,q-vqc10k-10389786.out@10k,338953,159668,1,5.6078,0.004,0.019,0.028,0.0026,0.0075,-0.0213,,1491.8
q-vqc10k-10389786.out@10k,q-vqc10k-10389786.out@10k,338953,159668,2,5.5589,0.002,0.015,0.034,0.0016,0.0215,-0.05,,1480.0
q-vqc10k-10389786.out@10k,q-vqc10k-10389786.out@10k,338953,159668,3,5.513,0.004,0.018,0.041,0.002,0.0335,-0.0806,,1452.3
q-vqc10k-10389786.out@10k,q-vqc10k-10389786.out@10k,338953,159668,4,5.4748,0.005,0.017,0.038,0.003,0.0429,-0.1055,,1491.2
q-vqc10k-10389786.out@10k,q-vqc10k-10389786.out@10k,338953,159668,5,5.4482,0.004,0.016,0.037,0.003,0.0511,-0.1231,,1462.1
q-vqc10k-10390586.out@10k,q-vqc10k-10390586.out@10k,338953,159668,0,5.6325,0.0,0.003,0.014,0.0018,0.0008,-0.0089,,1227.9
q-vqc10k-10390586.out@10k,q-vqc10k-10390586.out@10k,338953,159668,1,5.6078,0.004,0.019,0.028,0.0026,0.0075,-0.0213,,1197.3
q-vqc10k-10390586.out@10k,q-vqc10k-10390586.out@10k,338953,159668,2,5.5589,0.002,0.015,0.034,0.0016,0.0215,-0.05,,1157.2
q-vqc10k-10390586.out@10k,q-vqc10k-10390586.out@10k,338953,159668,3,5.513,0.004,0.018,0.041,0.002,0.0335,-0.0806,,1136.2
q-vqc10k-10390586.out@10k,q-vqc10k-10390586.out@10k,338953,159668,4,5.4748,0.005,0.017,0.038,0.003,0.0429,-0.1055,,1141.9
q-vqc10k-10390586.out@10k,q-vqc10k-10390586.out@10k,338953,159668,5,5.4482,0.004,0.016,0.037,0.003,0.0511,-0.1231,,1125.1
q-vqc10k-10390586.out@10k,q-vqc10k-10390586.out@10k,338953,159668,6,5.4098,0.002,0.023,0.05,0.0028,0.0605,-0.1413,,1140.3
q-vqc10k-10390586.out@10k,q-vqc10k-10390586.out@10k,338953,159668,7,5.3677,0.006,0.03,0.056,0.004,0.0707,-0.1655,,1114.4
q-vqc10k-10390586.out@10k,q-vqc10k-10390586.out@10k,338953,159668,8,5.3255,0.011,0.028,0.052,0.0048,0.0833,-0.1711,,1095.2
q-vqc10k-10390586.out@10k,q-vqc10k-10390586.out@10k,338953,159668,9,5.269,0.009,0.025,0.058,0.0044,0.0966,-0.1821,,1096.0
q-vqc10k-10390586.out@10k,q-vqc10k-10390586.out@10k,338953,159668,10,5.2238,0.011,0.037,0.074,0.0048,0.1087,-0.1848,,1081.3
q-vqc10k-10390586.out@10k,q-vqc10k-10390586.out@10k,338953,159668,11,5.1689,0.008,0.039,0.074,0.007,0.1203,-0.1869,,1063.4
q-vqc10k-10390586.out@10k,q-vqc10k-10390586.out@10k,338953,159668,12,5.1261,0.007,0.046,0.074,0.0076,0.1318,-0.1868,,1077.2
q-vqc10k-10390586.out@10k,q-vqc10k-10390586.out@10k,338953,159668,13,5.0807,0.005,0.041,0.078,0.0082,0.1401,-0.1849,,1061.3
q-vqc10k-10390586.out@10k,q-vqc10k-10390586.out@10k,338953,159668,14,5.0366,0.005,0.041,0.081,0.0072,0.1496,-0.1814,,1056.1
q-vqc10k-10390586.out@10k,q-vqc10k-10390586.out@10k,338953,159668,15,4.9986,0.007,0.043,0.09,0.009,0.158,-0.1813,,1101.9
q-vqc10k-10390586.out@10k,q-vqc10k-10390586.out@10k,338953,159668,16,4.9556,0.011,0.045,0.086,0.0092,0.166,-0.1815,,1076.7
q-vqc10k-10390586.out@10k,q-vqc10k-10390586.out@10k,338953,159668,17,4.9248,0.011,0.053,0.101,0.009,0.172,-0.1805,,1100.0
q-vqc10k-10390586.out@10k,q-vqc10k-10390586.out@10k,338953,159668,18,4.8947,0.011,0.055,0.105,0.0098,0.178,-0.1786,,1064.0
q-vqc10k-10390586.out@10k,q-vqc10k-10390586.out@10k,338953,159668,19,4.8695,0.012,0.061,0.122,0.0098,0.1838,-0.1773,,1072.2
q-vqc10k-10390586.out@10k,q-vqc10k-10390586.out@10k,338953,159668,20,4.838,0.013,0.067,0.121,0.0098,0.1888,-0.1764,,1068.4
q-vqc10k-10390586.out@10k,q-vqc10k-10390586.out@10k,338953,159668,21,4.812,0.016,0.068,0.123,0.0102,0.1928,-0.1742,,1078.0
q-vqc10k-10390586.out@10k,q-vqc10k-10390586.out@10k,338953,159668,22,4.784,0.016,0.07,0.127,0.01,0.1975,-0.1748,,1058.8
q-vqc10k-10390586.out@10k,q-vqc10k-10390586.out@10k,338953,159668,23,4.7645,0.014,0.077,0.134,0.0112,0.2008,-0.1739,,1052.2
q-vqc10k-10390586.out@10k,q-vqc10k-10390586.out@10k,338953,159668,24,4.7382,0.013,0.079,0.14,0.0112,0.2046,-0.1726,,1086.5
q-vqc10k-10390586.out@10k,q-vqc10k-10390586.out@10k,338953,159668,25,4.7212,0.01,0.078,0.131,0.0132,0.2084,-0.1713,,1055.2
q-vqc10k-10390586.out@10k,q-vqc10k-10390586.out@10k,338953,159668,26,4.6925,0.013,0.084,0.15,0.0126,0.212,-0.1702,,1077.2
q-vqc10k-10390586.out@10k,q-vqc10k-10390586.out@10k,338953,159668,27,4.6708,0.017,0.086,0.149,0.0128,0.2153,-0.1722,,1063.7
q-vqc10k-10390586.out@10k,q-vqc10k-10390586.out@10k,338953,159668,28,4.6579,0.019,0.085,0.151,0.015,0.2179,-0.1712,,1055.8
q-vqc10k-10390586.out@10k,q-vqc10k-10390586.out@10k,338953,159668,29,4.6292,0.017,0.087,0.15,0.0152,0.2209,-0.1689,,1120.2
amp@10k,amp@10k,338953,0,0,5.6361,0.002,0.006,0.016,0.0018,0.0007,-0.0059,0.0369,1294.2
amp@10k,amp@10k,338953,0,1,5.6239,0.003,0.007,0.013,0.0018,0.0016,-0.0108,0.0366,1169.6
amp@10k,amp@10k,338953,0,2,5.6128,0.002,0.01,0.018,0.002,0.0024,-0.0156,0.0362,1182.7
amp@10k,amp@10k,338953,0,3,5.6016,0.003,0.006,0.015,0.0024,0.0033,-0.021,0.0362,1148.8
amp@10k,amp@10k,338953,0,4,5.5909,0.003,0.007,0.015,0.0022,0.0041,-0.0273,0.0356,1119.9
amp@10k,amp@10k,338953,0,5,5.5816,0.001,0.006,0.023,0.002,0.0049,-0.0368,0.0355,1142.6
amp@10k,amp@10k,338953,0,6,5.5656,0.002,0.011,0.027,0.0016,0.005,-0.0529,0.0475,1140.7
amp@10k,amp@10k,338953,0,7,5.5516,0.003,0.011,0.024,0.0012,0.0049,-0.0605,0.0878,1110.0
amp@10k,amp@10k,338953,0,8,5.5408,0.001,0.014,0.031,0.001,0.0059,-0.0608,0.1019,1118.8
amp@10k,amp@10k,338953,0,9,5.5332,0.003,0.015,0.03,0.0014,0.0061,-0.0635,0.1114,1109.7
amp@10k,amp@10k,338953,0,10,5.5281,0.003,0.017,0.034,0.0016,0.0067,-0.065,0.1046,1100.9
amp@10k,amp@10k,338953,0,11,5.5256,0.002,0.015,0.039,0.002,0.0073,-0.066,0.1117,1094.5
amp@10k,amp@10k,338953,0,12,5.5185,0.002,0.013,0.041,0.0024,0.0076,-0.0678,0.095,1081.1
amp@10k,amp@10k,338953,0,13,5.5154,0.004,0.017,0.04,0.0024,0.008,-0.0692,0.1217,1133.3
amp@10k,amp@10k,338953,0,14,5.5111,0.005,0.02,0.041,0.0022,0.0085,-0.0698,0.1155,1117.4
amp@10k,amp@10k,338953,0,15,5.5071,0.0,0.02,0.041,0.0024,0.0088,-0.0718,0.1087,1088.8
amp@10k,amp@10k,338953,0,16,5.5064,0.002,0.021,0.042,0.0022,0.0091,-0.073,0.1302,1082.2
amp@10k,amp@10k,338953,0,17,5.5018,0.002,0.02,0.039,0.0026,0.0095,-0.0741,0.1191,1109.2
amp@10k,amp@10k,338953,0,18,5.4968,0.005,0.027,0.044,0.0024,0.0098,-0.0747,0.1105,1084.4
amp@10k,amp@10k,338953,0,19,5.4947,0.003,0.023,0.042,0.0026,0.0101,-0.0758,0.1113,1111.9
amp@10k,amp@10k,338953,0,20,5.4904,0.003,0.028,0.045,0.0022,0.0105,-0.0764,0.1135,1082.4
amp@10k,amp@10k,338953,0,21,5.4906,0.004,0.023,0.045,0.0026,0.0107,-0.0774,0.1246,1430.8
amp@10k,amp@10k,338953,0,22,5.4877,0.003,0.025,0.043,0.0026,0.011,-0.0779,0.1079,1439.3
amp@10k,amp@10k,338953,0,23,5.4841,0.004,0.03,0.047,0.0022,0.0114,-0.079,0.1168,1436.5
amp@10k,amp@10k,338953,0,24,5.481,0.007,0.028,0.05,0.0028,0.0115,-0.0802,0.1133,1092.6
amp@10k,amp@10k,338953,0,25,5.4785,0.007,0.023,0.045,0.0028,0.0117,-0.0801,0.1149,1447.3
amp@10k,amp@10k,338953,0,26,5.4766,0.006,0.027,0.045,0.0028,0.0119,-0.0807,0.1195,1112.0
amp@10k,amp@10k,338953,0,27,5.4736,0.006,0.032,0.049,0.0024,0.0121,-0.0816,0.1157,1529.8
amp@10k,amp@10k,338953,0,28,5.4728,0.007,0.028,0.04,0.003,0.0124,-0.0829,0.123,1265.2
amp@10k,amp@10k,338953,0,29,5.4702,0.007,0.029,0.052,0.0028,0.0126,-0.0834,0.1451,1428.4
bs512@10k,bs512@10k,338953,159668,0,6.3164,0.0,0.005,0.009,0.0022,0.0002,-0.006,0.0131,610.6
bs512@10k,bs512@10k,338953,159668,1,6.3077,0.002,0.011,0.017,0.0016,0.0012,-0.0097,0.0177,573.3
bs512@10k,bs512@10k,338953,159668,2,6.2923,0.001,0.011,0.016,0.0028,0.0046,-0.0149,0.0276,548.6
bs512@10k,bs512@10k,338953,159668,3,6.2646,0.003,0.017,0.038,0.0022,0.0114,-0.027,0.0392,541.5
bs512@10k,bs512@10k,338953,159668,4,6.229,0.004,0.02,0.038,0.0026,0.0203,-0.0452,0.0444,542.0
bs512@10k,bs512@10k,338953,159668,5,6.1997,0.007,0.021,0.041,0.0018,0.0281,-0.0614,0.043,542.9
bs512@10k,bs512@10k,338953,159668,6,6.1758,0.006,0.022,0.046,0.0014,0.0347,-0.0764,0.0409,540.4
bs512@10k,bs512@10k,338953,159668,7,6.1578,0.006,0.027,0.051,0.003,0.0397,-0.0918,0.0427,522.6
bs512@10k,bs512@10k,338953,159668,8,6.1383,0.004,0.026,0.044,0.0032,0.0445,-0.1074,0.0446,525.0
bs512@10k,bs512@10k,338953,159668,9,6.1179,0.007,0.028,0.049,0.0034,0.0491,-0.1277,0.0458,530.3
bs512@10k,bs512@10k,338953,159668,10,6.099,0.006,0.025,0.055,0.0034,0.0543,-0.1445,0.0491,516.3
bs512@10k,bs512@10k,338953,159668,11,6.073,0.006,0.027,0.053,0.0042,0.0597,-0.1565,0.053,528.5
bs512@10k,bs512@10k,338953,159668,12,6.0556,0.008,0.033,0.06,0.004,0.0655,-0.1695,0.0595,519.0
bs512@10k,bs512@10k,338953,159668,13,6.03,0.009,0.034,0.065,0.0046,0.0718,-0.1827,0.0689,515.1
bs512@10k,bs512@10k,338953,159668,14,5.9969,0.011,0.037,0.065,0.005,0.0792,-0.193,0.0783,522.5
bs512@10k,bs512@10k,338953,159668,15,5.9623,0.012,0.037,0.065,0.0056,0.0869,-0.2004,0.0858,520.3
bs512@10k,bs512@10k,338953,159668,16,5.9352,0.011,0.041,0.066,0.0072,0.094,-0.2044,0.0996,525.0
bs512@10k,bs512@10k,338953,159668,17,5.9046,0.009,0.044,0.067,0.0072,0.101,-0.206,0.099,524.5
bs512@10k,bs512@10k,338953,159668,18,5.8788,0.011,0.045,0.077,0.0072,0.1074,-0.2075,0.1057,518.3
bs512@10k,bs512@10k,338953,159668,19,5.8419,0.007,0.049,0.078,0.0078,0.1145,-0.2066,0.1198,506.1
bs512@10k,bs512@10k,338953,159668,20,5.8064,0.009,0.05,0.087,0.0078,0.1207,-0.2057,0.133,516.5
bs512@10k,bs512@10k,338953,159668,21,5.7912,0.016,0.052,0.088,0.0078,0.1261,-0.2043,0.1377,538.8
bs512@10k,bs512@10k,338953,159668,22,5.7581,0.016,0.055,0.095,0.008,0.1316,-0.2007,0.1433,523.8
bs512@10k,bs512@10k,338953,159668,23,5.7345,0.012,0.058,0.095,0.0068,0.1369,-0.1996,0.1406,523.0
bs512@10k,bs512@10k,338953,159668,24,5.7024,0.02,0.057,0.104,0.007,0.1427,-0.1993,0.155,520.6
bs512@10k,bs512@10k,338953,159668,25,5.6753,0.016,0.061,0.107,0.0072,0.1478,-0.198,0.1598,512.1
bs512@10k,bs512@10k,338953,159668,26,5.6527,0.017,0.057,0.113,0.0076,0.1527,-0.1983,0.1721,521.1
bs512@10k,bs512@10k,338953,159668,27,5.631,0.019,0.063,0.114,0.0082,0.1569,-0.198,0.1785,519.4
bs512@10k,bs512@10k,338953,159668,28,5.6211,0.019,0.066,0.124,0.0088,0.1606,-0.1954,0.1735,517.5
bs512@10k,bs512@10k,338953,159668,29,5.5944,0.016,0.068,0.123,0.0088,0.1647,-0.1926,0.1887,517.3
bs768@10k,bs768@10k,338953,159668,0,6.734,0.001,0.005,0.011,0.0014,0.0001,-0.0055,0.0131,619.2
bs768@10k,bs768@10k,338953,159668,1,6.7287,0.004,0.011,0.016,0.0014,0.0004,-0.0073,0.0156,561.4
bs768@10k,bs768@10k,338953,159668,2,6.7218,0.002,0.011,0.021,0.0016,0.0012,-0.0096,0.0194,571.9
bs768@10k,bs768@10k,338953,159668,3,6.7119,0.001,0.011,0.016,0.002,0.003,-0.0123,0.0259,534.0
bs768@10k,bs768@10k,338953,159668,4,6.6965,0.003,0.016,0.03,0.003,0.0063,-0.0178,0.0331,529.2
bs768@10k,bs768@10k,338953,159668,5,6.6766,0.002,0.016,0.029,0.0034,0.011,-0.0272,0.0442,524.6
bs768@10k,bs768@10k,338953,159668,6,6.6514,0.003,0.019,0.034,0.002,0.0165,-0.0387,0.0483,538.0
bs768@10k,bs768@10k,338953,159668,7,6.6314,0.003,0.019,0.037,0.0022,0.0223,-0.0496,0.0489,524.2
bs768@10k,bs768@10k,338953,159668,8,6.6113,0.001,0.023,0.043,0.0038,0.0277,-0.0606,0.0451,523.7
bs768@10k,bs768@10k,338953,159668,9,6.5932,0.002,0.022,0.042,0.0028,0.0324,-0.0719,0.0451,514.7
bs768@10k,bs768@10k,338953,159668,10,6.5824,0.003,0.022,0.043,0.0018,0.0362,-0.0807,0.0454,545.6
bs768@10k,bs768@10k,338953,159668,11,6.5713,0.003,0.03,0.045,0.0022,0.0395,-0.0905,0.0493,519.0
bs768@10k,bs768@10k,338953,159668,12,6.5574,0.005,0.022,0.04,0.003,0.0428,-0.1002,0.0501,524.9
bs768@10k,bs768@10k,338953,159668,13,6.5486,0.005,0.026,0.041,0.0028,0.0459,-0.1111,0.052,516.4
bs768@10k,bs768@10k,338953,159668,14,6.5244,0.008,0.024,0.045,0.0028,0.0493,-0.1222,0.0479,532.7
bs768@10k,bs768@10k,338953,159668,15,6.5075,0.006,0.026,0.051,0.0044,0.0537,-0.1324,0.0544,510.1
bs768@10k,bs768@10k,338953,159668,16,6.4904,0.005,0.031,0.058,0.0042,0.0589,-0.1436,0.0604,515.1
bs768@10k,bs768@10k,338953,159668,17,6.4829,0.005,0.034,0.066,0.004,0.0636,-0.1539,0.0606,536.6
bs768@10k,bs768@10k,338953,159668,18,6.458,0.006,0.032,0.059,0.0038,0.069,-0.165,0.074,497.5
bs768@10k,bs768@10k,338953,159668,19,6.4408,0.004,0.033,0.058,0.004,0.0739,-0.1694,0.081,505.4
bs768@10k,bs768@10k,338953,159668,20,6.4157,0.005,0.034,0.058,0.005,0.0794,-0.1737,0.0815,522.8
bs768@10k,bs768@10k,338953,159668,21,6.394,0.009,0.035,0.057,0.0046,0.0846,-0.178,0.0926,518.5
bs768@10k,bs768@10k,338953,159668,22,6.3764,0.01,0.033,0.057,0.004,0.089,-0.1793,0.1118,521.7
bs768@10k,bs768@10k,338953,159668,23,6.3485,0.009,0.03,0.052,0.005,0.0934,-0.1824,0.1077,522.4
bs768@10k,bs768@10k,338953,159668,24,6.3306,0.008,0.023,0.055,0.0046,0.0987,-0.1844,0.1367,512.0
bs768@10k,bs768@10k,338953,159668,25,6.3218,0.009,0.03,0.06,0.0044,0.1035,-0.185,0.1266,530.9
bs768@10k,bs768@10k,338953,159668,26,6.286,0.007,0.027,0.055,0.005,0.1092,-0.1893,0.1448,490.6
bs768@10k,bs768@10k,338953,159668,27,6.2629,0.007,0.034,0.062,0.0054,0.1135,-0.1873,0.1485,505.0
bs768@10k,bs768@10k,338953,159668,28,6.2416,0.007,0.038,0.068,0.0054,0.1178,-0.1864,0.1493,542.4
bs768@10k,bs768@10k,338953,159668,29,6.2252,0.005,0.034,0.073,0.005,0.1219,-0.1877,0.1381,522.9
clean@10k,clean@10k,338953,159668,0,5.5369,0.002,0.007,0.014,0.002,0.0022,-0.0056,0.015,1614.0
clean@10k,clean@10k,338953,159668,1,5.4951,0.003,0.01,0.02,0.0028,0.0134,-0.0284,0.0564,1338.9
clean@10k,clean@10k,338953,159668,2,5.4442,0.001,0.014,0.027,0.002,0.0224,-0.0475,0.0745,1297.9
clean@10k,clean@10k,338953,159668,3,5.4103,0.003,0.018,0.032,0.004,0.0283,-0.0667,0.087,1262.0
clean@10k,clean@10k,338953,159668,4,5.3676,0.002,0.021,0.038,0.0022,0.0363,-0.0939,0.0989,1298.2
clean@10k,clean@10k,338953,159668,5,5.3183,0.008,0.02,0.05,0.0024,0.0469,-0.1259,0.1252,1353.7
clean@10k,clean@10k,338953,159668,6,5.2543,0.004,0.028,0.046,0.0042,0.0588,-0.1475,0.1687,1304.2
clean@10k,clean@10k,338953,159668,7,5.1866,0.003,0.021,0.039,0.0038,0.0703,-0.1592,0.2121,1249.4
clean@10k,clean@10k,338953,159668,8,5.1214,0.003,0.022,0.06,0.0044,0.0821,-0.1699,0.2656,1209.3
clean@10k,clean@10k,338953,159668,9,5.0563,0.004,0.035,0.059,0.005,0.0933,-0.1613,0.2886,1223.4
clean@10k,clean@10k,338953,159668,10,5.0033,0.002,0.03,0.069,0.005,0.1026,-0.165,0.2973,1234.9
clean@10k,clean@10k,338953,159668,11,4.9481,0.007,0.037,0.075,0.0052,0.1125,-0.1567,0.316,1243.5
clean@10k,clean@10k,338953,159668,12,4.8897,0.009,0.044,0.077,0.0062,0.1213,-0.1585,0.3753,1231.2
clean@10k,clean@10k,338953,159668,13,4.8387,0.01,0.045,0.078,0.0082,0.1289,-0.1582,0.373,1300.0
clean@10k,clean@10k,338953,159668,14,4.7916,0.013,0.047,0.086,0.0084,0.1354,-0.1594,0.3851,1209.4
clean@10k,clean@10k,338953,159668,15,4.7461,0.015,0.05,0.087,0.0086,0.1421,-0.1616,0.4357,1251.4
clean@10k,clean@10k,338953,159668,16,4.703,0.015,0.048,0.091,0.0094,0.1478,-0.158,0.4326,1233.8
clean@10k,clean@10k,338953,159668,17,4.6687,0.013,0.054,0.1,0.0104,0.1531,-0.156,0.4167,1296.2
clean@10k,clean@10k,338953,159668,18,4.6258,0.013,0.059,0.098,0.0112,0.1592,-0.1568,0.4485,1265.2
clean@10k,clean@10k,338953,159668,19,4.5873,0.015,0.061,0.11,0.0126,0.164,-0.1548,0.4807,1226.4
clean@10k,clean@10k,338953,159668,20,4.539,0.015,0.068,0.115,0.0132,0.1691,-0.1542,0.4816,1217.1
clean@10k,clean@10k,338953,159668,21,4.5112,0.014,0.071,0.119,0.015,0.173,-0.1526,0.4863,1193.4
clean@10k,clean@10k,338953,159668,22,4.4752,0.017,0.076,0.126,0.0156,0.1776,-0.1501,0.5446,1265.2
clean@10k,clean@10k,338953,159668,23,4.4458,0.015,0.084,0.136,0.0173,0.1809,-0.1503,0.5103,1186.4
clean@10k,clean@10k,338953,159668,24,4.4095,0.014,0.084,0.146,0.0171,0.185,-0.1496,0.5351,1264.5
clean@10k,clean@10k,338953,159668,25,4.3798,0.019,0.086,0.152,0.0164,0.1887,-0.1506,0.5427,1225.1
clean@10k,clean@10k,338953,159668,26,4.3476,0.02,0.092,0.144,0.0166,0.1919,-0.1488,0.5419,1235.8
clean@10k,clean@10k,338953,159668,27,4.3112,0.018,0.087,0.154,0.0166,0.1958,-0.1491,0.5599,1232.8
clean@10k,clean@10k,338953,159668,28,4.2938,0.019,0.089,0.159,0.0189,0.1981,-0.1493,0.545,1290.7
clean@10k,clean@10k,338953,159668,29,4.261,0.018,0.093,0.169,0.0173,0.2004,-0.1463,0.5712,1266.6
drop@10k,drop@10k,339295,159668,0,5.6332,0.001,0.005,0.016,0.0016,0.0005,-0.0089,0.0145,723.6
drop@10k,drop@10k,339295,159668,1,5.6128,0.002,0.009,0.015,0.0026,0.0054,-0.0186,0.0263,642.5
drop@10k,drop@10k,339295,159668,2,5.5701,0.002,0.01,0.022,0.0026,0.0181,-0.0419,0.0467,614.2
drop@10k,drop@10k,339295,159668,3,5.5249,0.005,0.015,0.032,0.0036,0.03,-0.065,0.0591,622.5
drop@10k,drop@10k,339295,159668,4,5.4984,0.003,0.023,0.044,0.0026,0.0375,-0.0803,0.0592,634.7
drop@10k,drop@10k,339295,159668,5,5.4724,0.004,0.023,0.051,0.0034,0.0443,-0.1011,0.062,587.8
drop@10k,drop@10k,339295,159668,6,5.4504,0.004,0.031,0.048,0.0042,0.0507,-0.122,0.0664,597.7
drop@10k,drop@10k,339295,159668,7,5.4242,0.006,0.035,0.056,0.0044,0.0586,-0.1375,0.0709,604.5
drop@10k,drop@10k,339295,159668,8,5.3874,0.006,0.033,0.059,0.004,0.0672,-0.1559,0.0818,590.8
drop@10k,drop@10k,339295,159668,9,5.3586,0.008,0.036,0.069,0.0054,0.0759,-0.1664,0.1057,584.0
drop@10k,drop@10k,339295,159668,10,5.3211,0.011,0.035,0.061,0.0066,0.0855,-0.1804,0.1209,585.9
drop@10k,drop@10k,339295,159668,11,5.2942,0.009,0.042,0.078,0.0074,0.0942,-0.1836,0.1423,587.1
drop@10k,drop@10k,339295,159668,12,5.2683,0.011,0.041,0.077,0.0076,0.1023,-0.1881,0.1575,674.3
drop@10k,drop@10k,339295,159668,13,5.2304,0.009,0.043,0.078,0.0092,0.1106,-0.1896,0.1741,592.5
drop@10k,drop@10k,339295,159668,14,5.1948,0.015,0.051,0.085,0.0088,0.1186,-0.1946,0.178,593.4
drop@10k,drop@10k,339295,159668,15,5.1621,0.016,0.047,0.089,0.0088,0.1259,-0.1963,0.1872,592.5
drop@10k,drop@10k,339295,159668,16,5.1422,0.012,0.053,0.099,0.008,0.1324,-0.1941,0.2029,607.9
drop@10k,drop@10k,339295,159668,17,5.1151,0.015,0.054,0.1,0.0096,0.1384,-0.1968,0.2219,572.2
drop@10k,drop@10k,339295,159668,18,5.1178,0.019,0.055,0.101,0.0088,0.1434,-0.1954,0.2426,540.0
drop@10k,drop@10k,339295,159668,19,5.075,0.014,0.052,0.104,0.007,0.1494,-0.1977,0.235,544.2
drop@10k,drop@10k,339295,159668,20,5.0559,0.012,0.058,0.109,0.0082,0.1551,-0.1981,0.2529,511.2
drop@10k,drop@10k,339295,159668,21,5.0363,0.016,0.067,0.108,0.0094,0.1585,-0.1958,0.253,529.8
drop@10k,drop@10k,339295,159668,22,5.0148,0.013,0.061,0.105,0.0098,0.1629,-0.1954,0.2541,506.1
drop@10k,drop@10k,339295,159668,23,4.993,0.013,0.067,0.11,0.0108,0.1686,-0.196,0.2768,526.9
drop@10k,drop@10k,339295,159668,24,4.9888,0.017,0.068,0.117,0.011,0.172,-0.195,0.2713,522.0
drop@10k,drop@10k,339295,159668,25,4.9736,0.018,0.062,0.117,0.0116,0.1764,-0.1956,0.2833,507.1
drop@10k,drop@10k,339295,159668,26,4.9486,0.017,0.063,0.127,0.0138,0.1812,-0.194,0.292,540.2
drop@10k,drop@10k,339295,159668,27,4.9346,0.017,0.073,0.118,0.0126,0.1842,-0.1934,0.2943,525.7
drop@10k,drop@10k,339295,159668,28,4.928,0.015,0.067,0.126,0.0122,0.1877,-0.1922,0.2982,532.3
drop@10k,drop@10k,339295,159668,29,4.8912,0.017,0.064,0.121,0.0132,0.1913,-0.1922,0.3068,528.2
drop05@10k,drop05@10k,339295,159668,0,5.6329,0.001,0.007,0.012,0.002,0.0006,-0.0096,0.0147,857.4
drop05@10k,drop05@10k,339295,159668,1,5.6112,0.001,0.01,0.021,0.0026,0.0065,-0.0188,0.0284,824.4
drop05@10k,drop05@10k,339295,159668,2,5.5638,0.003,0.015,0.029,0.0036,0.0199,-0.0436,0.0477,808.0
drop05@10k,drop05@10k,339295,159668,3,5.5152,0.004,0.021,0.032,0.0044,0.0319,-0.067,0.0572,804.0
drop05@10k,drop05@10k,339295,159668,4,5.4885,0.004,0.028,0.057,0.0024,0.0392,-0.0838,0.0586,774.9
drop05@10k,drop05@10k,339295,159668,5,5.4562,0.004,0.033,0.056,0.0038,0.047,-0.1057,0.0631,756.9
drop05@10k,drop05@10k,339295,159668,6,5.4333,0.009,0.03,0.06,0.0038,0.0551,-0.1333,0.0693,774.4
drop05@10k,drop05@10k,339295,159668,7,5.3989,0.01,0.033,0.063,0.004,0.0646,-0.1489,0.0817,771.5
drop05@10k,drop05@10k,339295,159668,8,5.3668,0.005,0.03,0.067,0.0036,0.0735,-0.1662,0.0912,735.1
drop05@10k,drop05@10k,339295,159668,9,5.3293,0.006,0.033,0.068,0.0042,0.0819,-0.1776,0.1088,786.5
drop05@10k,drop05@10k,339295,159668,10,5.2913,0.004,0.038,0.062,0.0056,0.0904,-0.1871,0.1236,771.1
drop05@10k,drop05@10k,339295,159668,11,5.2821,0.007,0.037,0.071,0.0038,0.0973,-0.1925,0.144,784.9
drop05@10k,drop05@10k,339295,159668,12,5.2492,0.01,0.037,0.065,0.0056,0.1028,-0.1987,0.1507,796.4
drop05@10k,drop05@10k,339295,159668,13,5.2209,0.008,0.041,0.082,0.0068,0.1089,-0.2017,0.167,778.4
drop05@10k,drop05@10k,339295,159668,14,5.1881,0.01,0.053,0.091,0.0064,0.1151,-0.2064,0.1737,757.7
drop05@10k,drop05@10k,339295,159668,15,5.1637,0.007,0.057,0.093,0.0072,0.1202,-0.2118,0.225,775.0
drop05@10k,drop05@10k,339295,159668,16,5.1423,0.01,0.06,0.09,0.0068,0.1256,-0.2115,0.1904,786.8
drop20@10k,drop20@10k,339295,159668,0,5.6336,0.001,0.009,0.017,0.0016,0.0004,-0.0086,0.0149,863.9
drop20@10k,drop20@10k,339295,159668,1,5.6162,0.004,0.016,0.029,0.003,0.0041,-0.0155,0.0252,840.7
drop20@10k,drop20@10k,339295,159668,2,5.5779,0.007,0.019,0.033,0.0028,0.016,-0.0366,0.0469,863.6
drop20@10k,drop20@10k,339295,159668,3,5.5339,0.008,0.024,0.041,0.0026,0.0287,-0.0606,0.0557,921.5
drop20@10k,drop20@10k,339295,159668,4,5.5052,0.007,0.022,0.041,0.0036,0.0367,-0.0765,0.0567,771.0
drop20@10k,drop20@10k,339295,159668,5,5.4817,0.004,0.022,0.047,0.0036,0.0437,-0.0938,0.0594,780.1
drop20@10k,drop20@10k,339295,159668,6,5.4696,0.003,0.025,0.046,0.0044,0.0493,-0.112,0.0637,799.6
drop20@10k,drop20@10k,339295,159668,7,5.445,0.004,0.023,0.049,0.0032,0.0563,-0.1324,0.069,767.6
drop20@10k,drop20@10k,339295,159668,8,5.4186,0.007,0.034,0.054,0.0042,0.0653,-0.1543,0.0792,762.9
drop20@10k,drop20@10k,339295,159668,9,5.3927,0.006,0.033,0.061,0.0042,0.0723,-0.1648,0.0955,847.0
drop20@10k,drop20@10k,339295,159668,10,5.3637,0.011,0.034,0.07,0.0058,0.08,-0.1716,0.1025,827.5
drop20@10k,drop20@10k,339295,159668,11,5.3435,0.012,0.039,0.074,0.0052,0.0872,-0.173,0.136,776.8
drop20@10k,drop20@10k,339295,159668,12,5.3158,0.011,0.036,0.069,0.0046,0.0941,-0.1797,0.1346,784.6
drop20@10k,drop20@10k,339295,159668,13,5.2895,0.009,0.039,0.066,0.0048,0.1017,-0.1828,0.1442,778.6
drop20@10k,drop20@10k,339295,159668,14,5.2586,0.014,0.043,0.08,0.0054,0.1092,-0.1874,0.1551,765.9
drop20@10k,drop20@10k,339295,159668,15,5.2385,0.013,0.04,0.078,0.006,0.117,-0.1898,0.1752,757.1
drop20@10k,drop20@10k,339295,159668,16,5.2096,0.009,0.048,0.086,0.006,0.1241,-0.1887,0.1746,770.9
fast5@10k,fast5@10k,338953,159668,0,5.6325,0.0,0.003,0.014,0.0018,0.0008,-0.0089,0.0153,97.7
fast5@10k,fast5@10k,338953,159668,1,5.6078,0.003,0.02,0.027,0.0026,0.0075,-0.0213,0.0302,105.1
fast5@10k,fast5@10k,338953,159668,2,5.559,0.003,0.013,0.031,0.0014,0.0215,-0.05,0.0465,93.3
fast5@10k,fast5@10k,338953,159668,3,5.5136,0.003,0.015,0.039,0.0016,0.0333,-0.0804,0.053,95.2
fast5@10k,fast5@10k,338953,159668,4,5.4764,0.003,0.015,0.037,0.0032,0.0425,-0.1059,0.0569,98.6
gen@10k,gen@10k,420128,159668,0,5.5809,0.001,0.005,0.01,0.0008,0.0007,-0.0839,0.0881,767.3
gen@10k,gen@10k,420128,159668,1,5.5389,0.001,0.009,0.022,0.0014,0.0056,-0.0687,0.0564,634.4
gen@10k,gen@10k,420128,159668,2,5.517,0.001,0.01,0.018,0.002,0.0166,-0.1201,0.1145,655.1
gen@10k,gen@10k,420128,159668,3,5.4983,0.001,0.007,0.015,0.003,0.0238,-0.1185,0.2019,656.1
gen@10k,gen@10k,420128,159668,4,5.4771,0.001,0.009,0.022,0.0018,0.0279,-0.1207,0.2046,659.0
gen@10k,gen@10k,420128,159668,5,5.4657,0.002,0.009,0.019,0.002,0.0319,-0.1277,0.296,707.2
gen@10k,gen@10k,420128,159668,6,5.4542,0.003,0.012,0.026,0.0034,0.0405,-0.1376,0.2351,654.3
gen@10k,gen@10k,420128,159668,7,5.4399,0.002,0.016,0.027,0.0026,0.0411,-0.1297,0.2822,740.9
gen@10k,gen@10k,420128,159668,8,5.4275,0.002,0.016,0.024,0.0024,0.0446,-0.1403,0.2801,674.7
gen@10k,gen@10k,420128,159668,9,5.418,0.002,0.014,0.023,0.0024,0.0484,-0.1437,0.3108,668.7
gen@10k,gen@10k,420128,159668,10,5.4128,0.004,0.017,0.034,0.0034,0.0496,-0.1446,0.3317,664.0
gen@10k,gen@10k,420128,159668,11,5.4004,0.002,0.012,0.032,0.003,0.0523,-0.1438,0.3654,648.4
gen@10k,gen@10k,420128,159668,12,5.3864,0.001,0.008,0.022,0.0024,0.0564,-0.1532,0.4092,675.0
gen@10k,gen@10k,420128,159668,13,5.382,0.003,0.012,0.032,0.003,0.0586,-0.1594,0.3838,672.6
gen@10k,gen@10k,420128,159668,14,5.3746,0.003,0.014,0.031,0.0038,0.0585,-0.1606,0.4201,717.4
gen@10k,gen@10k,420128,159668,15,5.3664,0.004,0.019,0.037,0.0038,0.0645,-0.1755,0.473,662.9
gen@10k,gen@10k,420128,159668,16,5.3516,0.001,0.012,0.035,0.0028,0.0639,-0.1831,0.4938,623.8
gen@10k,gen@10k,420128,159668,17,5.3495,0.001,0.018,0.036,0.0022,0.0641,-0.188,0.5004,708.3
gen@10k,gen@10k,420128,159668,18,5.3429,0.004,0.019,0.037,0.0026,0.0702,-0.1886,0.539,718.1
gen@10k,gen@10k,420128,159668,19,5.3401,0.006,0.019,0.034,0.0028,0.07,-0.1999,0.5753,772.6
gen@10k,gen@10k,420128,159668,20,5.3297,0.006,0.031,0.051,0.0032,0.0716,-0.2007,0.5515,653.3
gen@10k,gen@10k,420128,159668,21,5.3145,0.008,0.021,0.044,0.0028,0.075,-0.2037,0.6276,659.8
gen@10k,gen@10k,420128,159668,22,5.3139,0.005,0.026,0.043,0.0026,0.0751,-0.1941,0.682,665.9
gen@10k,gen@10k,420128,159668,23,5.3071,0.008,0.025,0.043,0.0034,0.0817,-0.1995,0.6698,638.7
gen@10k,gen@10k,420128,159668,24,5.2906,0.003,0.028,0.054,0.0036,0.0831,-0.2075,0.7456,665.5
gen@10k,gen@10k,420128,159668,25,5.2903,0.005,0.023,0.046,0.0048,0.0851,-0.2059,0.6459,642.3
gen@10k,gen@10k,420128,159668,26,5.2795,0.005,0.028,0.046,0.0036,0.087,-0.2114,0.5207,648.5
gen@10k,gen@10k,420128,159668,27,5.2743,0.007,0.032,0.058,0.0036,0.0908,-0.2127,0.5583,652.4
gen@10k,gen@10k,420128,159668,28,5.2634,0.007,0.028,0.056,0.0046,0.088,-0.2145,0.6509,664.2
gen_oov@10k,gen_oov@10k,420470,159668,0,5.5827,0.001,0.005,0.01,0.0006,0.0005,-0.0755,0.0815,800.9
gen_oov@10k,gen_oov@10k,420470,159668,1,5.5392,0.001,0.005,0.015,0.0006,0.0055,-0.1024,0.0571,671.7
gen_oov@10k,gen_oov@10k,420470,159668,2,5.517,0.001,0.01,0.016,0.0008,0.0144,-0.1298,0.1241,634.2
gen_oov@10k,gen_oov@10k,420470,159668,3,5.494,0.001,0.009,0.017,0.0018,0.0202,-0.1321,0.1723,645.3
gen_oov@10k,gen_oov@10k,420470,159668,4,5.4805,0.001,0.01,0.019,0.0026,0.0243,-0.1406,0.2159,649.7
gen_oov@10k,gen_oov@10k,420470,159668,5,5.475,0.001,0.009,0.019,0.002,0.0258,-0.137,0.2866,629.1
gen_oov@10k,gen_oov@10k,420470,159668,6,5.4607,0.002,0.01,0.017,0.0018,0.0327,-0.1489,0.2503,647.4
gen_oov@10k,gen_oov@10k,420470,159668,7,5.4403,0.001,0.01,0.02,0.002,0.036,-0.1499,0.2626,716.6
gen_oov@10k,gen_oov@10k,420470,159668,8,5.4249,0.003,0.018,0.029,0.0022,0.041,-0.1459,0.3059,719.5
gen_oov@10k,gen_oov@10k,420470,159668,9,5.4085,0.006,0.019,0.031,0.002,0.0462,-0.1559,0.2804,659.4
gen_oov@10k,gen_oov@10k,420470,159668,10,5.3925,0.006,0.019,0.038,0.0024,0.0513,-0.1569,0.3271,643.2
gen_oov@10k,gen_oov@10k,420470,159668,11,5.3733,0.001,0.018,0.036,0.0042,0.0553,-0.1633,0.4316,626.8
gen_oov@10k,gen_oov@10k,420470,159668,12,5.3482,0.003,0.026,0.045,0.0034,0.0614,-0.1685,0.5118,651.4
gen_oov@10k,gen_oov@10k,420470,159668,13,5.3206,0.005,0.023,0.055,0.003,0.0683,-0.165,0.3986,639.0
gen_oov@10k,gen_oov@10k,420470,159668,14,5.3073,0.005,0.026,0.054,0.0046,0.0745,-0.1692,0.4313,682.9
gen_oov@10k,gen_oov@10k,420470,159668,15,5.2801,0.007,0.031,0.058,0.0038,0.0821,-0.1739,0.5092,604.3
gen_oov@10k,gen_oov@10k,420470,159668,16,5.2633,0.006,0.036,0.061,0.0052,0.0853,-0.1735,0.6184,607.2
gen_oov@10k,gen_oov@10k,420470,159668,17,5.2431,0.005,0.023,0.058,0.004,0.0917,-0.181,0.6499,656.0
gen_oov@10k,gen_oov@10k,420470,159668,18,5.2218,0.009,0.04,0.071,0.0054,0.0952,-0.1826,0.675,645.7
gen_oov@10k,gen_oov@10k,420470,159668,19,5.2159,0.003,0.035,0.068,0.0052,0.1018,-0.1868,0.8383,734.0
gen_oov@10k,gen_oov@10k,420470,159668,20,5.1933,0.006,0.03,0.063,0.0038,0.106,-0.1855,0.6666,676.6
gen_oov@10k,gen_oov@10k,420470,159668,21,5.1837,0.009,0.03,0.065,0.0058,0.1068,-0.1968,0.8112,687.6
gen_oov@10k,gen_oov@10k,420470,159668,22,5.1708,0.007,0.037,0.06,0.007,0.1106,-0.1921,0.8908,723.1
gen_oov@10k,gen_oov@10k,420470,159668,23,5.1596,0.01,0.033,0.055,0.007,0.1149,-0.1907,0.8795,616.1
gen_oov@10k,gen_oov@10k,420470,159668,24,5.1453,0.008,0.034,0.065,0.006,0.1163,-0.1979,0.6422,608.3
gen_oov@10k,gen_oov@10k,420470,159668,25,5.124,0.008,0.034,0.063,0.0072,0.121,-0.1937,0.7652,669.5
gen_oov@10k,gen_oov@10k,420470,159668,26,5.1196,0.01,0.039,0.065,0.0078,0.1241,-0.1968,0.7628,638.2
gen_oov@10k,gen_oov@10k,420470,159668,27,5.1085,0.006,0.04,0.065,0.007,0.1267,-0.1999,0.6259,628.5
gen_oov@10k,gen_oov@10k,420470,159668,28,5.1007,0.012,0.04,0.069,0.007,0.1285,-0.1984,0.7562,621.0
gen_oov@10k,gen_oov@10k,420470,159668,29,5.0911,0.009,0.041,0.076,0.0064,0.1324,-0.2013,0.748,631.9
gendrop@10k,gendrop@10k,420470,159668,0,5.5564,0.001,0.006,0.008,0.0012,0.0003,-0.0514,0.0533,1473.7
gendrop@10k,gendrop@10k,420470,159668,1,5.5433,0.001,0.005,0.009,0.001,0.0003,-0.0717,0.0134,301.4
gendrop@10k,gendrop@10k,420470,159668,2,5.5418,0.0,0.005,0.01,0.0006,0.001,-0.0711,0.0149,319.0
gendrop@10k,gendrop@10k,420470,159668,3,5.5401,0.001,0.005,0.013,0.0014,0.0035,-0.071,0.0198,331.2
gendrop@10k,gendrop@10k,420470,159668,4,5.5373,0.001,0.008,0.016,0.0012,0.0079,-0.0611,0.03,321.0
gendrop@10k,gendrop@10k,420470,159668,5,5.5338,0.003,0.015,0.023,0.0006,0.0116,-0.0731,0.0424,331.0
gendrop@10k,gendrop@10k,420470,159668,6,5.5313,0.003,0.011,0.022,0.0012,0.0145,-0.0779,0.0544,314.0
gendrop@10k,gendrop@10k,420470,159668,7,5.5277,0.001,0.008,0.022,0.0012,0.0185,-0.1008,0.0599,292.7
gendrop@10k,gendrop@10k,420470,159668,8,5.5263,0.002,0.012,0.019,0.0014,0.0201,-0.106,0.0784,320.8
gendrop@10k,gendrop@10k,420470,159668,9,5.5215,0.001,0.012,0.025,0.0014,0.025,-0.1135,0.0735,322.0
gendrop@10k,gendrop@10k,420470,159668,10,5.5246,0.002,0.014,0.028,0.0016,0.0252,-0.1149,0.0796,301.3
gendrop@10k,gendrop@10k,420470,159668,11,5.5238,0.002,0.014,0.028,0.0012,0.0284,-0.1136,0.0746,838.6
gendrop@10k,gendrop@10k,420470,159668,12,5.5204,0.003,0.018,0.034,0.001,0.0285,-0.1093,0.0934,417.8
gendrop@10k,gendrop@10k,420470,159668,13,5.5117,0.004,0.016,0.031,0.0016,0.0373,-0.1098,0.1021,310.6
gendrop@10k,gendrop@10k,420470,159668,14,5.5059,0.004,0.015,0.03,0.0012,0.0403,-0.1226,0.1186,335.7
gendrop@10k,gendrop@10k,420470,159668,15,5.512,0.002,0.014,0.026,0.0012,0.0412,-0.1168,0.1073,293.1
gendrop@10k,gendrop@10k,420470,159668,16,5.5029,0.0,0.019,0.038,0.0012,0.0448,-0.1202,0.1164,320.0
gendrop@10k,gendrop@10k,420470,159668,17,5.4978,0.001,0.012,0.026,0.0014,0.0472,-0.1208,0.1424,336.8
gendrop@10k,gendrop@10k,420470,159668,18,5.491,0.002,0.008,0.024,0.0022,0.0507,-0.1236,0.1294,337.3
gendrop@10k,gendrop@10k,420470,159668,19,5.4953,0.006,0.018,0.035,0.0018,0.05,-0.1295,0.1404,315.7
gendrop@10k,gendrop@10k,420470,159668,20,5.4959,0.002,0.017,0.027,0.0024,0.0541,-0.133,0.1558,298.1
gendrop@10k,gendrop@10k,420470,159668,21,5.4957,0.002,0.017,0.032,0.0026,0.0527,-0.123,0.1193,285.6
gendrop@10k,gendrop@10k,420470,159668,22,5.4958,0.003,0.014,0.02,0.0024,0.0579,-0.1291,0.1355,298.1
gendrop@10k,gendrop@10k,420470,159668,23,5.4892,0.0,0.011,0.039,0.0032,0.0551,-0.1338,0.1598,300.9
gendrop@10k,gendrop@10k,420470,159668,24,5.4801,0.003,0.019,0.03,0.0024,0.0586,-0.1398,0.1869,327.9
gendrop@10k,gendrop@10k,420470,159668,25,5.4844,0.003,0.014,0.035,0.003,0.0599,-0.1388,0.1721,305.8
gendrop@10k,gendrop@10k,420470,159668,26,5.4868,0.002,0.017,0.036,0.0034,0.0643,-0.1355,0.1695,298.8
gendrop@10k,gendrop@10k,420470,159668,27,5.4797,0.002,0.012,0.025,0.0022,0.0624,-0.1432,0.1569,299.9
gendrop@10k,gendrop@10k,420470,159668,28,5.4745,0.006,0.023,0.043,0.0036,0.0675,-0.1431,0.1885,322.3
gendrop@10k,gendrop@10k,420470,159668,29,5.4677,0.002,0.016,0.034,0.0042,0.071,-0.1471,0.1905,322.0
k2@10k,k2@10k,338953,159668,0,5.9783,0.001,0.006,0.011,0.0014,0.0013,-0.0093,0.0157,118.0
k2@10k,k2@10k,338953,159668,1,5.9456,0.003,0.016,0.032,0.0028,0.0111,-0.0263,0.0336,117.6
k2@10k,k2@10k,338953,159668,2,5.8844,0.005,0.019,0.037,0.003,0.027,-0.0572,0.0441,116.3
k2@10k,k2@10k,338953,159668,3,5.8389,0.004,0.021,0.04,0.0026,0.0383,-0.0862,0.0448,115.6
k2@10k,k2@10k,338953,159668,4,5.8064,0.004,0.025,0.048,0.0032,0.0464,-0.1149,0.0451,120.7
k2@10k,k2@10k,338953,159668,5,5.7722,0.008,0.028,0.053,0.004,0.0555,-0.1448,0.0516,115.6
k2@10k,k2@10k,338953,159668,6,5.7278,0.005,0.028,0.056,0.0034,0.0667,-0.1693,0.0627,122.4
k2@10k,k2@10k,338953,159668,7,5.6776,0.007,0.034,0.061,0.0048,0.0792,-0.1845,0.0766,116.2
k2@10k,k2@10k,338953,159668,8,5.6199,0.008,0.04,0.075,0.0058,0.0926,-0.1952,0.0945,114.2
k2@10k,k2@10k,338953,159668,9,5.5603,0.009,0.047,0.085,0.0062,0.1049,-0.201,0.1193,114.9
k2@10k,k2@10k,338953,159668,10,5.5085,0.012,0.044,0.09,0.0086,0.116,-0.203,0.1297,110.1
k2@10k,k2@10k,338953,159668,11,5.4607,0.012,0.055,0.099,0.0082,0.1268,-0.2014,0.1392,113.6
k2@10k,k2@10k,338953,159668,12,5.4133,0.018,0.057,0.108,0.0104,0.1368,-0.2021,0.1628,108.7
k2@10k,k2@10k,338953,159668,13,5.3686,0.016,0.057,0.108,0.0104,0.1464,-0.1975,0.1775,112.4
k2@10k,k2@10k,338953,159668,14,5.3249,0.017,0.055,0.112,0.0092,0.1547,-0.1954,0.182,120.9
k2@10k,k2@10k,338953,159668,15,5.2844,0.013,0.057,0.113,0.0114,0.1619,-0.1924,0.1856,115.3
k2@10k,k2@10k,338953,159668,16,5.2556,0.015,0.064,0.115,0.0112,0.1683,-0.1908,0.2009,115.5
k2@10k,k2@10k,338953,159668,17,5.2102,0.017,0.072,0.128,0.0128,0.1745,-0.1887,0.2141,118.8
k2@10k,k2@10k,338953,159668,18,5.1788,0.019,0.076,0.138,0.014,0.1797,-0.1874,0.2143,119.4
k2@10k,k2@10k,338953,159668,19,5.15,0.018,0.08,0.145,0.0156,0.1854,-0.1853,0.2167,119.4
k2@10k,k2@10k,338953,159668,20,5.122,0.018,0.084,0.144,0.0144,0.1895,-0.1844,0.2222,113.2
k2@10k,k2@10k,338953,159668,21,5.0926,0.018,0.086,0.156,0.0152,0.1935,-0.1829,0.2466,119.7
k2@10k,k2@10k,338953,159668,22,5.0637,0.023,0.091,0.161,0.0134,0.1971,-0.1796,0.2436,115.1
k2@10k,k2@10k,338953,159668,23,5.0398,0.023,0.094,0.17,0.0142,0.2011,-0.1789,0.2397,112.0
k2@10k,k2@10k,338953,159668,24,5.0208,0.024,0.099,0.173,0.0138,0.2043,-0.1751,0.2592,116.4
k2@10k,k2@10k,338953,159668,25,4.9846,0.02,0.092,0.171,0.014,0.208,-0.1761,0.2751,106.6
k2@10k,k2@10k,338953,159668,26,4.9608,0.023,0.104,0.181,0.0154,0.2104,-0.1736,0.2611,117.6
k2@10k,k2@10k,338953,159668,27,4.9457,0.017,0.109,0.178,0.0162,0.2134,-0.1727,0.2674,122.8
k2@10k,k2@10k,338953,159668,28,4.9208,0.022,0.11,0.185,0.0154,0.2163,-0.1716,0.2624,119.2
k2@10k,k2@10k,338953,159668,29,4.8996,0.028,0.114,0.189,0.0158,0.2182,-0.1708,0.2671,117.0
k5@10k,k5@10k,338953,159668,0,6.4358,0.002,0.01,0.021,0.002,0.0017,-0.0105,0.0162,208.5
k5@10k,k5@10k,338953,159668,1,6.3961,0.004,0.017,0.032,0.0026,0.0145,-0.033,0.0349,212.9
k5@10k,k5@10k,338953,159668,2,6.3268,0.004,0.023,0.039,0.002,0.0322,-0.067,0.0382,211.5
k5@10k,k5@10k,338953,159668,3,6.2736,0.004,0.027,0.052,0.003,0.0446,-0.1019,0.0341,219.7
k5@10k,k5@10k,338953,159668,4,6.2271,0.007,0.031,0.052,0.003,0.0567,-0.1433,0.0368,213.4
k5@10k,k5@10k,338953,159668,5,6.1694,0.006,0.033,0.061,0.0038,0.0721,-0.1733,0.0476,208.9
k5@10k,k5@10k,338953,159668,6,6.093,0.008,0.044,0.072,0.0048,0.0905,-0.1888,0.061,213.2
k5@10k,k5@10k,338953,159668,7,6.0087,0.011,0.044,0.086,0.0058,0.1081,-0.1916,0.0766,209.9
k5@10k,k5@10k,338953,159668,8,5.9257,0.008,0.051,0.101,0.0064,0.1249,-0.1919,0.0873,211.8
k5@10k,k5@10k,338953,159668,9,5.8481,0.01,0.06,0.112,0.0078,0.1401,-0.1893,0.1051,209.7
k5@10k,k5@10k,338953,159668,10,5.7772,0.006,0.054,0.12,0.0092,0.1537,-0.187,0.1144,213.1
k5@10k,k5@10k,338953,159668,11,5.7131,0.011,0.068,0.124,0.0112,0.1651,-0.1838,0.1224,208.3
k5@10k,k5@10k,338953,159668,12,5.6532,0.012,0.077,0.128,0.0114,0.1755,-0.1822,0.1341,204.4
k5@10k,k5@10k,338953,159668,13,5.6,0.017,0.094,0.147,0.0124,0.1844,-0.1796,0.1398,207.3
k5@10k,k5@10k,338953,159668,14,5.5517,0.02,0.088,0.147,0.0132,0.1919,-0.1792,0.1502,209.3
k5@10k,k5@10k,338953,159668,15,5.5047,0.02,0.097,0.145,0.0144,0.1993,-0.1777,0.1452,216.4
k5@10k,k5@10k,338953,159668,16,5.4633,0.027,0.105,0.153,0.0158,0.2051,-0.1763,0.153,209.1
k5@10k,k5@10k,338953,159668,17,5.4237,0.024,0.095,0.163,0.016,0.2106,-0.1753,0.1669,213.8
k5@10k,k5@10k,338953,159668,18,5.3867,0.027,0.099,0.175,0.0173,0.2156,-0.1738,0.1713,210.2
k5@10k,k5@10k,338953,159668,19,5.3505,0.029,0.108,0.179,0.0171,0.2199,-0.1717,0.1688,205.2
k5@10k,k5@10k,338953,159668,20,5.3217,0.028,0.099,0.181,0.0191,0.2236,-0.17,0.1674,213.6
k5@10k,k5@10k,338953,159668,21,5.2921,0.027,0.105,0.188,0.0183,0.2269,-0.1692,0.1789,204.6
k5@10k,k5@10k,338953,159668,22,5.2634,0.032,0.11,0.192,0.0199,0.2303,-0.1682,0.1778,216.6
k5@10k,k5@10k,338953,159668,23,5.2384,0.031,0.119,0.201,0.0199,0.2332,-0.1676,0.1711,205.0
k5@10k,k5@10k,338953,159668,24,5.2142,0.035,0.123,0.201,0.0195,0.236,-0.1673,0.1733,211.0
k5@10k,k5@10k,338953,159668,25,5.1907,0.037,0.122,0.205,0.0193,0.2384,-0.1672,0.1746,214.6
k5@10k,k5@10k,338953,159668,26,5.1688,0.041,0.134,0.21,0.0195,0.2405,-0.1664,0.1777,213.5
k5@10k,k5@10k,338953,159668,27,5.1482,0.038,0.13,0.219,0.0187,0.2428,-0.1658,0.1857,208.3
k5@10k,k5@10k,338953,159668,28,5.1297,0.034,0.13,0.209,0.0209,0.2448,-0.1657,0.196,214.3
k5@10k,k5@10k,338953,159668,29,5.1095,0.036,0.13,0.211,0.0201,0.2461,-0.1645,0.1888,202.1
l1@10k,l1@10k,169477,159668,0,5.6346,0.003,0.009,0.018,0.0014,0.0006,-0.0086,0.0157,351.6
l1@10k,l1@10k,169477,159668,1,5.6166,0.001,0.008,0.018,0.0018,0.0055,-0.0201,0.032,296.7
l1@10k,l1@10k,169477,159668,2,5.579,0.001,0.009,0.022,0.002,0.0165,-0.0387,0.0545,297.2
l1@10k,l1@10k,169477,159668,3,5.5396,0.003,0.013,0.023,0.0024,0.0268,-0.058,0.0594,294.8
l1@10k,l1@10k,169477,159668,4,5.5108,0.003,0.022,0.034,0.002,0.0332,-0.0724,0.0604,287.4
l1@10k,l1@10k,169477,159668,5,5.4877,0.006,0.02,0.042,0.0022,0.039,-0.0879,0.066,290.3
l1@10k,l1@10k,169477,159668,6,5.4649,0.008,0.024,0.043,0.0026,0.0448,-0.1022,0.0694,286.8
l1@10k,l1@10k,169477,159668,7,5.4358,0.006,0.03,0.055,0.0032,0.0512,-0.1199,0.0722,293.4
l1@10k,l1@10k,169477,159668,8,5.4053,0.006,0.027,0.055,0.0034,0.0585,-0.133,0.0809,281.9
l1@10k,l1@10k,169477,159668,9,5.372,0.005,0.035,0.067,0.0046,0.067,-0.1442,0.0866,276.7
l1@10k,l1@10k,169477,159668,10,5.3396,0.01,0.038,0.074,0.0028,0.0746,-0.152,0.1048,278.6
l1@10k,l1@10k,169477,159668,11,5.3109,0.011,0.042,0.076,0.0038,0.0823,-0.1587,0.1008,272.9
l1@10k,l1@10k,169477,159668,12,5.2721,0.01,0.048,0.074,0.0048,0.0909,-0.1672,0.1115,279.2
l1@10k,l1@10k,169477,159668,13,5.2445,0.009,0.04,0.073,0.0046,0.0984,-0.1714,0.1155,279.7
l1@10k,l1@10k,169477,159668,14,5.2144,0.015,0.044,0.08,0.007,0.1063,-0.1773,0.1301,258.4
l1@10k,l1@10k,169477,159668,15,5.1864,0.014,0.048,0.083,0.0074,0.1122,-0.1785,0.1382,274.6
l1@10k,l1@10k,169477,159668,16,5.1683,0.01,0.043,0.082,0.0074,0.1178,-0.1805,0.1481,285.1
l1@10k,l1@10k,169477,159668,17,5.1368,0.012,0.054,0.086,0.008,0.1236,-0.1824,0.1501,274.4
l1@10k,l1@10k,169477,159668,18,5.1101,0.011,0.058,0.093,0.0076,0.1286,-0.183,0.1589,276.9
l1@10k,l1@10k,169477,159668,19,5.0928,0.015,0.049,0.095,0.0084,0.1337,-0.1842,0.1571,286.1
l1@10k,l1@10k,169477,159668,20,5.0751,0.016,0.056,0.097,0.0086,0.1373,-0.185,0.166,276.0
l1@10k,l1@10k,169477,159668,21,5.0518,0.019,0.053,0.097,0.0092,0.1416,-0.1865,0.1666,273.9
l1@10k,l1@10k,169477,159668,22,5.0316,0.014,0.059,0.096,0.0086,0.146,-0.1869,0.1784,294.1
l1@10k,l1@10k,169477,159668,23,5.0156,0.015,0.054,0.098,0.0084,0.1493,-0.1874,0.181,285.0
l1@10k,l1@10k,169477,159668,24,4.9985,0.013,0.051,0.093,0.0086,0.1522,-0.1871,0.1845,279.5
l1@10k,l1@10k,169477,159668,25,4.9798,0.02,0.052,0.094,0.009,0.1555,-0.1884,0.2007,275.6
l1@10k,l1@10k,169477,159668,26,4.9661,0.021,0.055,0.094,0.0088,0.1589,-0.1887,0.1897,304.8
l1@10k,l1@10k,169477,159668,27,4.957,0.02,0.06,0.104,0.0088,0.162,-0.1899,0.1966,285.7
l1@10k,l1@10k,169477,159668,28,4.9275,0.022,0.061,0.105,0.0088,0.1649,-0.1902,0.1972,290.3
l1@10k,l1@10k,169477,159668,29,4.9222,0.019,0.066,0.101,0.0088,0.1667,-0.1896,0.205,300.0
l3@10k,l3@10k,508429,159668,0,5.6306,0.0,0.005,0.012,0.001,0.0012,-0.0084,,860.0
l3@10k,l3@10k,508429,159668,1,5.5974,0.004,0.01,0.021,0.0024,0.011,-0.0294,,779.0
l3@10k,l3@10k,508429,159668,2,5.5361,0.002,0.016,0.025,0.0022,0.029,-0.0711,,772.5
l3@10k,l3@10k,508429,159668,3,5.4864,0.004,0.019,0.036,0.0036,0.0423,-0.1023,,761.4
l3@10k,l3@10k,508429,159668,4,5.428,0.005,0.015,0.037,0.0024,0.0556,-0.1401,,752.5
l3@10k,l3@10k,508429,159668,5,5.3876,0.003,0.021,0.04,0.0036,0.066,-0.1576,,752.1
l3@10k,l3@10k,508429,159668,6,5.3524,0.002,0.019,0.041,0.0048,0.0758,-0.1657,,727.8
l3@10k,l3@10k,508429,159668,7,5.3119,0.005,0.024,0.049,0.0058,0.0843,-0.1755,,751.4
l3@10k,l3@10k,508429,159668,8,5.2818,0.004,0.03,0.052,0.0048,0.0918,-0.1831,,759.7
l3@10k,l3@10k,508429,159668,9,5.2432,0.004,0.028,0.061,0.0062,0.0992,-0.1915,,756.4
l3@10k,l3@10k,508429,159668,10,5.216,0.004,0.028,0.062,0.0058,0.106,-0.1965,,732.9
l3@10k,l3@10k,508429,159668,11,5.1949,0.008,0.03,0.062,0.006,0.1121,-0.1986,,730.5
l3@10k,l3@10k,508429,159668,12,5.1645,0.007,0.032,0.069,0.0062,0.1186,-0.1951,,747.9
l3@10k,l3@10k,508429,159668,13,5.1328,0.008,0.033,0.074,0.0058,0.1249,-0.1948,,727.2
l3@10k,l3@10k,508429,159668,14,5.1083,0.007,0.035,0.068,0.0058,0.1309,-0.1953,,751.4
l3@10k,l3@10k,508429,159668,15,5.0962,0.009,0.04,0.073,0.0062,0.1359,-0.1949,,707.4
l3@10k,l3@10k,508429,159668,16,5.0505,0.009,0.035,0.075,0.0058,0.1417,-0.1975,,730.6
l3@10k,l3@10k,508429,159668,17,5.0344,0.011,0.041,0.078,0.006,0.1455,-0.1944,,721.6
l3@10k,l3@10k,508429,159668,18,5.0066,0.008,0.038,0.073,0.0082,0.1511,-0.1957,,711.5
l3@10k,l3@10k,508429,159668,19,4.9668,0.007,0.044,0.085,0.0082,0.1572,-0.1942,,750.3
l3@10k,l3@10k,508429,159668,20,4.9524,0.01,0.051,0.091,0.0078,0.1614,-0.1933,,713.8
l3@10k,l3@10k,508429,159668,21,4.9245,0.01,0.049,0.09,0.009,0.1661,-0.1918,,721.3
l3@10k,l3@10k,508429,159668,22,4.8991,0.007,0.05,0.098,0.0094,0.17,-0.1938,,712.9
l3@10k,l3@10k,508429,159668,23,4.8742,0.012,0.051,0.104,0.0094,0.1743,-0.1912,,715.9
l3@10k,l3@10k,508429,159668,24,4.8539,0.005,0.051,0.103,0.0102,0.1784,-0.1893,,722.2
l3@10k,l3@10k,508429,159668,25,4.8199,0.009,0.054,0.112,0.0102,0.1826,-0.1902,,712.8
l3@10k,l3@10k,508429,159668,26,4.8055,0.008,0.056,0.113,0.0102,0.1864,-0.1879,,708.6
l3@10k,l3@10k,508429,159668,27,4.7835,0.013,0.058,0.118,0.011,0.1894,-0.1852,,713.0
l3@10k,l3@10k,508429,159668,28,4.7527,0.017,0.067,0.126,0.0108,0.1931,-0.1851,,699.3
l3@10k,l3@10k,508429,159668,29,4.7426,0.016,0.064,0.136,0.011,0.1957,-0.1864,,716.5
n2@10k,n2@10k,568921,159668,0,5.6324,0.002,0.009,0.01,0.001,0.0009,-0.0082,,1912.6
n2@10k,n2@10k,568921,159668,1,5.6081,0.0,0.001,0.012,0.0018,0.0072,-0.0201,,1808.7
n2@10k,n2@10k,568921,159668,2,5.5612,0.002,0.007,0.021,0.0028,0.0205,-0.0451,,1789.3
n2@10k,n2@10k,568921,159668,3,5.5145,0.005,0.015,0.03,0.0032,0.0329,-0.0704,,1738.1
n2@10k,n2@10k,568921,159668,4,5.483,0.004,0.02,0.04,0.0024,0.0409,-0.0969,,1708.3
n2@10k,n2@10k,568921,159668,5,5.4512,0.002,0.017,0.049,0.0024,0.0482,-0.1221,,1625.2
n2@10k,n2@10k,568921,159668,6,5.4208,0.004,0.031,0.052,0.0022,0.0554,-0.1423,,1611.6
n2@10k,n2@10k,568921,159668,7,5.3847,0.005,0.034,0.059,0.0036,0.0631,-0.1577,,1610.3
n2@10k,n2@10k,568921,159668,8,5.3446,0.006,0.028,0.058,0.0044,0.0726,-0.1727,,1667.6
n2@10k,n2@10k,568921,159668,9,5.3082,0.006,0.037,0.064,0.0058,0.0827,-0.185,,1592.1
n2@10k,n2@10k,568921,159668,10,5.2742,0.01,0.039,0.07,0.0064,0.092,-0.193,,1654.1
n2@10k,n2@10k,568921,159668,11,5.2379,0.008,0.037,0.074,0.0062,0.1014,-0.1977,,1591.1
n2@10k,n2@10k,568921,159668,12,5.2113,0.005,0.043,0.068,0.0064,0.1092,-0.2023,,1580.9
n2@10k,n2@10k,568921,159668,13,5.1765,0.006,0.044,0.083,0.007,0.1166,-0.2037,,1525.5
n2@10k,n2@10k,568921,159668,14,5.15,0.008,0.052,0.088,0.006,0.1243,-0.2082,,1522.4
n2@10k,n2@10k,568921,159668,15,5.1181,0.011,0.046,0.093,0.0078,0.1316,-0.2081,,1502.7
n2@10k,n2@10k,568921,159668,16,5.0907,0.006,0.047,0.089,0.007,0.1376,-0.2097,,1482.3
n2@10k,n2@10k,568921,159668,17,5.0626,0.008,0.052,0.086,0.007,0.1442,-0.2138,,1499.7
n2@10k,n2@10k,568921,159668,18,5.0394,0.011,0.055,0.09,0.0086,0.1491,-0.2148,,1473.5
n2@10k,n2@10k,568921,159668,19,5.0081,0.008,0.054,0.084,0.0078,0.1557,-0.2173,,1469.2
n2@10k,n2@10k,568921,159668,20,4.9895,0.007,0.048,0.092,0.007,0.1603,-0.2203,,1480.2
n2@10k,n2@10k,568921,159668,21,4.9663,0.009,0.051,0.101,0.0076,0.1655,-0.2225,,1481.4
n2@10k,n2@10k,568921,159668,22,4.9432,0.007,0.056,0.105,0.0094,0.1697,-0.2219,,1491.8
n2@10k,n2@10k,568921,159668,23,4.9379,0.008,0.059,0.102,0.0084,0.1731,-0.2231,,1470.8
n2@10k,n2@10k,568921,159668,24,4.9057,0.008,0.068,0.105,0.009,0.1763,-0.2237,,1489.9
n2@10k,n2@10k,568921,159668,25,4.8841,0.011,0.07,0.109,0.009,0.1801,-0.2252,,1488.0
n2@10k,n2@10k,568921,159668,26,4.8524,0.008,0.061,0.111,0.0096,0.1836,-0.226,,1548.5
n2@10k,n2@10k,568921,159668,27,4.8406,0.011,0.065,0.116,0.0108,0.1879,-0.2246,,1506.3
n2@10k,n2@10k,568921,159668,28,4.8183,0.013,0.065,0.112,0.0116,0.1911,-0.2239,,1513.4
n2@10k,n2@10k,568921,159668,29,4.8066,0.012,0.066,0.122,0.012,0.1944,-0.2252,,1505.5
nopurity@10k,nopurity@10k,338953,159668,0,5.5386,0.001,0.008,0.016,0.0018,0.0022,-0.0062,0.0084,1462.4
nopurity@10k,nopurity@10k,338953,159668,1,5.5121,0.002,0.012,0.021,0.0024,0.0146,-0.0307,0.0341,1427.2
nopurity@10k,nopurity@10k,338953,159668,2,5.4735,0.001,0.014,0.021,0.0032,0.0267,-0.0569,0.0466,1517.3
nopurity@10k,nopurity@10k,338953,159668,3,5.4457,0.002,0.014,0.027,0.0028,0.0352,-0.0837,0.0556,1569.7
nopurity@10k,nopurity@10k,338953,159668,4,5.4133,0.002,0.019,0.033,0.0026,0.0446,-0.1178,0.0645,1316.5
nopurity@10k,nopurity@10k,338953,159668,5,5.3819,0.007,0.024,0.045,0.0032,0.0546,-0.1424,0.0837,1265.0
nopurity@10k,nopurity@10k,338953,159668,6,5.3341,0.007,0.027,0.047,0.0038,0.0688,-0.1595,0.112,1333.2
nopurity@10k,nopurity@10k,338953,159668,7,5.279,0.008,0.027,0.052,0.0044,0.0825,-0.1708,0.1472,1327.2
nopurity@10k,nopurity@10k,338953,159668,8,5.225,0.006,0.027,0.053,0.0052,0.0973,-0.1782,0.1781,1275.4
nopurity@10k,nopurity@10k,338953,159668,9,5.171,0.006,0.037,0.067,0.0046,0.111,-0.1794,0.2011,1315.8
nopurity@10k,nopurity@10k,338953,159668,10,5.1253,0.005,0.036,0.068,0.0052,0.1229,-0.179,0.2047,1410.2
nopurity@10k,nopurity@10k,338953,159668,11,5.0816,0.008,0.035,0.073,0.0044,0.1338,-0.1762,0.234,1304.0
nopurity@10k,nopurity@10k,338953,159668,12,5.0332,0.009,0.037,0.071,0.0054,0.1445,-0.1831,0.2562,1280.3
nopurity@10k,nopurity@10k,338953,159668,13,4.9937,0.01,0.036,0.075,0.008,0.1532,-0.1801,0.2864,1255.4
nopurity@10k,nopurity@10k,338953,159668,14,4.9516,0.011,0.037,0.076,0.0084,0.16,-0.1784,0.2763,1266.7
nopurity@10k,nopurity@10k,338953,159668,15,4.9178,0.01,0.054,0.086,0.0084,0.1662,-0.1762,0.313,1404.6
nopurity@10k,nopurity@10k,338953,159668,16,4.8807,0.011,0.056,0.095,0.01,0.1737,-0.1741,0.3391,1349.6
nopurity@10k,nopurity@10k,338953,159668,17,4.8513,0.014,0.058,0.098,0.01,0.1793,-0.1712,0.3189,1363.2
nopurity@10k,nopurity@10k,338953,159668,18,4.8201,0.013,0.064,0.116,0.0118,0.1848,-0.1692,0.3542,1284.5
nopurity@10k,nopurity@10k,338953,159668,19,4.7854,0.017,0.068,0.117,0.0116,0.1911,-0.1684,0.346,1365.1
nopurity@10k,nopurity@10k,338953,159668,20,4.7495,0.019,0.076,0.129,0.0132,0.1958,-0.1659,0.4104,1210.7
nopurity@10k,nopurity@10k,338953,159668,21,4.7253,0.022,0.074,0.128,0.013,0.1996,-0.1638,0.3715,1415.6
nopurity@10k,nopurity@10k,338953,159668,22,4.7021,0.021,0.082,0.14,0.0132,0.2045,-0.1637,0.3945,1321.1
nopurity@10k,nopurity@10k,338953,159668,23,4.6809,0.02,0.085,0.147,0.0152,0.2073,-0.1621,0.3893,1422.3
nopurity@10k,nopurity@10k,338953,159668,24,4.6543,0.021,0.084,0.14,0.0146,0.2107,-0.1605,0.39,1260.7
nopurity@10k,nopurity@10k,338953,159668,25,4.6349,0.018,0.081,0.16,0.0138,0.2144,-0.1608,0.3952,1248.2
nopurity@10k,nopurity@10k,338953,159668,26,4.6124,0.013,0.083,0.152,0.0136,0.2178,-0.1592,0.4023,1271.4
nopurity@10k,nopurity@10k,338953,159668,27,4.5806,0.016,0.09,0.157,0.0162,0.2214,-0.16,0.4083,1233.7
nopurity@10k,nopurity@10k,338953,159668,28,4.5661,0.025,0.088,0.156,0.0169,0.2239,-0.1605,0.4259,1261.2
nopurity@10k,nopurity@10k,338953,159668,29,4.5465,0.021,0.085,0.162,0.0169,0.226,-0.1577,0.4322,2014.3
nosmooth@10k,nosmooth@10k,338953,159668,0,5.6324,0.0,0.005,0.01,0.0018,0.0008,-0.0087,0.0158,1497.7
nosmooth@10k,nosmooth@10k,338953,159668,1,5.6054,0.004,0.019,0.028,0.0022,0.008,-0.022,0.0334,1397.9
nosmooth@10k,nosmooth@10k,338953,159668,2,5.5494,0.003,0.016,0.031,0.0018,0.0228,-0.0525,0.0529,1334.3
nosmooth@10k,nosmooth@10k,338953,159668,3,5.4954,0.004,0.018,0.039,0.0016,0.0357,-0.0849,0.0613,1318.7
nosmooth@10k,nosmooth@10k,338953,159668,4,5.4498,0.005,0.016,0.036,0.0018,0.0459,-0.1094,0.0667,1316.5
nosmooth@10k,nosmooth@10k,338953,159668,5,5.4173,0.004,0.018,0.035,0.0028,0.055,-0.1289,0.0743,1371.4
nosmooth@10k,nosmooth@10k,338953,159668,6,5.3713,0.003,0.022,0.047,0.0036,0.0654,-0.1482,0.0892,1400.8
nosmooth@10k,nosmooth@10k,338953,159668,7,5.3206,0.008,0.03,0.053,0.0048,0.0765,-0.1676,0.113,1363.8
nosmooth@10k,nosmooth@10k,338953,159668,8,5.2713,0.008,0.03,0.051,0.0046,0.0895,-0.1748,0.1343,1433.8
nosmooth@10k,nosmooth@10k,338953,159668,9,5.2028,0.006,0.03,0.057,0.0044,0.1034,-0.1806,0.1677,1267.3
nosmooth@10k,nosmooth@10k,338953,159668,10,5.1481,0.009,0.033,0.073,0.005,0.1161,-0.1821,0.1845,1347.5
nosmooth@10k,nosmooth@10k,338953,159668,11,5.0835,0.008,0.04,0.074,0.0058,0.1277,-0.1834,0.2207,1341.1
nosmooth@10k,nosmooth@10k,338953,159668,12,5.0328,0.006,0.038,0.075,0.005,0.139,-0.1836,0.2649,1288.4
nosmooth@10k,nosmooth@10k,338953,159668,13,4.9774,0.004,0.037,0.077,0.0066,0.1477,-0.1811,0.2738,1361.7
nosmooth@10k,nosmooth@10k,338953,159668,14,4.9253,0.011,0.04,0.081,0.0068,0.1569,-0.1775,0.3055,1278.9
nosmooth@10k,nosmooth@10k,338953,159668,15,4.8774,0.009,0.045,0.095,0.007,0.1657,-0.1791,0.3094,1340.6
nosmooth@10k,nosmooth@10k,338953,159668,16,4.8251,0.009,0.051,0.097,0.0072,0.1735,-0.1775,0.3332,1298.0
nosmooth@10k,nosmooth@10k,338953,159668,17,4.7861,0.012,0.061,0.098,0.008,0.1799,-0.1762,0.3277,1256.0
nosmooth@10k,nosmooth@10k,338953,159668,18,4.7499,0.012,0.055,0.112,0.008,0.1861,-0.1742,0.3767,1281.0
nosmooth@10k,nosmooth@10k,338953,159668,19,4.7195,0.014,0.057,0.111,0.009,0.1914,-0.1728,0.3857,1246.1
nosmooth@10k,nosmooth@10k,338953,159668,20,4.6775,0.014,0.066,0.111,0.0076,0.1963,-0.1709,0.3745,1308.7
nosmooth@10k,nosmooth@10k,338953,159668,21,4.6516,0.009,0.068,0.111,0.01,0.1998,-0.1687,0.3743,1274.9
nosmooth@10k,nosmooth@10k,338953,159668,22,4.6165,0.013,0.073,0.117,0.0118,0.2047,-0.1683,0.3799,1303.7
nosmooth@10k,nosmooth@10k,338953,159668,23,4.5918,0.017,0.074,0.121,0.0118,0.208,-0.1675,0.3929,1253.9
nosmooth@10k,nosmooth@10k,338953,159668,24,4.5607,0.017,0.073,0.127,0.0128,0.2111,-0.1651,0.4503,1440.9
nosmooth@10k,nosmooth@10k,338953,159668,25,4.5412,0.018,0.072,0.133,0.0122,0.2152,-0.1645,0.4793,1255.6
nosmooth@10k,nosmooth@10k,338953,159668,26,4.507,0.02,0.081,0.14,0.0116,0.2181,-0.1619,0.4304,1232.4
nosmooth@10k,nosmooth@10k,338953,159668,27,4.4847,0.021,0.086,0.141,0.0128,0.2212,-0.1632,0.4365,1320.4
nosmooth@10k,nosmooth@10k,338953,159668,28,4.4706,0.022,0.087,0.154,0.0136,0.2239,-0.162,0.4467,1237.1
nosmooth@10k,nosmooth@10k,338953,159668,29,4.4331,0.02,0.093,0.151,0.0138,0.2263,-0.159,0.4685,1794.1
nowarp@10k,nowarp@10k,338953,159668,0,5.6318,0.003,0.011,0.019,0.0028,0.001,-0.0054,0.018,1430.2
nowarp@10k,nowarp@10k,338953,159668,1,5.5972,0.002,0.014,0.024,0.0022,0.0086,-0.0199,0.0432,1471.7
nowarp@10k,nowarp@10k,338953,159668,2,5.54,0.003,0.011,0.03,0.0018,0.0195,-0.0418,0.0612,1352.0
nowarp@10k,nowarp@10k,338953,159668,3,5.5003,0.004,0.023,0.046,0.0024,0.026,-0.0595,0.069,1266.0
nowarp@10k,nowarp@10k,338953,159668,4,5.4647,0.002,0.016,0.043,0.003,0.0321,-0.0793,0.075,1274.7
nowarp@10k,nowarp@10k,338953,159668,5,5.4369,0.005,0.023,0.053,0.0026,0.0383,-0.0968,0.0832,1271.9
nowarp@10k,nowarp@10k,338953,159668,6,5.3891,0.006,0.026,0.047,0.003,0.0471,-0.1194,0.1012,1275.3
nowarp@10k,nowarp@10k,338953,159668,7,5.3333,0.008,0.03,0.055,0.0042,0.0579,-0.1383,0.1278,1274.9
nowarp@10k,nowarp@10k,338953,159668,8,5.2815,0.007,0.032,0.055,0.0056,0.0686,-0.137,0.1731,1297.9
nowarp@10k,nowarp@10k,338953,159668,9,5.2146,0.006,0.031,0.058,0.008,0.0814,-0.1467,0.2192,1292.6
nowarp@10k,nowarp@10k,338953,159668,10,5.1642,0.01,0.038,0.07,0.0062,0.0916,-0.1468,0.23,1256.5
nowarp@10k,nowarp@10k,338953,159668,11,5.106,0.008,0.045,0.075,0.0068,0.1014,-0.1465,0.2513,1197.7
nowarp@10k,nowarp@10k,338953,159668,12,5.0535,0.007,0.048,0.078,0.008,0.1112,-0.1494,0.2759,1256.1
nowarp@10k,nowarp@10k,338953,159668,13,5.0104,0.01,0.041,0.086,0.009,0.1188,-0.1501,0.3087,1230.5
nowarp@10k,nowarp@10k,338953,159668,14,4.9614,0.007,0.047,0.091,0.0082,0.1267,-0.1505,0.2896,1229.5
nowarp@10k,nowarp@10k,338953,159668,15,4.9195,0.011,0.054,0.093,0.0076,0.1338,-0.1496,0.307,1296.7
nowarp@10k,nowarp@10k,338953,159668,16,4.8791,0.012,0.053,0.093,0.0086,0.1413,-0.1504,0.3061,1192.5
nowarp@10k,nowarp@10k,338953,159668,17,4.8439,0.011,0.063,0.105,0.0102,0.1468,-0.1526,0.3174,1230.9
nowarp@10k,nowarp@10k,338953,159668,18,4.8196,0.014,0.062,0.108,0.011,0.1521,-0.152,0.3409,1289.4
nowarp@10k,nowarp@10k,338953,159668,19,4.7887,0.012,0.065,0.12,0.011,0.1569,-0.151,0.3744,1306.2
nowarp@10k,nowarp@10k,338953,159668,20,4.7552,0.017,0.077,0.125,0.012,0.1618,-0.1509,0.4081,1328.9
nowarp@10k,nowarp@10k,338953,159668,21,4.7322,0.014,0.072,0.134,0.0126,0.1656,-0.1514,0.3689,1463.7
nowarp@10k,nowarp@10k,338953,159668,22,4.6992,0.018,0.075,0.135,0.0142,0.17,-0.1511,0.3641,1189.2
nowarp@10k,nowarp@10k,338953,159668,23,4.6794,0.019,0.082,0.147,0.015,0.1729,-0.1508,0.3752,1350.8
nowarp@10k,nowarp@10k,338953,159668,24,4.6513,0.016,0.078,0.157,0.0148,0.1769,-0.1506,0.4142,1254.4
nowarp@10k,nowarp@10k,338953,159668,25,4.6366,0.015,0.086,0.148,0.014,0.1807,-0.152,0.4273,1241.7
nowarp@10k,nowarp@10k,338953,159668,26,4.6061,0.02,0.093,0.151,0.016,0.1841,-0.1506,0.4245,1449.7
nowarp@10k,nowarp@10k,338953,159668,27,4.5867,0.015,0.088,0.153,0.0154,0.1869,-0.1515,0.3975,1281.8
nowarp@10k,nowarp@10k,338953,159668,28,4.57,0.014,0.088,0.16,0.0162,0.1896,-0.152,0.4297,1283.7
nowarp@10k,nowarp@10k,338953,159668,29,4.5428,0.02,0.095,0.171,0.0175,0.1921,-0.1509,0.4508,1599.6
o9@10k,o9@10k,338953,159668,0,5.6325,0.0,0.003,0.014,0.0018,0.0008,-0.0089,0.0153,77.1
o9@10k,o9@10k,338953,159668,1,5.6078,0.003,0.02,0.027,0.0026,0.0075,-0.0213,0.0302,88.0
o9@10k,o9@10k,338953,159668,2,5.559,0.003,0.013,0.031,0.0014,0.0215,-0.05,0.0465,81.6
o9@10k,o9@10k,338953,159668,3,5.5136,0.003,0.015,0.039,0.0016,0.0333,-0.0804,0.053,79.8
o9@10k,o9@10k,338953,159668,4,5.4764,0.003,0.015,0.037,0.0032,0.0425,-0.1059,0.0569,80.3
o9@10k,o9@10k,338953,159668,5,5.4508,0.004,0.022,0.043,0.003,0.0502,-0.1231,0.0624,83.4
o9@10k,o9@10k,338953,159668,6,5.4127,0.004,0.023,0.045,0.004,0.0593,-0.1425,0.0744,75.9
o9@10k,o9@10k,338953,159668,7,5.3699,0.006,0.024,0.052,0.0034,0.0697,-0.1674,0.0916,82.0
o9@10k,o9@10k,338953,159668,8,5.3279,0.007,0.029,0.053,0.0052,0.0822,-0.1741,0.127,78.1
o9@10k,o9@10k,338953,159668,9,5.2729,0.01,0.033,0.059,0.0054,0.0952,-0.1836,0.1458,82.4
o9@10k,o9@10k,338953,159668,10,5.2261,0.007,0.045,0.07,0.0048,0.1073,-0.1872,0.1761,81.8
o9@10k,o9@10k,338953,159668,11,5.1714,0.006,0.044,0.08,0.006,0.1191,-0.1859,0.2025,83.8
o9@10k,o9@10k,338953,159668,12,5.1271,0.01,0.041,0.086,0.006,0.1306,-0.1867,0.2281,84.5
o9@10k,o9@10k,338953,159668,13,5.0859,0.005,0.04,0.082,0.0064,0.139,-0.1843,0.2354,78.2
o9@10k,o9@10k,338953,159668,14,5.0392,0.009,0.05,0.092,0.0068,0.1479,-0.1808,0.2486,75.3
o9@10k,o9@10k,338953,159668,15,4.9998,0.009,0.047,0.103,0.0084,0.1561,-0.1813,0.2671,77.2
o9@10k,o9@10k,338953,159668,16,4.9584,0.008,0.052,0.095,0.0084,0.1645,-0.1818,0.2829,73.1
o9@10k,o9@10k,338953,159668,17,4.9277,0.011,0.057,0.108,0.0104,0.1704,-0.1802,0.2792,73.7
o9@10k,o9@10k,338953,159668,18,4.8972,0.015,0.058,0.117,0.0102,0.1768,-0.1798,0.2853,80.2
o9@10k,o9@10k,338953,159668,19,4.8723,0.017,0.063,0.109,0.0106,0.1822,-0.1784,0.3216,80.3
o9@10k,o9@10k,338953,159668,20,4.8384,0.015,0.064,0.114,0.0108,0.1873,-0.1778,0.3253,82.9
o9@10k,o9@10k,338953,159668,21,4.8126,0.019,0.069,0.121,0.0102,0.1915,-0.1752,0.3195,77.9
o9@10k,o9@10k,338953,159668,22,4.7861,0.015,0.067,0.125,0.0104,0.1963,-0.1756,0.3327,83.6
o9@10k,o9@10k,338953,159668,23,4.7684,0.016,0.076,0.13,0.0106,0.1993,-0.1743,0.3519,78.9
o9@10k,o9@10k,338953,159668,24,4.7409,0.015,0.071,0.135,0.011,0.2032,-0.174,0.3552,76.5
o9@10k,o9@10k,338953,159668,25,4.7238,0.015,0.078,0.134,0.0134,0.2068,-0.1736,0.3858,77.5
o9@10k,o9@10k,338953,159668,26,4.6967,0.019,0.079,0.143,0.013,0.2108,-0.1719,0.3619,79.7
o9@10k,o9@10k,338953,159668,27,4.6765,0.02,0.082,0.139,0.015,0.214,-0.1736,0.3743,72.2
o9@10k,o9@10k,338953,159668,28,4.6655,0.019,0.082,0.145,0.0148,0.2164,-0.1717,0.3862,77.2
o9@10k,o9@10k,338953,159668,29,4.6333,0.025,0.084,0.142,0.015,0.2195,-0.17,0.3762,75.8
oov@10k,oov@10k,347821,159668,0,5.6324,0.001,0.009,0.017,0.0032,0.0009,-0.0079,0.0158,797.7
oov@10k,oov@10k,347821,159668,1,5.6067,0.003,0.015,0.021,0.003,0.0078,-0.02,0.032,726.4
oov@10k,oov@10k,347821,159668,2,5.5545,0.004,0.02,0.034,0.0028,0.0218,-0.0461,0.0496,775.6
oov@10k,oov@10k,347821,159668,3,5.5094,0.005,0.02,0.038,0.0028,0.0335,-0.0679,0.053,728.8
oov@10k,oov@10k,347821,159668,4,5.4836,0.005,0.025,0.051,0.0026,0.0405,-0.0835,0.0561,719.4
oov@10k,oov@10k,347821,159668,5,5.4527,0.003,0.027,0.053,0.0028,0.0474,-0.1027,0.0604,704.3
oov@10k,oov@10k,347821,159668,6,5.4221,0.004,0.031,0.048,0.0026,0.0551,-0.1276,0.0666,707.6
oov@10k,oov@10k,347821,159668,7,5.397,0.005,0.021,0.045,0.003,0.0634,-0.1531,0.0768,730.9
oov@10k,oov@10k,347821,159668,8,5.353,0.006,0.029,0.046,0.003,0.0732,-0.1702,0.0925,770.4
oov@10k,oov@10k,347821,159668,9,5.313,0.003,0.028,0.052,0.005,0.0843,-0.1773,0.1172,827.4
oov@10k,oov@10k,347821,159668,10,5.2651,0.003,0.032,0.055,0.0076,0.0963,-0.186,0.1419,775.0
oov@10k,oov@10k,347821,159668,11,5.2226,0.006,0.033,0.057,0.0086,0.1076,-0.1913,0.1713,799.9
oov@10k,oov@10k,347821,159668,12,5.1744,0.008,0.033,0.065,0.0072,0.1179,-0.1929,0.2141,818.2
oov@10k,oov@10k,347821,159668,13,5.1278,0.005,0.032,0.071,0.0074,0.1272,-0.1921,0.2109,783.6
oov@10k,oov@10k,347821,159668,14,5.0951,0.007,0.039,0.066,0.0082,0.1362,-0.1918,0.2176,718.8
oov@10k,oov@10k,347821,159668,15,5.0439,0.011,0.041,0.078,0.0082,0.1431,-0.1925,0.2198,682.5
oov@10k,oov@10k,347821,159668,16,5.0136,0.012,0.042,0.078,0.0092,0.1505,-0.1926,0.2372,695.2
oov@10k,oov@10k,347821,159668,17,4.9858,0.008,0.048,0.092,0.0078,0.1566,-0.1903,0.267,696.3
oov@10k,oov@10k,347821,159668,18,4.9633,0.013,0.049,0.098,0.0086,0.162,-0.1878,0.2559,650.2
oov@10k,oov@10k,347821,159668,19,4.9253,0.016,0.053,0.103,0.0088,0.1675,-0.1872,0.2759,680.3
oov@10k,oov@10k,347821,159668,20,4.8966,0.018,0.056,0.106,0.0104,0.1723,-0.1854,0.2906,673.3
oov@10k,oov@10k,347821,159668,21,4.8691,0.015,0.063,0.11,0.0104,0.1767,-0.1841,0.2844,688.0
oov@10k,oov@10k,347821,159668,22,4.8527,0.019,0.059,0.12,0.0098,0.1801,-0.1802,0.344,662.3
oov@10k,oov@10k,347821,159668,23,4.8238,0.019,0.066,0.116,0.011,0.184,-0.1804,0.3091,670.0
oov@10k,oov@10k,347821,159668,24,4.7999,0.016,0.059,0.124,0.0118,0.1884,-0.1796,0.3293,692.5
oov@10k,oov@10k,347821,159668,25,4.7939,0.018,0.075,0.13,0.0112,0.191,-0.1761,0.3363,676.6
oov@10k,oov@10k,347821,159668,26,4.7607,0.02,0.071,0.136,0.0126,0.1943,-0.1759,0.331,700.3
oov@10k,oov@10k,347821,159668,27,4.7446,0.02,0.075,0.13,0.0132,0.196,-0.1729,0.3513,693.0
slow5@10k,slow5@10k,338953,159668,0,5.6325,0.0,0.004,0.014,0.0018,0.0008,-0.0089,0.0153,707.0
slow5@10k,slow5@10k,338953,159668,1,5.6078,0.004,0.019,0.027,0.0026,0.0075,-0.0213,0.0302,660.2
slow5@10k,slow5@10k,338953,159668,2,5.559,0.002,0.015,0.032,0.0016,0.0215,-0.0499,0.0465,637.6
slow5@10k,slow5@10k,338953,159668,3,5.5132,0.004,0.017,0.042,0.002,0.0334,-0.0803,0.0531,623.9
slow5@10k,slow5@10k,338953,159668,4,5.4754,0.004,0.017,0.036,0.003,0.0428,-0.105,0.0571,629.4
spider@10k,spider@10k,956503,159668,0,5.569,0.001,0.005,0.01,0.0018,0.0011,-0.0598,,499.9
spider@10k,spider@10k,956503,159668,1,5.5388,0.004,0.021,0.038,0.003,0.013,-0.1029,,445.9
spider@10k,spider@10k,956503,159668,2,5.4498,0.006,0.032,0.057,0.0066,0.0479,-0.1878,,435.9
spider@10k,spider@10k,956503,159668,3,5.3265,0.012,0.056,0.101,0.0142,0.0852,-0.2143,,428.5
spider@10k,spider@10k,956503,159668,4,5.1711,0.023,0.087,0.139,0.0209,0.1201,-0.2394,,436.3
spider@10k,spider@10k,956503,159668,5,5.0296,0.032,0.108,0.177,0.0241,0.1477,-0.2583,,424.6
spider@10k,spider@10k,956503,159668,6,4.9217,0.041,0.123,0.206,0.0305,0.1695,-0.2733,,437.0
spider@10k,spider@10k,956503,159668,7,4.8394,0.051,0.141,0.225,0.0347,0.1895,-0.2839,,413.5
spider@10k,spider@10k,956503,159668,8,4.7381,0.039,0.156,0.244,0.0373,0.2106,-0.2894,,436.6
spider@10k,spider@10k,956503,159668,9,4.6374,0.045,0.179,0.283,0.0429,0.2331,-0.2874,,428.8
spider@10k,spider@10k,956503,159668,10,4.5469,0.052,0.188,0.292,0.0459,0.2542,-0.2842,,408.2
spider@10k,spider@10k,956503,159668,11,4.4478,0.051,0.178,0.298,0.051,0.275,-0.2818,,422.7
spider@10k,spider@10k,956503,159668,12,4.3625,0.056,0.197,0.319,0.0512,0.2933,-0.2794,,423.2
spider@10k,spider@10k,956503,159668,13,4.2712,0.057,0.217,0.331,0.0566,0.3106,-0.276,,455.5
spider@10k,spider@10k,956503,159668,14,4.1773,0.062,0.23,0.342,0.0572,0.3275,-0.273,,435.4
spider@10k,spider@10k,956503,159668,15,4.1404,0.067,0.235,0.374,0.06,0.3416,-0.2693,,407.0
spider@10k,spider@10k,956503,159668,16,4.0462,0.075,0.247,0.384,0.063,0.3561,-0.2653,,414.0
spider@10k,spider@10k,956503,159668,17,3.989,0.064,0.27,0.407,0.0704,0.3696,-0.2606,,420.9
spider@10k,spider@10k,956503,159668,18,3.8981,0.07,0.275,0.413,0.0702,0.3832,-0.2558,,389.8
spider@10k,spider@10k,956503,159668,19,3.8371,0.073,0.293,0.433,0.072,0.3947,-0.2532,,398.8
spider@10k,spider@10k,956503,159668,20,3.7654,0.081,0.292,0.445,0.0806,0.4056,-0.2494,,412.3
spider@10k,spider@10k,956503,159668,21,3.7158,0.089,0.308,0.465,0.0828,0.4148,-0.2465,,420.8
spider@10k,spider@10k,956503,159668,22,3.6656,0.105,0.307,0.468,0.0853,0.4234,-0.2436,,408.8
spider@10k,spider@10k,956503,159668,23,3.6031,0.11,0.331,0.488,0.0869,0.4313,-0.2408,,404.5
spider@10k,spider@10k,956503,159668,24,3.5621,0.119,0.345,0.489,0.0923,0.4379,-0.2382,,415.1
spider@10k,spider@10k,956503,159668,25,3.5018,0.125,0.333,0.496,0.0923,0.4448,-0.2362,,407.7
spider@10k,spider@10k,956503,159668,26,3.4847,0.125,0.355,0.496,0.0943,0.4506,-0.2334,,426.8
spider@10k,spider@10k,956503,159668,27,3.4325,0.126,0.368,0.514,0.0933,0.4563,-0.2313,,414.5
spider@10k,spider@10k,956503,159668,28,3.3921,0.13,0.363,0.503,0.1007,0.4608,-0.23,,391.1
spider@10k,spider@10k,956503,159668,29,3.3824,0.136,0.357,0.508,0.0997,0.4645,-0.2284,,422.5
temp03@10k,temp03@10k,338953,159668,0,5.631,0.003,0.013,0.028,0.0036,0.0011,-0.004,0.0214,646.7
temp03@10k,temp03@10k,338953,159668,1,5.587,0.002,0.012,0.024,0.0034,0.0086,-0.0192,0.0574,616.7
temp03@10k,temp03@10k,338953,159668,2,5.5273,0.004,0.017,0.033,0.0036,0.016,-0.0339,0.0787,561.0
temp03@10k,temp03@10k,338953,159668,3,5.4903,0.005,0.022,0.045,0.0028,0.0199,-0.0444,0.0887,560.2
temp03@10k,temp03@10k,338953,159668,4,5.4529,0.005,0.025,0.045,0.0032,0.0246,-0.0589,0.0975,563.9
temp03@10k,temp03@10k,338953,159668,5,5.42,0.004,0.023,0.041,0.0028,0.03,-0.076,0.111,557.8
temp03@10k,temp03@10k,338953,159668,6,5.3718,0.007,0.027,0.05,0.0034,0.0361,-0.0886,0.1334,560.4
temp03@10k,temp03@10k,338953,159668,7,5.3241,0.007,0.023,0.049,0.0034,0.0428,-0.1015,0.1479,568.9
temp03@10k,temp03@10k,338953,159668,8,5.2817,0.008,0.027,0.05,0.005,0.0497,-0.1018,0.1931,541.1
temp03@10k,temp03@10k,338953,159668,9,5.2304,0.007,0.026,0.057,0.0048,0.0572,-0.1064,0.216,545.4
temp03@10k,temp03@10k,338953,159668,10,5.184,0.006,0.027,0.061,0.0038,0.0652,-0.1094,0.2547,556.6
temp03@10k,temp03@10k,338953,159668,11,5.1281,0.007,0.035,0.082,0.0056,0.0724,-0.1102,0.2367,525.9
temp03@10k,temp03@10k,338953,159668,12,5.0818,0.006,0.05,0.09,0.0066,0.0791,-0.1116,0.2953,549.7
temp03@10k,temp03@10k,338953,159668,13,5.0384,0.012,0.051,0.091,0.0076,0.0856,-0.1136,0.3295,528.7
temp03@10k,temp03@10k,338953,159668,14,4.9866,0.014,0.061,0.103,0.0082,0.0921,-0.1135,0.3293,541.4
temp03@10k,temp03@10k,338953,159668,15,4.9394,0.014,0.057,0.106,0.0082,0.0989,-0.1162,0.3466,549.1
temp03@10k,temp03@10k,338953,159668,16,4.891,0.019,0.059,0.106,0.0074,0.1053,-0.1162,0.3762,535.2
temp03@10k,temp03@10k,338953,159668,17,4.8534,0.019,0.062,0.103,0.01,0.1096,-0.1157,0.3678,546.1
temp03@10k,temp03@10k,338953,159668,18,4.8212,0.019,0.067,0.118,0.0106,0.1144,-0.1162,0.377,534.1
temp03@10k,temp03@10k,338953,159668,19,4.7849,0.019,0.066,0.121,0.0118,0.1187,-0.1175,0.4097,548.7
temp03@10k,temp03@10k,338953,159668,20,4.7444,0.021,0.077,0.125,0.0104,0.1233,-0.1177,0.4188,535.8
temp03@10k,temp03@10k,338953,159668,21,4.7138,0.026,0.08,0.135,0.013,0.127,-0.1181,0.4293,544.8
temp03@10k,temp03@10k,338953,159668,22,4.6865,0.023,0.08,0.132,0.0146,0.1311,-0.1203,0.4233,533.6
temp03@10k,temp03@10k,338953,159668,23,4.6553,0.022,0.085,0.14,0.0152,0.1333,-0.1202,0.4284,534.9
temp03@10k,temp03@10k,338953,159668,24,4.6333,0.023,0.081,0.146,0.0164,0.1374,-0.1208,0.4655,543.4
temp03@10k,temp03@10k,338953,159668,25,4.6052,0.019,0.08,0.156,0.0177,0.1408,-0.1213,0.4542,523.8
temp03@10k,temp03@10k,338953,159668,26,4.5721,0.023,0.089,0.165,0.0156,0.144,-0.1204,0.4918,551.0
temp03@10k,temp03@10k,338953,159668,27,4.5457,0.025,0.089,0.154,0.0175,0.1468,-0.1223,0.4798,538.8
temp03@10k,temp03@10k,338953,159668,28,4.5264,0.025,0.094,0.159,0.0166,0.15,-0.1244,0.4582,547.8
temp03@10k,temp03@10k,338953,159668,29,4.5029,0.029,0.094,0.173,0.0177,0.1511,-0.1227,0.5599,554.1
temp05@10k,temp05@10k,338953,159668,0,5.6321,0.003,0.011,0.017,0.0026,0.0009,-0.0062,0.017,637.8
temp05@10k,temp05@10k,338953,159668,1,5.6007,0.003,0.016,0.026,0.0022,0.0084,-0.0204,0.0391,607.6
temp05@10k,temp05@10k,338953,159668,2,5.5448,0.004,0.014,0.026,0.0024,0.0203,-0.0444,0.0572,578.9
temp05@10k,temp05@10k,338953,159668,3,5.5035,0.005,0.018,0.044,0.0026,0.028,-0.0646,0.0646,561.0
temp05@10k,temp05@10k,338953,159668,4,5.4677,0.001,0.018,0.039,0.0022,0.0346,-0.0852,0.0704,560.3
temp05@10k,temp05@10k,338953,159668,5,5.4405,0.005,0.022,0.046,0.003,0.0412,-0.1022,0.0779,551.9
temp05@10k,temp05@10k,338953,159668,6,5.3942,0.005,0.025,0.044,0.0032,0.0503,-0.125,0.094,559.1
temp05@10k,temp05@10k,338953,159668,7,5.3399,0.005,0.029,0.056,0.0038,0.0614,-0.1467,0.119,562.3
temp05@10k,temp05@10k,338953,159668,8,5.2887,0.011,0.032,0.062,0.0054,0.0735,-0.1467,0.1623,536.4
temp05@10k,temp05@10k,338953,159668,9,5.2217,0.006,0.037,0.062,0.0052,0.0874,-0.1578,0.2115,546.1
temp05@10k,temp05@10k,338953,159668,10,5.1686,0.014,0.042,0.077,0.0054,0.0983,-0.1574,0.2201,549.1
temp05@10k,temp05@10k,338953,159668,11,5.11,0.007,0.048,0.085,0.0066,0.108,-0.1543,0.2425,541.9
temp05@10k,temp05@10k,338953,159668,12,5.0602,0.003,0.043,0.09,0.0076,0.1189,-0.157,0.2785,558.9
temp05@10k,temp05@10k,338953,159668,13,5.0141,0.011,0.048,0.095,0.0076,0.1262,-0.154,0.2826,536.9
temp05@10k,temp05@10k,338953,159668,14,4.9648,0.014,0.054,0.097,0.0082,0.1346,-0.154,0.2868,544.1
temp05@10k,temp05@10k,338953,159668,15,4.9239,0.01,0.052,0.099,0.0076,0.1421,-0.1537,0.2973,550.7
temp05@10k,temp05@10k,338953,159668,16,4.883,0.017,0.054,0.095,0.0088,0.1494,-0.155,0.3289,547.7
temp05@10k,temp05@10k,338953,159668,17,4.849,0.016,0.062,0.113,0.0088,0.1545,-0.1557,0.3191,555.1
temp05@10k,temp05@10k,338953,159668,18,4.8222,0.014,0.062,0.115,0.0122,0.16,-0.1551,0.3319,541.5
temp05@10k,temp05@10k,338953,159668,19,4.7926,0.022,0.065,0.13,0.0112,0.1647,-0.1538,0.3781,558.1
temp05@10k,temp05@10k,338953,159668,20,4.7582,0.021,0.069,0.126,0.0126,0.1695,-0.1536,0.3885,542.7
temp05@10k,temp05@10k,338953,159668,21,4.7356,0.018,0.077,0.137,0.0136,0.1735,-0.1534,0.3815,539.2
temp05@10k,temp05@10k,338953,159668,22,4.703,0.02,0.075,0.131,0.0136,0.1776,-0.1541,0.3685,535.2
temp05@10k,temp05@10k,338953,159668,23,4.6814,0.018,0.085,0.135,0.0156,0.1807,-0.1536,0.3825,530.7
temp05@10k,temp05@10k,338953,159668,24,4.6553,0.017,0.077,0.144,0.016,0.1841,-0.1524,0.4266,558.5
temp05@10k,temp05@10k,338953,159668,25,4.6374,0.02,0.075,0.137,0.016,0.1883,-0.1534,0.4217,538.2
temp05@10k,temp05@10k,338953,159668,26,4.6086,0.02,0.089,0.145,0.015,0.1916,-0.1515,0.4271,543.5
temp05@10k,temp05@10k,338953,159668,27,4.5873,0.016,0.091,0.151,0.016,0.1945,-0.1527,0.4179,541.5
temp05@10k,temp05@10k,338953,159668,28,4.5714,0.022,0.091,0.143,0.0166,0.197,-0.1526,0.4431,529.8
temp05@10k,temp05@10k,338953,159668,29,4.543,0.025,0.096,0.159,0.0187,0.1994,-0.1507,0.4634,543.1
temp10@10k,temp10@10k,338953,159668,0,5.6327,0.0,0.009,0.014,0.002,0.0008,-0.0105,0.0144,658.3
temp10@10k,temp10@10k,338953,159668,1,5.6121,0.002,0.01,0.02,0.0018,0.007,-0.0226,0.0242,597.6
temp10@10k,temp10@10k,338953,159668,2,5.5715,0.004,0.016,0.027,0.0012,0.0219,-0.0485,0.0373,623.4
temp10@10k,temp10@10k,338953,159668,3,5.5276,0.005,0.021,0.037,0.002,0.0367,-0.0807,0.0433,561.9
temp10@10k,temp10@10k,338953,159668,4,5.4906,0.004,0.023,0.04,0.0004,0.0485,-0.1082,0.0454,560.2
temp10@10k,temp10@10k,338953,159668,5,5.4673,0.005,0.025,0.048,0.0034,0.0577,-0.1346,0.0484,563.0
temp10@10k,temp10@10k,338953,159668,6,5.436,0.007,0.028,0.053,0.0026,0.0671,-0.1618,0.0547,555.1
temp10@10k,temp10@10k,338953,159668,7,5.4061,0.008,0.025,0.053,0.0042,0.0757,-0.1848,0.0642,566.2
temp10@10k,temp10@10k,338953,159668,8,5.3785,0.006,0.028,0.058,0.004,0.0861,-0.2007,0.0749,535.3
temp10@10k,temp10@10k,338953,159668,9,5.3379,0.004,0.03,0.066,0.0048,0.0964,-0.2134,0.1175,562.8
temp10@10k,temp10@10k,338953,159668,10,5.3062,0.008,0.04,0.064,0.0058,0.106,-0.219,0.1203,541.9
temp10@10k,temp10@10k,338953,159668,11,5.2705,0.013,0.038,0.066,0.0066,0.1152,-0.2209,0.1194,545.4
temp10@10k,temp10@10k,338953,159668,12,5.2344,0.009,0.041,0.067,0.0066,0.1245,-0.2228,0.1358,542.1
temp10@10k,temp10@10k,338953,159668,13,5.2033,0.008,0.046,0.075,0.0086,0.1333,-0.2219,0.1546,533.5
temp10@10k,temp10@10k,338953,159668,14,5.1661,0.009,0.05,0.088,0.0084,0.1412,-0.2194,0.1552,530.9
temp10@10k,temp10@10k,338953,159668,15,5.1454,0.008,0.059,0.091,0.0078,0.1491,-0.2177,0.1712,548.5
temp10@10k,temp10@10k,338953,159668,16,5.1068,0.006,0.057,0.094,0.0066,0.1569,-0.2152,0.1798,553.1
temp10@10k,temp10@10k,338953,159668,17,5.0833,0.01,0.058,0.103,0.009,0.1639,-0.2117,0.1956,546.3
temp10@10k,temp10@10k,338953,159668,18,5.0479,0.014,0.05,0.099,0.0084,0.1699,-0.2092,0.2046,587.4
temp10@10k,temp10@10k,338953,159668,19,5.0293,0.011,0.046,0.099,0.0082,0.1759,-0.2067,0.2218,555.3
temp10@10k,temp10@10k,338953,159668,20,5.0035,0.008,0.067,0.104,0.0084,0.1816,-0.2048,0.2381,543.9
temp10@10k,temp10@10k,338953,159668,21,4.9815,0.013,0.053,0.111,0.0078,0.1858,-0.202,0.2632,561.2
temp10@10k,temp10@10k,338953,159668,22,4.9525,0.011,0.06,0.11,0.0114,0.1902,-0.1984,0.2448,546.2
temp10@10k,temp10@10k,338953,159668,23,4.9424,0.014,0.062,0.118,0.01,0.1946,-0.1972,0.287,553.7
temp10@10k,temp10@10k,338953,159668,24,4.9136,0.015,0.067,0.118,0.0098,0.1979,-0.1953,0.2715,549.1
temp10@10k,temp10@10k,338953,159668,25,4.9055,0.013,0.074,0.129,0.01,0.2015,-0.1914,0.2615,527.3
temp10@10k,temp10@10k,338953,159668,26,4.8797,0.016,0.077,0.129,0.0098,0.2049,-0.1905,0.2623,554.6
temp10@10k,temp10@10k,338953,159668,27,4.8599,0.015,0.079,0.13,0.0126,0.2086,-0.1907,0.2871,531.6
temp10@10k,temp10@10k,338953,159668,28,4.8494,0.016,0.078,0.132,0.0124,0.2113,-0.1874,0.2743,523.9
temp10@10k,temp10@10k,338953,159668,29,4.8224,0.016,0.079,0.139,0.0098,0.214,-0.1846,0.2797,567.2
v16@10k,v16@10k,338953,243152,0,5.6282,0.003,0.011,0.021,0.0016,0.0054,-0.0156,0.0447,100.3
v16@10k,v16@10k,338953,243152,1,5.5866,0.002,0.009,0.016,0.0012,0.0179,-0.0432,0.0533,98.1
v16@10k,v16@10k,338953,243152,2,5.5476,0.002,0.005,0.014,0.0024,0.0287,-0.0571,0.0565,94.6
v16@10k,v16@10k,338953,243152,3,5.5208,0.002,0.008,0.018,0.001,0.0344,-0.0649,0.0554,95.5
v16@10k,v16@10k,338953,243152,4,5.4995,0.002,0.013,0.026,0.003,0.0403,-0.082,0.0576,95.4
v16@10k,v16@10k,338953,243152,5,5.4696,0.003,0.016,0.033,0.0024,0.0471,-0.1021,0.0634,98.1
v16@10k,v16@10k,338953,243152,6,5.4323,0.002,0.019,0.039,0.0034,0.054,-0.1235,0.0746,101.6
v16@10k,v16@10k,338953,243152,7,5.3989,0.006,0.023,0.04,0.0032,0.0614,-0.1388,0.0871,104.0
v16@10k,v16@10k,338953,243152,8,5.3594,0.004,0.025,0.047,0.0044,0.0701,-0.1538,0.1255,101.0
v16@10k,v16@10k,338953,243152,9,5.3286,0.001,0.026,0.051,0.005,0.0777,-0.1627,0.1625,99.4
v16@10k,v16@10k,338953,243152,10,5.2987,0.002,0.04,0.063,0.0054,0.0851,-0.1744,0.2065,99.5
v16@10k,v16@10k,338953,243152,11,5.2613,0.007,0.044,0.076,0.0062,0.094,-0.1848,0.2313,97.3
v16@10k,v16@10k,338953,243152,12,5.2376,0.008,0.043,0.079,0.0076,0.0999,-0.195,0.2939,96.6
v16@10k,v16@10k,338953,243152,13,5.2024,0.006,0.039,0.075,0.007,0.1082,-0.2014,0.2877,94.7
v16@10k,v16@10k,338953,243152,14,5.1721,0.006,0.037,0.081,0.0046,0.1146,-0.2087,0.2935,102.0
v16@10k,v16@10k,338953,243152,15,5.1485,0.008,0.048,0.082,0.007,0.1208,-0.213,0.3069,100.0
v16@10k,v16@10k,338953,243152,16,5.1221,0.011,0.042,0.086,0.0062,0.1258,-0.2177,0.3078,104.8
v16@10k,v16@10k,338953,243152,17,5.0894,0.008,0.041,0.079,0.0074,0.1324,-0.2233,0.3337,108.6
v16@10k,v16@10k,338953,243152,18,5.0709,0.014,0.049,0.087,0.0084,0.1375,-0.2222,0.3549,106.5
v16@10k,v16@10k,338953,243152,19,5.0429,0.013,0.058,0.098,0.0092,0.1419,-0.2282,0.3283,98.9
v16@10k,v16@10k,338953,243152,20,5.0193,0.011,0.057,0.109,0.0082,0.147,-0.2279,0.3554,92.9
v16@10k,v16@10k,338953,243152,21,5.0014,0.017,0.066,0.115,0.0096,0.151,-0.2296,0.39,102.5
v16@10k,v16@10k,338953,243152,22,4.9694,0.012,0.068,0.112,0.0094,0.1553,-0.2328,0.3897,101.0
v16@10k,v16@10k,338953,243152,23,4.9606,0.019,0.07,0.127,0.0096,0.1577,-0.2305,0.3899,106.7
v16@10k,v16@10k,338953,243152,24,4.9358,0.019,0.074,0.123,0.0104,0.1621,-0.2312,0.4068,101.1
v16@10k,v16@10k,338953,243152,25,4.9212,0.015,0.068,0.128,0.0096,0.1651,-0.2355,0.3765,103.4
v16@10k,v16@10k,338953,243152,26,4.8997,0.015,0.079,0.136,0.0112,0.1685,-0.2352,0.4073,95.7
v16@10k,v16@10k,338953,243152,27,4.8889,0.018,0.078,0.133,0.012,0.1708,-0.2364,0.4266,94.6
v16@10k,v16@10k,338953,243152,28,4.8698,0.023,0.085,0.133,0.013,0.1747,-0.2369,0.3965,96.5
v16@10k,v16@10k,338953,243152,29,4.8442,0.013,0.084,0.137,0.0106,0.1779,-0.2389,0.4469,102.7
v2@10k,v2@10k,338953,145754,0,5.633,0.001,0.005,0.011,0.0012,0.0003,-0.0084,0.0138,78.9
v2@10k,v2@10k,338953,145754,1,5.6156,0.001,0.008,0.017,0.001,0.0032,-0.0162,0.0218,83.9
v2@10k,v2@10k,338953,145754,2,5.5859,0.004,0.013,0.032,0.0018,0.0107,-0.0341,0.0335,76.8
v2@10k,v2@10k,338953,145754,3,5.5445,0.001,0.006,0.023,0.0018,0.0211,-0.0573,0.0408,74.7
v2@10k,v2@10k,338953,145754,4,5.5042,0.003,0.015,0.031,0.0026,0.0299,-0.0787,0.0451,78.8
v2@10k,v2@10k,338953,145754,5,5.4772,0.003,0.016,0.026,0.0022,0.0366,-0.1014,0.05,77.6
v2@10k,v2@10k,338953,145754,6,5.4507,0.004,0.019,0.034,0.0032,0.0427,-0.1247,0.0508,76.6
v2@10k,v2@10k,338953,145754,7,5.4285,0.005,0.023,0.038,0.002,0.0493,-0.136,0.056,76.0
v2@10k,v2@10k,338953,145754,8,5.4037,0.006,0.022,0.039,0.002,0.0552,-0.1452,0.0599,77.2
v2@10k,v2@10k,338953,145754,9,5.3789,0.005,0.024,0.046,0.0026,0.0619,-0.1548,0.0704,77.8
v2@10k,v2@10k,338953,145754,10,5.3539,0.003,0.02,0.045,0.0026,0.0686,-0.1663,0.0806,78.0
v2@10k,v2@10k,338953,145754,11,5.325,0.003,0.026,0.053,0.0022,0.0761,-0.1738,0.0993,75.2
v2@10k,v2@10k,338953,145754,12,5.3007,0.004,0.034,0.06,0.0032,0.0835,-0.1806,0.0974,77.3
v2@10k,v2@10k,338953,145754,13,5.2741,0.003,0.034,0.058,0.0036,0.0906,-0.1857,0.1132,75.8
v2@10k,v2@10k,338953,145754,14,5.2421,0.003,0.034,0.06,0.0036,0.0982,-0.1908,0.1181,78.2
v2@10k,v2@10k,338953,145754,15,5.2172,0.008,0.038,0.074,0.0028,0.1048,-0.1956,0.1233,77.3
v2@10k,v2@10k,338953,145754,16,5.1883,0.008,0.038,0.073,0.0032,0.1115,-0.1993,0.1385,78.8
v2@10k,v2@10k,338953,145754,17,5.1655,0.013,0.044,0.073,0.0038,0.1182,-0.2031,0.1486,78.3
v2@10k,v2@10k,338953,145754,18,5.1364,0.01,0.043,0.084,0.0042,0.1249,-0.2096,0.1509,94.5
v2@10k,v2@10k,338953,145754,19,5.1146,0.009,0.045,0.091,0.005,0.1311,-0.2081,0.1567,93.8
v2@10k,v2@10k,338953,145754,20,5.0904,0.011,0.039,0.086,0.0058,0.1371,-0.2125,0.1667,85.2
v2@10k,v2@10k,338953,145754,21,5.0677,0.014,0.052,0.084,0.0054,0.1425,-0.2126,0.1696,88.6
v2@10k,v2@10k,338953,145754,22,5.045,0.014,0.046,0.088,0.0072,0.1485,-0.2123,0.2055,85.1
v2@10k,v2@10k,338953,145754,23,5.0148,0.013,0.052,0.088,0.0074,0.1542,-0.2145,0.1879,80.5
v2@10k,v2@10k,338953,145754,24,4.9953,0.009,0.049,0.103,0.0082,0.1594,-0.2155,0.2,77.7
v2@10k,v2@10k,338953,145754,25,4.9616,0.01,0.05,0.1,0.0078,0.1646,-0.2174,0.2012,78.6
v2@10k,v2@10k,338953,145754,26,4.948,0.012,0.053,0.11,0.0088,0.1694,-0.2156,0.2141,81.4
v2@10k,v2@10k,338953,145754,27,4.9334,0.014,0.063,0.109,0.0092,0.174,-0.2151,0.2312,79.5
v2@10k,v2@10k,338953,145754,28,4.9099,0.01,0.057,0.109,0.0094,0.1782,-0.2188,0.2236,82.0
v2@10k,v2@10k,338953,145754,29,4.8909,0.012,0.064,0.123,0.0094,0.1824,-0.2173,0.2636,76.9
v4@10k,v4@10k,338953,159668,0,5.6325,0.0,0.003,0.014,0.0018,0.0008,-0.0089,0.0153,85.1
v4@10k,v4@10k,338953,159668,1,5.6078,0.003,0.02,0.027,0.0026,0.0075,-0.0213,0.0302,89.5
v4@10k,v4@10k,338953,159668,2,5.559,0.003,0.013,0.03,0.0014,0.0215,-0.05,0.0465,78.4
v4@10k,v4@10k,338953,159668,3,5.5136,0.003,0.015,0.039,0.0016,0.0333,-0.0804,0.053,77.8
v4@10k,v4@10k,338953,159668,4,5.4764,0.003,0.015,0.037,0.0032,0.0425,-0.106,0.0569,76.7
v4@10k,v4@10k,338953,159668,5,5.4508,0.004,0.022,0.042,0.003,0.0502,-0.1231,0.0624,77.3
v4@10k,v4@10k,338953,159668,6,5.4128,0.004,0.022,0.045,0.004,0.0593,-0.1422,0.0745,78.8
v4@10k,v4@10k,338953,159668,7,5.3703,0.006,0.025,0.052,0.0036,0.0697,-0.1672,0.0913,76.1
v4@10k,v4@10k,338953,159668,8,5.3284,0.008,0.03,0.053,0.0052,0.0821,-0.1741,0.1276,83.8
v4@10k,v4@10k,338953,159668,9,5.2736,0.01,0.035,0.059,0.0056,0.095,-0.1835,0.1459,81.3
v4@10k,v4@10k,338953,159668,10,5.2271,0.006,0.046,0.072,0.0048,0.107,-0.1871,0.1738,80.1
v4@10k,v4@10k,338953,159668,11,5.1725,0.005,0.046,0.079,0.006,0.1188,-0.1863,0.2028,80.1
v4@10k,v4@10k,338953,159668,12,5.1284,0.009,0.039,0.086,0.0058,0.1301,-0.1868,0.2313,80.0
v4@10k,v4@10k,338953,159668,13,5.0873,0.006,0.042,0.082,0.0064,0.1387,-0.1849,0.2358,84.4
v4@10k,v4@10k,338953,159668,14,5.0406,0.009,0.048,0.093,0.0066,0.1475,-0.1811,0.2464,78.4
v4@10k,v4@10k,338953,159668,15,5.0014,0.008,0.047,0.099,0.008,0.1557,-0.1816,0.2688,80.9
v4@10k,v4@10k,338953,159668,16,4.9601,0.01,0.049,0.093,0.0082,0.1642,-0.1821,0.2851,83.1
v4@10k,v4@10k,338953,159668,17,4.9293,0.009,0.058,0.108,0.0096,0.17,-0.1805,0.2796,83.4
v4@10k,v4@10k,338953,159668,18,4.8989,0.014,0.061,0.119,0.0102,0.1765,-0.1799,0.2859,81.9
v4@10k,v4@10k,338953,159668,19,4.8737,0.015,0.06,0.112,0.0104,0.1819,-0.1787,0.3233,87.6
v4@10k,v4@10k,338953,159668,20,4.8399,0.015,0.062,0.112,0.0108,0.187,-0.1779,0.3238,79.9
v4@10k,v4@10k,338953,159668,21,4.814,0.019,0.064,0.121,0.01,0.1912,-0.1754,0.32,80.4
v4@10k,v4@10k,338953,159668,22,4.7877,0.013,0.063,0.125,0.0106,0.196,-0.1758,0.3333,84.6
v4@10k,v4@10k,338953,159668,23,4.77,0.016,0.077,0.128,0.011,0.199,-0.1745,0.3515,80.8
v4@10k,v4@10k,338953,159668,24,4.7424,0.015,0.069,0.134,0.0106,0.2029,-0.1743,0.3533,74.7
v4@10k,v4@10k,338953,159668,25,4.7254,0.016,0.071,0.13,0.0126,0.2066,-0.1738,0.3797,83.4
v4@10k,v4@10k,338953,159668,26,4.6981,0.015,0.077,0.143,0.013,0.2106,-0.1722,0.3619,85.5
v4@10k,v4@10k,338953,159668,27,4.6779,0.019,0.077,0.14,0.0146,0.2138,-0.1739,0.3743,87.8
v4@10k,v4@10k,338953,159668,28,4.6671,0.019,0.081,0.14,0.0144,0.2161,-0.172,0.3813,83.7
v4@10k,v4@10k,338953,159668,29,4.6346,0.025,0.084,0.139,0.015,0.2193,-0.1702,0.3752,81.5
v8@10k,v8@10k,338953,187496,0,5.631,0.001,0.005,0.014,0.0014,0.0025,-0.0143,0.0209,87.0
v8@10k,v8@10k,338953,187496,1,5.5872,0.001,0.012,0.021,0.0012,0.0195,-0.0516,0.0662,90.4
v8@10k,v8@10k,338953,187496,2,5.5325,0.002,0.016,0.024,0.002,0.0332,-0.0712,0.0754,86.0
v8@10k,v8@10k,338953,187496,3,5.4877,0.001,0.012,0.032,0.0012,0.0427,-0.0869,0.0774,88.7
v8@10k,v8@10k,338953,187496,4,5.4537,0.002,0.019,0.042,0.0022,0.0514,-0.1066,0.08,90.7
v8@10k,v8@10k,338953,187496,5,5.4226,0.006,0.022,0.051,0.0018,0.0586,-0.128,0.0881,87.8
v8@10k,v8@10k,338953,187496,6,5.3797,0.009,0.035,0.063,0.0024,0.068,-0.1478,0.1212,93.9
v8@10k,v8@10k,338953,187496,7,5.3379,0.004,0.038,0.069,0.0034,0.0782,-0.1643,0.1433,90.2
v8@10k,v8@10k,338953,187496,8,5.2951,0.003,0.045,0.073,0.004,0.0886,-0.181,0.1655,88.9
v8@10k,v8@10k,338953,187496,9,5.2559,0.007,0.048,0.082,0.0068,0.0982,-0.1909,0.171,86.9
v8@10k,v8@10k,338953,187496,10,5.2213,0.013,0.06,0.092,0.0074,0.1064,-0.1941,0.1905,84.0
v8@10k,v8@10k,338953,187496,11,5.1775,0.017,0.061,0.095,0.0072,0.1145,-0.1974,0.2141,86.7
v8@10k,v8@10k,338953,187496,12,5.132,0.017,0.064,0.096,0.0072,0.1244,-0.2041,0.2264,86.5
v8@10k,v8@10k,338953,187496,13,5.1023,0.015,0.07,0.103,0.0058,0.1325,-0.2025,0.2507,83.7
v8@10k,v8@10k,338953,187496,14,5.0658,0.016,0.067,0.097,0.007,0.1399,-0.2065,0.2938,86.4
v8@10k,v8@10k,338953,187496,15,5.0222,0.017,0.067,0.109,0.0068,0.1462,-0.2051,0.2874,85.7
v8@10k,v8@10k,338953,187496,16,4.9943,0.013,0.067,0.105,0.0062,0.1512,-0.2057,0.2969,87.7
v8@10k,v8@10k,338953,187496,17,4.9766,0.014,0.068,0.117,0.0076,0.1571,-0.2092,0.3012,88.7
v8@10k,v8@10k,338953,187496,18,4.9377,0.012,0.07,0.116,0.007,0.1623,-0.2105,0.3073,100.4
v8@10k,v8@10k,338953,187496,19,4.9144,0.021,0.078,0.124,0.0082,0.1664,-0.2106,0.3379,92.2
v8@10k,v8@10k,338953,187496,20,4.8886,0.019,0.079,0.13,0.008,0.1713,-0.2099,0.3379,93.4
v8@10k,v8@10k,338953,187496,21,4.8586,0.023,0.079,0.135,0.0088,0.1758,-0.2114,0.3612,90.9
v8@10k,v8@10k,338953,187496,22,4.8272,0.031,0.075,0.135,0.0106,0.1797,-0.212,0.355,84.9
v8@10k,v8@10k,338953,187496,23,4.8163,0.034,0.082,0.136,0.0114,0.1832,-0.2122,0.358,86.6
v8@10k,v8@10k,338953,187496,24,4.8018,0.032,0.086,0.143,0.0116,0.1867,-0.2092,0.3548,85.2
v8@10k,v8@10k,338953,187496,25,4.7683,0.031,0.085,0.152,0.0116,0.1903,-0.2088,0.3805,87.2
v8@10k,v8@10k,338953,187496,26,4.7594,0.029,0.09,0.146,0.012,0.1929,-0.2102,0.3879,93.5
v8@10k,v8@10k,338953,187496,27,4.7473,0.03,0.089,0.147,0.0128,0.1959,-0.2092,0.4026,88.8
v8@10k,v8@10k,338953,187496,28,4.7139,0.026,0.099,0.165,0.0118,0.1981,-0.2081,0.3881,94.7
v8@10k,v8@10k,338953,187496,29,4.7015,0.026,0.095,0.157,0.0124,0.2008,-0.2107,0.4127,91.2
q-vqc10kseed-10393810.out@10k,q-vqc10kseed-10393810.out@10k,338953,159668,0,5.6326,0.002,0.01,0.015,0.001,0.0007,-0.0101,,1056.0
q-vqc10kseed-10393810.out@10k,q-vqc10kseed-10393810.out@10k,338953,159668,1,5.6084,0.003,0.013,0.026,0.0026,0.0074,-0.0207,,1002.8
q-vqc10kseed-10393810.out@10k,q-vqc10kseed-10393810.out@10k,338953,159668,2,5.5593,0.004,0.014,0.034,0.0032,0.0222,-0.0457,,928.8
q-vqc10kseed-10393810.out@10k,q-vqc10kseed-10393810.out@10k,338953,159668,3,5.5117,0.003,0.024,0.039,0.0022,0.0345,-0.0744,,903.7
q-vqc10kseed-10393810.out@10k,q-vqc10kseed-10393810.out@10k,338953,159668,4,5.4728,0.004,0.025,0.039,0.003,0.0451,-0.1038,,902.6
q-vqc10kseed-10393810.out@10k,q-vqc10kseed-10393810.out@10k,338953,159668,5,5.4366,0.004,0.029,0.044,0.0036,0.0551,-0.1313,,891.4
q-vqc10kseed-10393810.out@10k,q-vqc10kseed-10393810.out@10k,338953,159668,6,5.3898,0.007,0.026,0.051,0.0038,0.0654,-0.1515,,901.9
q-vqc10kseed-10393810.out@10k,q-vqc10kseed-10393810.out@10k,338953,159668,7,5.3479,0.008,0.028,0.056,0.0048,0.0748,-0.1664,,962.2
q-vqc10kseed-10393810.out@10k,q-vqc10kseed-10393810.out@10k,338953,159668,8,5.3097,0.01,0.037,0.062,0.0036,0.0844,-0.1756,,921.9
q-vqc10kseed-10393810.out@10k,q-vqc10kseed-10393810.out@10k,338953,159668,9,5.2624,0.012,0.034,0.068,0.0042,0.0947,-0.1825,,920.0
q-vqc10kseed-10393810.out@10k,q-vqc10kseed-10393810.out@10k,338953,159668,10,5.2304,0.01,0.042,0.075,0.0046,0.1033,-0.1844,,907.4
q-vqc10kseed-10393810.out@10k,q-vqc10kseed-10393810.out@10k,338953,159668,11,5.1942,0.009,0.048,0.078,0.004,0.1112,-0.1902,,886.2
q-vqc10kseed-10393810.out@10k,q-vqc10kseed-10393810.out@10k,338953,159668,12,5.16,0.011,0.052,0.087,0.0036,0.1197,-0.1927,,924.3
q-vqc10kseed-10393810.out@10k,q-vqc10kseed-10393810.out@10k,338953,159668,13,5.1304,0.011,0.054,0.091,0.0028,0.1266,-0.1921,,889.1
q-vqc10kseed-10393810.out@10k,q-vqc10kseed-10393810.out@10k,338953,159668,14,5.0962,0.016,0.055,0.093,0.004,0.133,-0.1953,,897.6
q-vqc10kseed-10393810.out@10k,q-vqc10kseed-10393810.out@10k,338953,159668,15,5.0643,0.019,0.06,0.098,0.0046,0.139,-0.1973,,904.4
q-vqc10kseed-10393810.out@10k,q-vqc10kseed-10393810.out@10k,338953,159668,16,5.0375,0.017,0.06,0.106,0.0056,0.1456,-0.197,,876.7
q-vqc10kseed-10393810.out@10k,q-vqc10kseed-10393810.out@10k,338953,159668,17,5.0112,0.018,0.059,0.11,0.0066,0.1501,-0.1973,,908.3
q-vqc10kseed-10393810.out@10k,q-vqc10kseed-10393810.out@10k,338953,159668,18,4.9817,0.02,0.073,0.114,0.0078,0.1557,-0.1994,,958.6
q-vqc10kseed-10393810.out@10k,q-vqc10kseed-10393810.out@10k,338953,159668,19,4.9588,0.016,0.072,0.12,0.0072,0.1608,-0.1997,,948.0
q-vqc10kseed-10393810.out@10k,q-vqc10kseed-10393810.out@10k,338953,159668,20,4.9328,0.017,0.074,0.117,0.0072,0.1658,-0.1989,,950.2
q-vqc10kseed-10393810.out@10k,q-vqc10kseed-10393810.out@10k,338953,159668,21,4.9104,0.019,0.072,0.122,0.008,0.1699,-0.1974,,956.1
q-vqc10kseed-10393810.out@10k,q-vqc10kseed-10393810.out@10k,338953,159668,22,4.8829,0.012,0.075,0.121,0.0076,0.1741,-0.1995,,947.7
q-vqc10kseed-10393810.out@10k,q-vqc10kseed-10393810.out@10k,338953,159668,23,4.8628,0.013,0.082,0.136,0.0086,0.1767,-0.1986,,774.1
q-vqc10kseed-10393810.out@10k,q-vqc10kseed-10393810.out@10k,338953,159668,24,4.8354,0.017,0.088,0.139,0.0088,0.1806,-0.1974,,748.1
q-vqc10kseed-10393810.out@10k,q-vqc10kseed-10393810.out@10k,338953,159668,25,4.8163,0.02,0.08,0.131,0.0086,0.1843,-0.1986,,689.1
q-vqc10kseed-10393810.out@10k,q-vqc10kseed-10393810.out@10k,338953,159668,26,4.7911,0.019,0.083,0.133,0.0088,0.187,-0.1985,,704.5
q-vqc10kseed-10393810.out@10k,q-vqc10kseed-10393810.out@10k,338953,159668,27,4.7825,0.022,0.085,0.138,0.0104,0.1901,-0.195,,689.6
q-vqc10kseed-10393810.out@10k,q-vqc10kseed-10393810.out@10k,338953,159668,28,4.76,0.022,0.082,0.142,0.0114,0.1929,-0.1945,,690.9
q-vqc10kseed-10393810.out@10k,q-vqc10kseed-10393810.out@10k,338953,159668,29,4.7352,0.026,0.084,0.142,0.0126,0.1952,-0.195,,668.3
q-vqc20k-10388460.out,q-vqc20k-10388460.out,479353,159668,0,5.6215,0.003,0.013,0.025,0.002,0.0075,-0.0196,,6783.5
q-vqc20k-10388460.out,q-vqc20k-10388460.out,479353,159668,1,5.537,0.003,0.019,0.034,0.0012,0.0336,-0.0727,,6372.4
q-vqc20k-10388460.out,q-vqc20k-10388460.out,479353,159668,2,5.4646,0.008,0.025,0.053,0.0032,0.0503,-0.1216,,6780.4
q-vqc20k-10388460.out,q-vqc20k-10388460.out,479353,159668,3,5.407,0.008,0.026,0.054,0.004,0.0661,-0.153,,5865.1
q-vqc20k-10388460.out,q-vqc20k-10388460.out,479353,159668,4,5.3363,0.009,0.036,0.071,0.0056,0.0831,-0.1731,,6119.9
q-vqc20k-10388460.out,q-vqc20k-10388460.out,479353,159668,5,5.2645,0.008,0.051,0.088,0.0056,0.1015,-0.1838,,5179.4
q-vqc20k-10388460.out,q-vqc20k-10388460.out,479353,159668,6,5.1956,0.013,0.055,0.098,0.007,0.1182,-0.1905,,5155.5
q-vqc20k-10388460.out,q-vqc20k-10388460.out,479353,159668,7,5.1275,0.012,0.067,0.106,0.0082,0.1326,-0.1958,,5101.5
q-vqc20k-10390587.out,q-vqc20k-10390587.out,479353,159668,0,5.6215,0.003,0.013,0.025,0.002,0.0076,-0.0196,,2151.1
q-vqc20k-10390587.out,q-vqc20k-10390587.out,479353,159668,1,5.537,0.003,0.019,0.034,0.0012,0.0336,-0.0727,,2060.2
q-vqc20k-10390587.out,q-vqc20k-10390587.out,479353,159668,2,5.4646,0.008,0.025,0.053,0.0032,0.0503,-0.1215,,2032.7
q-vqc20k-10390587.out,q-vqc20k-10390587.out,479353,159668,3,5.4071,0.008,0.027,0.054,0.004,0.0661,-0.153,,2049.2
q-vqc20k-10390587.out,q-vqc20k-10390587.out,479353,159668,4,5.3363,0.009,0.036,0.071,0.0056,0.0831,-0.173,,2436.5
q-vqc20k-10390587.out,q-vqc20k-10390587.out,479353,159668,5,5.2644,0.01,0.052,0.089,0.0056,0.1015,-0.1838,,1978.3
q-vqc20k-10390587.out,q-vqc20k-10390587.out,479353,159668,6,5.1956,0.014,0.055,0.101,0.0068,0.1182,-0.1906,,2237.0
q-vqc20k-10390587.out,q-vqc20k-10390587.out,479353,159668,7,5.1275,0.012,0.066,0.109,0.008,0.1326,-0.1959,,2485.0
q-vqc20k-10390587.out,q-vqc20k-10390587.out,479353,159668,8,5.0693,0.021,0.076,0.109,0.008,0.1457,-0.1937,,2753.0
q-vqc20k-10390587.out,q-vqc20k-10390587.out,479353,159668,9,5.0094,0.023,0.068,0.107,0.0096,0.1581,-0.1926,,1978.1
q-vqc20k-10390587.out,q-vqc20k-10390587.out,479353,159668,10,4.9658,0.026,0.068,0.119,0.0118,0.1685,-0.1886,,1993.3
q-vqc20k-10390587.out,q-vqc20k-10390587.out,479353,159668,11,4.9186,0.019,0.076,0.123,0.012,0.1779,-0.1857,,1932.7
q-vqc20k-10390587.out,q-vqc20k-10390587.out,479353,159668,12,4.88,0.022,0.081,0.126,0.0132,0.1874,-0.1858,,2488.4
q-vqc20k-10390587.out,q-vqc20k-10390587.out,479353,159668,13,4.8419,0.022,0.088,0.134,0.0142,0.196,-0.1813,,1996.1
q-vqc20k-10390587.out,q-vqc20k-10390587.out,479353,159668,14,4.7881,0.021,0.084,0.144,0.014,0.204,-0.1806,,2461.7
q-vqc20k-10390587.out,q-vqc20k-10390587.out,479353,159668,15,4.7569,0.023,0.093,0.15,0.0142,0.211,-0.1797,,2058.8
q-vqc20k-10390587.out,q-vqc20k-10390587.out,479353,159668,16,4.7204,0.022,0.084,0.148,0.0148,0.2172,-0.1787,,1902.1
q-vqc20k-10390587.out,q-vqc20k-10390587.out,479353,159668,17,4.6867,0.025,0.086,0.146,0.0156,0.2226,-0.177,,1926.3
q-vqc20k-10390587.out,q-vqc20k-10390587.out,479353,159668,18,4.6603,0.023,0.087,0.15,0.0164,0.2285,-0.178,,2363.0
q-vqc20k-10390587.out,q-vqc20k-10390587.out,479353,159668,19,4.635,0.019,0.101,0.153,0.0173,0.2322,-0.1755,,2460.3
q-vqc20k-10390587.out,q-vqc20k-10390587.out,479353,159668,20,4.6037,0.023,0.102,0.154,0.0187,0.2374,-0.1752,,1903.1
q-vqc20k-10390587.out,q-vqc20k-10390587.out,479353,159668,21,4.5799,0.024,0.09,0.162,0.0171,0.2423,-0.1749,,2475.6
q-vqc20k-10390587.out,q-vqc20k-10390587.out,479353,159668,22,4.5551,0.025,0.102,0.163,0.0203,0.2451,-0.1731,,2469.8
q-vqc20k-10390587.out,q-vqc20k-10390587.out,479353,159668,23,4.535,0.032,0.099,0.177,0.0195,0.2485,-0.1721,,2478.2
q-vqc20k-10390587.out,q-vqc20k-10390587.out,479353,159668,24,4.5135,0.031,0.113,0.179,0.0195,0.252,-0.1717,,2365.4
q-vqc20k-10390587.out,q-vqc20k-10390587.out,479353,159668,25,4.5006,0.032,0.106,0.183,0.0215,0.2542,-0.1702,,2473.4
q-vqc20k-10390587.out,q-vqc20k-10390587.out,479353,159668,26,4.4729,0.033,0.118,0.188,0.0215,0.2576,-0.1707,,2168.6
q-vqc20k-10390587.out,q-vqc20k-10390587.out,479353,159668,27,4.4642,0.029,0.116,0.191,0.0213,0.26,-0.1687,,1917.4
q-vqc20k-10390587.out,q-vqc20k-10390587.out,479353,159668,28,4.4368,0.03,0.117,0.202,0.0223,0.2627,-0.1697,,1960.8
q-vqc20k-10390587.out,q-vqc20k-10390587.out,479353,159668,29,4.4208,0.035,0.122,0.201,0.0209,0.2655,-0.1695,,1942.3
q-vqc20k-10390587.out,q-vqc20k-10390587.out,479353,159668,30,4.4085,0.03,0.131,0.205,0.0229,0.2669,-0.1676,,1968.4
q-vqc20k-10390587.out,q-vqc20k-10390587.out,479353,159668,31,4.3955,0.037,0.131,0.2,0.0249,0.2688,-0.1677,,1941.7
q-vqc20k-10390587.out,q-vqc20k-10390587.out,479353,159668,32,4.3751,0.04,0.131,0.214,0.0251,0.2715,-0.1672,,1969.9
q-vqc20k-10390587.out,q-vqc20k-10390587.out,479353,159668,33,4.3632,0.045,0.138,0.225,0.0259,0.2734,-0.1658,,1949.4
q-vqc20k-10390587.out,q-vqc20k-10390587.out,479353,159668,34,4.3433,0.045,0.14,0.221,0.0267,0.276,-0.1651,,1966.8
q-vqc20k-10390587.out,q-vqc20k-10390587.out,479353,159668,35,4.33,0.044,0.149,0.234,0.0275,0.2773,-0.1642,,1954.8
q-vqc20k-10390587.out,q-vqc20k-10390587.out,479353,159668,36,4.3189,0.053,0.148,0.236,0.0277,0.2792,-0.1639,,1947.1
q-vqc20k-10390587.out,q-vqc20k-10390587.out,479353,159668,37,4.3141,0.047,0.148,0.238,0.0277,0.281,-0.1647,,1942.0
q-vqc20k-10390587.out,q-vqc20k-10390587.out,479353,159668,38,4.2973,0.051,0.149,0.25,0.0285,0.2819,-0.1629,,1985.5
q-vqc20k-10390587.out,q-vqc20k-10390587.out,479353,159668,39,4.2684,0.051,0.154,0.253,0.0289,0.2839,-0.1639,,1942.4
neg,neg,479353,159668,0,6.7508,0.001,0.006,0.011,0.001,0.0,-0.0213,0.109,1514.5
neg,neg,479353,159668,1,6.0747,0.001,0.004,0.011,0.0026,0.0018,-0.0218,0.0393,1473.6
neg,neg,479353,159668,2,5.9515,0.003,0.012,0.019,0.0022,0.0151,-0.0423,0.05,1425.2
neg,neg,479353,159668,3,5.8594,0.003,0.019,0.031,0.004,0.029,-0.052,0.0731,1394.8
neg,neg,479353,159668,4,5.76,0.009,0.028,0.051,0.0054,0.048,-0.0674,0.1126,1325.7
neg,neg,479353,159668,5,5.652,0.008,0.028,0.059,0.0054,0.0666,-0.0745,0.1582,1292.6
neg,neg,479353,159668,6,5.5738,0.006,0.035,0.073,0.008,0.0821,-0.0788,0.1991,1275.9
neg,neg,479353,159668,7,5.4968,0.005,0.036,0.078,0.006,0.0959,-0.0812,0.2223,1276.5
neg,neg,479353,159668,0,0.9911,0.001,0.005,0.01,0.001,0.0001,-0.024,0.0159,3779.1
neg,neg,479353,159668,1,0.9041,0.002,0.008,0.017,0.003,0.0025,-0.0282,0.0105,2920.7
neg,neg,479353,159668,2,0.8758,0.001,0.008,0.021,0.0032,0.0158,-0.059,0.0092,1737.7
neg,neg,479353,159668,3,0.8601,0.005,0.014,0.028,0.0036,0.0342,-0.0722,0.011,1709.0
neg,neg,479353,159668,4,0.8466,0.005,0.017,0.035,0.0042,0.0578,-0.087,0.0155,1692.6
neg,neg,479353,159668,5,0.8329,0.006,0.029,0.053,0.006,0.0786,-0.0954,0.0203,1698.5
neg,neg,479353,159668,6,0.8238,0.005,0.035,0.059,0.0058,0.0963,-0.0994,0.0248,1691.9
spider,bag of words (grammar removed),1329967,159668,0,5.5577,0.002,0.018,0.029,0.003,0.0105,-0.0958,,690.4
spider,bag of words (grammar removed),1329967,159668,1,5.4029,0.016,0.054,0.106,0.0128,0.0867,-0.2131,,648.4
spider,bag of words (grammar removed),1329967,159668,2,5.0999,0.024,0.1,0.179,0.0263,0.1568,-0.2713,,674.3
spider,bag of words (grammar removed),1329967,159668,3,4.8925,0.029,0.139,0.234,0.0289,0.1983,-0.2933,,653.6
spider,bag of words (grammar removed),1329967,159668,4,4.7137,0.052,0.178,0.296,0.0375,0.237,-0.2976,,642.3
spider,bag of words (grammar removed),1329967,159668,5,4.5418,0.066,0.221,0.339,0.0475,0.2838,-0.2873,,649.0
spider,bag of words (grammar removed),1329967,159668,6,4.332,0.071,0.254,0.372,0.0512,0.3281,-0.2774,,653.7
spider,bag of words (grammar removed),1329967,159668,7,4.1581,0.077,0.256,0.408,0.0612,0.3668,-0.2645,,655.3
spider,bag of words (grammar removed),1329967,159668,8,3.991,0.083,0.279,0.43,0.0686,0.3983,-0.2541,,655.5
spider,bag of words (grammar removed),1329967,159668,9,3.8479,0.099,0.301,0.456,0.0762,0.4238,-0.2438,,664.4
spider,bag of words (grammar removed),1329967,159668,10,3.7315,0.109,0.34,0.502,0.0816,0.4439,-0.2349,,638.2
spider,bag of words (grammar removed),1329967,159668,11,3.6342,0.119,0.356,0.511,0.0877,0.46,-0.2285,,658.0
spider,bag of words (grammar removed),1329967,159668,12,3.5347,0.136,0.38,0.517,0.0975,0.4727,-0.2225,,665.5
spider,bag of words (grammar removed),1329967,159668,13,3.4565,0.136,0.388,0.535,0.1035,0.4833,-0.2175,,644.0
spider,bag of words (grammar removed),1329967,159668,14,3.3764,0.149,0.399,0.554,0.1119,0.4929,-0.2119,,638.8
spider,bag of words (grammar removed),1329967,159668,15,3.3265,0.143,0.4,0.558,0.12,0.5002,-0.2089,,657.4
spider,bag of words (grammar removed),1329967,159668,16,3.267,0.162,0.418,0.572,0.1155,0.5065,-0.205,,646.1
spider,bag of words (grammar removed),1329967,159668,17,3.232,0.156,0.396,0.571,0.1206,0.5117,-0.2025,,657.9
spider,bag of words (grammar removed),1329967,159668,18,3.1877,0.169,0.426,0.577,0.1242,0.5164,-0.1996,,652.3
spider,bag of words (grammar removed),1329967,159668,19,3.1339,0.17,0.426,0.576,0.1278,0.5209,-0.1967,,658.4
spider,bag of words (grammar removed),1329967,159668,20,3.0856,0.169,0.428,0.586,0.1316,0.5251,-0.1937,,682.5
spider,bag of words (grammar removed),1329967,159668,21,3.0703,0.161,0.424,0.592,0.1298,0.5301,-0.1898,,639.1
spider,bag of words (grammar removed),1329967,159668,22,3.0183,0.167,0.43,0.61,0.138,0.5337,-0.1871,,642.7
spider,bag of words (grammar removed),1329967,159668,23,3.0083,0.165,0.432,0.608,0.1366,0.5384,-0.1833,,650.2
spider,bag of words (grammar removed),1329967,159668,24,2.9694,0.178,0.45,0.627,0.1434,0.5425,-0.1802,,658.1
spider,bag of words (grammar removed),1329967,159668,25,2.9365,0.191,0.447,0.619,0.1424,0.5467,-0.1769,,626.2
spider,bag of words (grammar removed),1329967,159668,26,2.9132,0.184,0.462,0.621,0.1436,0.5496,-0.1748,,653.9
spider,bag of words (grammar removed),1329967,159668,27,2.8755,0.188,0.463,0.635,0.1438,0.5523,-0.1741,,663.0
spider,bag of words (grammar removed),1329967,159668,28,2.8603,0.185,0.472,0.629,0.141,0.5536,-0.1734,,653.9
spider,bag of words (grammar removed),1329967,159668,29,2.8508,0.191,0.479,0.636,0.1438,0.5561,-0.1711,,646.0
spider,bag of words (grammar removed),1329967,159668,30,2.823,0.202,0.488,0.647,0.1492,0.5571,-0.1703,,652.0
spider,bag of words (grammar removed),1329967,159668,31,2.8112,0.208,0.485,0.648,0.1517,0.5592,-0.1693,,673.3
spider,bag of words (grammar removed),1329967,159668,32,2.7869,0.2,0.497,0.657,0.1533,0.5603,-0.1695,,699.5
spider,bag of words (grammar removed),1329967,159668,33,2.761,0.199,0.493,0.653,0.1533,0.5615,-0.1685,,689.9
spider,bag of words (grammar removed),1329967,159668,34,2.7528,0.205,0.5,0.65,0.1543,0.5634,-0.1674,,712.0
spider,bag of words (grammar removed),1329967,159668,35,2.7414,0.2,0.506,0.657,0.1529,0.5647,-0.1664,,691.3
spider,bag of words (grammar removed),1329967,159668,36,2.7261,0.217,0.506,0.665,0.1549,0.5654,-0.1664,,697.4
spider,bag of words (grammar removed),1329967,159668,37,2.7074,0.207,0.509,0.659,0.1555,0.5668,-0.1654,,670.2
spider,bag of words (grammar removed),1329967,159668,38,2.7061,0.209,0.507,0.67,0.1559,0.5669,-0.1659,,693.3
spider,bag of words (grammar removed),1329967,159668,39,2.675,0.206,0.509,0.69,0.1551,0.5686,-0.1656,,626.6
q-vqc5k-10389785.out,q-vqc5k-10389785.out,244063,159668,0,5.6234,0.001,0.005,0.011,0.0014,0.0001,-0.0059,,885.9
q-vqc5k-10389785.out,q-vqc5k-10389785.out,244063,159668,1,5.6155,0.002,0.007,0.013,0.001,0.0009,-0.0105,,878.4
q-vqc5k-10389785.out,q-vqc5k-10389785.out,244063,159668,2,5.6025,0.003,0.011,0.021,0.0022,0.0034,-0.0159,,844.5
q-vqc5k-10389785.out,q-vqc5k-10389785.out,244063,159668,3,5.582,0.003,0.013,0.022,0.0018,0.0084,-0.0245,,852.9
q-vqc5k-10389785.out,q-vqc5k-10389785.out,244063,159668,4,5.552,0.004,0.013,0.022,0.0022,0.0155,-0.0376,,850.9
q-vqc5k-10389785.out,q-vqc5k-10389785.out,244063,159668,5,5.5281,0.003,0.013,0.025,0.0028,0.0227,-0.0521,,833.7
q-vqc5k-10389785.out,q-vqc5k-10389785.out,244063,159668,6,5.5017,0.003,0.019,0.034,0.0034,0.0286,-0.0645,,843.2
q-vqc5k-10389785.out,q-vqc5k-10389785.out,244063,159668,7,5.483,0.003,0.026,0.047,0.0026,0.0338,-0.0755,,806.3
q-vqc5k-10389785.out,q-vqc5k-10389785.out,244063,159668,8,5.4675,0.004,0.021,0.036,0.0028,0.038,-0.0859,,842.7
q-vqc5k-10389785.out,q-vqc5k-10389785.out,244063,159668,9,5.4494,0.004,0.017,0.037,0.003,0.0425,-0.0999,,845.2
q-vqc5k-10390585.out,q-vqc5k-10390585.out,244063,159668,0,5.6234,0.001,0.005,0.011,0.0014,0.0001,-0.0059,,631.5
q-vqc5k-10390585.out,q-vqc5k-10390585.out,244063,159668,1,5.6155,0.002,0.007,0.013,0.001,0.0009,-0.0105,,566.8
q-vqc5k-10390585.out,q-vqc5k-10390585.out,244063,159668,2,5.6025,0.003,0.011,0.021,0.0022,0.0034,-0.0159,,554.2
q-vqc5k-10390585.out,q-vqc5k-10390585.out,244063,159668,3,5.582,0.003,0.013,0.022,0.0018,0.0084,-0.0245,,538.0
q-vqc5k-10390585.out,q-vqc5k-10390585.out,244063,159668,4,5.552,0.004,0.013,0.022,0.0022,0.0155,-0.0376,,523.3
q-vqc5k-10390585.out,q-vqc5k-10390585.out,244063,159668,5,5.5281,0.003,0.013,0.025,0.0028,0.0227,-0.0521,,507.3
q-vqc5k-10390585.out,q-vqc5k-10390585.out,244063,159668,6,5.5017,0.003,0.019,0.034,0.0034,0.0286,-0.0645,,520.8
q-vqc5k-10390585.out,q-vqc5k-10390585.out,244063,159668,7,5.483,0.003,0.026,0.047,0.0026,0.0338,-0.0755,,535.7
q-vqc5k-10390585.out,q-vqc5k-10390585.out,244063,159668,8,5.4675,0.004,0.021,0.036,0.0028,0.038,-0.0859,,516.4
q-vqc5k-10390585.out,q-vqc5k-10390585.out,244063,159668,9,5.4494,0.004,0.017,0.037,0.003,0.0425,-0.0999,,521.6
q-vqc5k-10390585.out,q-vqc5k-10390585.out,244063,159668,10,5.4291,0.002,0.015,0.036,0.0028,0.0469,-0.117,,517.0
q-vqc5k-10390585.out,q-vqc5k-10390585.out,244063,159668,11,5.416,0.002,0.016,0.033,0.0032,0.0519,-0.1407,,513.6
q-vqc5k-10390585.out,q-vqc5k-10390585.out,244063,159668,12,5.3858,0.002,0.018,0.034,0.0038,0.0569,-0.1518,,530.0
q-vqc5k-10390585.out,q-vqc5k-10390585.out,244063,159668,13,5.3652,0.004,0.018,0.036,0.0038,0.0624,-0.1659,,527.4
q-vqc5k-10390585.out,q-vqc5k-10390585.out,244063,159668,14,5.331,0.003,0.019,0.036,0.003,0.0683,-0.1761,,512.3
q-vqc5k-10390585.out,q-vqc5k-10390585.out,244063,159668,15,5.3174,0.003,0.024,0.052,0.0042,0.0736,-0.1834,,496.8
q-vqc5k-10390585.out,q-vqc5k-10390585.out,244063,159668,16,5.2877,0.003,0.026,0.05,0.0034,0.0789,-0.188,,501.9
q-vqc5k-10390585.out,q-vqc5k-10390585.out,244063,159668,17,5.2677,0.005,0.026,0.052,0.004,0.0845,-0.2004,,495.5
q-vqc5k-10390585.out,q-vqc5k-10390585.out,244063,159668,18,5.238,0.004,0.032,0.064,0.0048,0.0895,-0.2012,,508.3
q-vqc5k-10390585.out,q-vqc5k-10390585.out,244063,159668,19,5.2113,0.003,0.041,0.065,0.005,0.0945,-0.2021,,506.3
q-vqc5k-10390585.out,q-vqc5k-10390585.out,244063,159668,20,5.1914,0.004,0.035,0.066,0.005,0.0993,-0.2046,,498.8
q-vqc5k-10390585.out,q-vqc5k-10390585.out,244063,159668,21,5.1675,0.005,0.034,0.064,0.0068,0.1042,-0.2062,,515.2
q-vqc5k-10390585.out,q-vqc5k-10390585.out,244063,159668,22,5.1415,0.007,0.033,0.066,0.0066,0.1086,-0.2063,,508.4
q-vqc5k-10390585.out,q-vqc5k-10390585.out,244063,159668,23,5.1219,0.008,0.042,0.08,0.0056,0.1133,-0.2079,,499.4
q-vqc5k-10390585.out,q-vqc5k-10390585.out,244063,159668,24,5.0893,0.009,0.045,0.079,0.0062,0.1174,-0.2052,,479.3
q-vqc5k-10390585.out,q-vqc5k-10390585.out,244063,159668,25,5.0826,0.011,0.039,0.077,0.0066,0.1216,-0.2041,,501.9
q-vqc5k-10390585.out,q-vqc5k-10390585.out,244063,159668,26,5.0644,0.01,0.044,0.092,0.0072,0.1251,-0.2042,,506.4
q-vqc5k-10390585.out,q-vqc5k-10390585.out,244063,159668,27,5.03,0.009,0.041,0.087,0.0074,0.1287,-0.2035,,501.9
q-vqc5k-10390585.out,q-vqc5k-10390585.out,244063,159668,28,5.0171,0.011,0.042,0.082,0.0066,0.1332,-0.2054,,514.1
q-vqc5k-10390585.out,q-vqc5k-10390585.out,244063,159668,29,4.9981,0.01,0.055,0.091,0.0076,0.136,-0.2013,,503.1
q-vqcfull-10390588.out,q-vqcfull-10390588.out,1156525,159668,0,5.4564,0.008,0.042,0.077,0.0058,0.1001,-0.1985,,18239.0
q-vqcfull-10390588.out,q-vqcfull-10390588.out,1156525,159668,1,5.0786,0.018,0.076,0.129,0.0122,0.1808,-0.1809,,17460.2
q-vqcfull-10390588.out,q-vqcfull-10390588.out,1156525,159668,2,4.8294,0.03,0.107,0.174,0.0177,0.2202,-0.1643,,17157.1
q-vqcfull-10390588.out,q-vqcfull-10390588.out,1156525,159668,3,4.679,0.032,0.116,0.21,0.0215,0.2437,-0.1561,,19994.9
q-vqcfull-10390588.out,q-vqcfull-10390588.out,1156525,159668,4,4.568,0.043,0.155,0.248,0.0277,0.2624,-0.15,,18841.7
q-vqcfull-10390588.out,q-vqcfull-10390588.out,1156525,159668,5,4.4807,0.04,0.177,0.268,0.0329,0.2777,-0.1457,,17139.6
q-vqcfull-10390588.out,q-vqcfull-10390588.out,1156525,159668,6,4.4029,0.045,0.193,0.292,0.0373,0.2922,-0.1449,,16911.4
q-vqcfull-10390588.out,q-vqcfull-10390588.out,1156525,159668,7,4.3383,0.052,0.201,0.325,0.0399,0.3023,-0.1422,,15910.0
q-vqcfull-10390588.out,q-vqcfull-10390588.out,1156525,159668,8,4.2856,0.057,0.213,0.323,0.0395,0.3113,-0.1399,,15192.8
q-vqcfull-10390588.out,q-vqcfull-10390588.out,1156525,159668,9,4.239,0.059,0.222,0.336,0.0431,0.3193,-0.1379,,13733.6
q-vqcfull-10390588.out,q-vqcfull-10390588.out,1156525,159668,10,4.2037,0.056,0.235,0.344,0.0451,0.3242,-0.1337,,13622.2
q-vqcfull-10390588.out,q-vqcfull-10390588.out,1156525,159668,11,4.1684,0.063,0.22,0.356,0.0504,0.3304,-0.1319,,14043.7
q-vqcfull-10390588.out,q-vqcfull-10390588.out,1156525,159668,12,4.1364,0.072,0.232,0.353,0.0499,0.3357,-0.1294,,14621.2
q-vqcfull-10390588.out,q-vqcfull-10390588.out,1156525,159668,13,4.1097,0.075,0.241,0.36,0.054,0.3401,-0.1282,,15540.8
q-vqcfull-10390588.out,q-vqcfull-10390588.out,1156525,159668,14,4.0839,0.075,0.238,0.379,0.0576,0.3435,-0.1251,,13714.6
q-vqcfull_spider-10393808.out,q-vqcfull_spider-10393808.out,3064447,159668,0,5.0926,0.054,0.192,0.288,0.0512,0.2316,-0.2932,,3575.9
